Datetime,Close,High,Low,Open,Volume
2025-03-13 02:17:00+00:00,67.58999633789062,67.5999984741211,67.58999633789062,67.5999984741211,0.0
2025-03-13 02:18:00+00:00,67.58000183105469,67.5999984741211,67.58000183105469,67.5999984741211,23.0
2025-03-13 02:19:00+00:00,67.58999633789062,67.5999984741211,67.58999633789062,67.58999633789062,10.0
2025-03-13 02:20:00+00:00,67.62000274658203,67.62000274658203,67.58000183105469,67.58000183105469,36.0
2025-03-13 02:21:00+00:00,67.62000274658203,67.62000274658203,67.61000061035156,67.61000061035156,8.0
2025-03-13 02:22:00+00:00,67.62999725341797,67.62999725341797,67.61000061035156,67.61000061035156,28.0
2025-03-13 02:23:00+00:00,67.61000061035156,67.62000274658203,67.61000061035156,67.62000274658203,28.0
2025-03-13 02:24:00+00:00,67.61000061035156,67.62000274658203,67.61000061035156,67.61000061035156,5.0
2025-03-13 02:25:00+00:00,67.62999725341797,67.62999725341797,67.61000061035156,67.61000061035156,44.0
2025-03-13 02:26:00+00:00,67.62999725341797,67.62999725341797,67.62000274658203,67.62999725341797,5.0
2025-03-13 02:27:00+00:00,67.62000274658203,67.62000274658203,67.61000061035156,67.61000061035156,19.0
2025-03-13 02:28:00+00:00,67.62000274658203,67.62000274658203,67.61000061035156,67.61000061035156,5.0
2025-03-13 02:29:00+00:00,67.63999938964844,67.63999938964844,67.62000274658203,67.62000274658203,34.0
2025-03-13 02:30:00+00:00,67.63999938964844,67.63999938964844,67.62999725341797,67.63999938964844,16.0
2025-03-13 02:31:00+00:00,67.63999938964844,67.63999938964844,67.62999725341797,67.63999938964844,9.0
2025-03-13 02:32:00+00:00,67.63999938964844,67.63999938964844,67.63999938964844,67.63999938964844,7.0
2025-03-13 02:33:00+00:00,67.6500015258789,67.6500015258789,67.62999725341797,67.62999725341797,11.0
2025-03-13 02:34:00+00:00,67.66000366210938,67.66999816894531,67.63999938964844,67.6500015258789,20.0
2025-03-13 02:35:00+00:00,67.69999694824219,67.70999908447266,67.66000366210938,67.66000366210938,44.0
2025-03-13 02:36:00+00:00,67.69999694824219,67.70999908447266,67.69000244140625,67.69999694824219,44.0
2025-03-13 02:37:00+00:00,67.69000244140625,67.70999908447266,67.69000244140625,67.69999694824219,16.0
2025-03-13 02:38:00+00:00,67.70999908447266,67.70999908447266,67.69000244140625,67.69000244140625,11.0
2025-03-13 02:39:00+00:00,67.72000122070312,67.7300033569336,67.70999908447266,67.70999908447266,42.0
2025-03-13 02:40:00+00:00,67.72000122070312,67.72000122070312,67.72000122070312,67.72000122070312,11.0
2025-03-13 02:41:00+00:00,67.72000122070312,67.7300033569336,67.72000122070312,67.7300033569336,22.0
2025-03-13 02:42:00+00:00,67.73999786376953,67.75,67.70999908447266,67.70999908447266,110.0
2025-03-13 02:43:00+00:00,67.7300033569336,67.75,67.7300033569336,67.73999786376953,77.0
2025-03-13 02:44:00+00:00,67.7300033569336,67.7300033569336,67.7300033569336,67.7300033569336,17.0
2025-03-13 02:45:00+00:00,67.7300033569336,67.73999786376953,67.7300033569336,67.7300033569336,19.0
2025-03-13 02:46:00+00:00,67.73999786376953,67.73999786376953,67.7300033569336,67.73999786376953,18.0
2025-03-13 02:47:00+00:00,67.73999786376953,67.7699966430664,67.73999786376953,67.75,46.0
2025-03-13 02:48:00+00:00,67.73999786376953,67.75,67.7300033569336,67.73999786376953,29.0
2025-03-13 02:49:00+00:00,67.75,67.75,67.7300033569336,67.7300033569336,17.0
2025-03-13 02:50:00+00:00,67.76000213623047,67.7699966430664,67.73999786376953,67.73999786376953,32.0
2025-03-13 02:51:00+00:00,67.7699966430664,67.7699966430664,67.76000213623047,67.76000213623047,28.0
2025-03-13 02:52:00+00:00,67.75,67.77999877929688,67.75,67.7699966430664,18.0
2025-03-13 02:53:00+00:00,67.73999786376953,67.75,67.73999786376953,67.75,16.0
2025-03-13 02:55:00+00:00,67.73999786376953,67.75,67.69999694824219,67.72000122070312,39.0
2025-03-13 02:56:00+00:00,67.70999908447266,67.73999786376953,67.70999908447266,67.73999786376953,68.0
2025-03-13 02:57:00+00:00,67.70999908447266,67.70999908447266,67.69999694824219,67.69999694824219,17.0
2025-03-13 02:58:00+00:00,67.70999908447266,67.70999908447266,67.70999908447266,67.70999908447266,4.0
2025-03-13 02:59:00+00:00,67.69999694824219,67.70999908447266,67.69999694824219,67.70999908447266,7.0
2025-03-13 03:00:00+00:00,67.70999908447266,67.70999908447266,67.70999908447266,67.70999908447266,9.0
2025-03-13 03:01:00+00:00,67.7300033569336,67.7300033569336,67.70999908447266,67.70999908447266,42.0
2025-03-13 03:02:00+00:00,67.69999694824219,67.7300033569336,67.69999694824219,67.7300033569336,12.0
2025-03-13 03:03:00+00:00,67.70999908447266,67.70999908447266,67.69999694824219,67.70999908447266,9.0
2025-03-13 03:04:00+00:00,67.70999908447266,67.72000122070312,67.70999908447266,67.72000122070312,7.0
2025-03-13 03:05:00+00:00,67.69999694824219,67.70999908447266,67.69000244140625,67.70999908447266,22.0
2025-03-13 03:06:00+00:00,67.69999694824219,67.69999694824219,67.69000244140625,67.69999694824219,14.0
2025-03-13 03:07:00+00:00,67.66999816894531,67.70999908447266,67.66999816894531,67.70999908447266,31.0
2025-03-13 03:08:00+00:00,67.68000030517578,67.69000244140625,67.68000030517578,67.68000030517578,6.0
2025-03-13 03:09:00+00:00,67.69999694824219,67.69999694824219,67.69000244140625,67.69000244140625,18.0
2025-03-13 03:10:00+00:00,67.70999908447266,67.70999908447266,67.69000244140625,67.69999694824219,13.0
2025-03-13 03:11:00+00:00,67.70999908447266,67.72000122070312,67.70999908447266,67.72000122070312,10.0
2025-03-13 03:12:00+00:00,67.72000122070312,67.72000122070312,67.72000122070312,67.72000122070312,9.0
2025-03-13 03:13:00+00:00,67.72000122070312,67.72000122070312,67.72000122070312,67.72000122070312,6.0
2025-03-13 03:14:00+00:00,67.69000244140625,67.70999908447266,67.69000244140625,67.70999908447266,203.0
2025-03-13 03:15:00+00:00,67.69999694824219,67.69999694824219,67.69999694824219,67.69999694824219,6.0
2025-03-13 03:16:00+00:00,67.69999694824219,67.69999694824219,67.69000244140625,67.69000244140625,8.0
2025-03-13 03:17:00+00:00,67.69999694824219,67.69999694824219,67.69000244140625,67.69000244140625,4.0
2025-03-13 03:18:00+00:00,67.68000030517578,67.69000244140625,67.68000030517578,67.69000244140625,5.0
2025-03-13 03:19:00+00:00,67.69000244140625,67.69000244140625,67.68000030517578,67.68000030517578,34.0
2025-03-13 03:20:00+00:00,67.68000030517578,67.70999908447266,67.68000030517578,67.69999694824219,36.0
2025-03-13 03:21:00+00:00,67.69000244140625,67.69000244140625,67.68000030517578,67.69000244140625,64.0
2025-03-13 03:22:00+00:00,67.69000244140625,67.69999694824219,67.69000244140625,67.69000244140625,8.0
2025-03-13 03:23:00+00:00,67.70999908447266,67.70999908447266,67.69999694824219,67.69999694824219,5.0
2025-03-13 03:24:00+00:00,67.66999816894531,67.69999694824219,67.66999816894531,67.69999694824219,9.0
2025-03-13 03:25:00+00:00,67.68000030517578,67.68000030517578,67.66999816894531,67.66999816894531,4.0
2025-03-13 03:26:00+00:00,67.66999816894531,67.68000030517578,67.66999816894531,67.68000030517578,5.0
2025-03-13 03:27:00+00:00,67.63999938964844,67.66000366210938,67.62999725341797,67.66000366210938,41.0
2025-03-13 03:28:00+00:00,67.63999938964844,67.63999938964844,67.63999938964844,67.63999938964844,10.0
2025-03-13 03:29:00+00:00,67.62999725341797,67.62999725341797,67.62999725341797,67.62999725341797,4.0
2025-03-13 03:30:00+00:00,67.62999725341797,67.62999725341797,67.62999725341797,67.62999725341797,32.0
2025-03-13 03:31:00+00:00,67.62000274658203,67.63999938964844,67.61000061035156,67.63999938964844,45.0
2025-03-13 03:32:00+00:00,67.62999725341797,67.62999725341797,67.62000274658203,67.62000274658203,8.0
2025-03-13 03:33:00+00:00,67.5999984741211,67.62999725341797,67.5999984741211,67.62999725341797,13.0
2025-03-13 03:34:00+00:00,67.61000061035156,67.61000061035156,67.58999633789062,67.5999984741211,37.0
2025-03-13 03:35:00+00:00,67.58000183105469,67.5999984741211,67.58000183105469,67.5999984741211,28.0
2025-03-13 03:36:00+00:00,67.58000183105469,67.58999633789062,67.58000183105469,67.58000183105469,6.0
2025-03-13 03:37:00+00:00,67.58999633789062,67.5999984741211,67.56999969482422,67.56999969482422,34.0
2025-03-13 03:38:00+00:00,67.61000061035156,67.61000061035156,67.58999633789062,67.58999633789062,17.0
2025-03-13 03:40:00+00:00,67.62999725341797,67.62999725341797,67.61000061035156,67.62999725341797,23.0
2025-03-13 03:41:00+00:00,67.62000274658203,67.62999725341797,67.62000274658203,67.62999725341797,12.0
2025-03-13 03:42:00+00:00,67.62000274658203,67.62000274658203,67.61000061035156,67.62000274658203,7.0
2025-03-13 03:43:00+00:00,67.63999938964844,67.63999938964844,67.62999725341797,67.62999725341797,5.0
2025-03-13 03:44:00+00:00,67.62999725341797,67.63999938964844,67.62999725341797,67.63999938964844,23.0
2025-03-13 03:45:00+00:00,67.63999938964844,67.63999938964844,67.62999725341797,67.62999725341797,43.0
2025-03-13 03:46:00+00:00,67.62999725341797,67.62999725341797,67.62999725341797,67.62999725341797,13.0
2025-03-13 03:47:00+00:00,67.63999938964844,67.63999938964844,67.63999938964844,67.63999938964844,2.0
2025-03-13 03:49:00+00:00,67.6500015258789,67.6500015258789,67.63999938964844,67.63999938964844,8.0
2025-03-13 03:50:00+00:00,67.66000366210938,67.66999816894531,67.6500015258789,67.6500015258789,27.0
2025-03-13 03:51:00+00:00,67.6500015258789,67.66000366210938,67.6500015258789,67.66000366210938,7.0
2025-03-13 03:52:00+00:00,67.66000366210938,67.66000366210938,67.6500015258789,67.6500015258789,5.0
2025-03-13 03:53:00+00:00,67.6500015258789,67.6500015258789,67.6500015258789,67.6500015258789,9.0
2025-03-13 03:54:00+00:00,67.66999816894531,67.66999816894531,67.66000366210938,67.66000366210938,17.0
2025-03-13 03:55:00+00:00,67.6500015258789,67.66000366210938,67.6500015258789,67.66000366210938,11.0
2025-03-13 03:57:00+00:00,67.62000274658203,67.63999938964844,67.62000274658203,67.63999938964844,111.0
2025-03-13 03:58:00+00:00,67.62999725341797,67.62999725341797,67.62999725341797,67.62999725341797,10.0
2025-03-13 04:00:00+00:00,67.6500015258789,67.66000366210938,67.6500015258789,67.6500015258789,26.0
2025-03-13 04:01:00+00:00,67.63999938964844,67.63999938964844,67.63999938964844,67.63999938964844,13.0
2025-03-13 04:02:00+00:00,67.66000366210938,67.66999816894531,67.6500015258789,67.6500015258789,53.0
2025-03-13 04:03:00+00:00,67.6500015258789,67.66000366210938,67.6500015258789,67.6500015258789,11.0
2025-03-13 04:04:00+00:00,67.6500015258789,67.6500015258789,67.6500015258789,67.6500015258789,2.0
2025-03-13 04:05:00+00:00,67.63999938964844,67.6500015258789,67.63999938964844,67.6500015258789,8.0
2025-03-13 04:06:00+00:00,67.62999725341797,67.62999725341797,67.62999725341797,67.62999725341797,5.0
2025-03-13 04:07:00+00:00,67.61000061035156,67.62999725341797,67.61000061035156,67.62999725341797,22.0
2025-03-13 04:09:00+00:00,67.62000274658203,67.62000274658203,67.61000061035156,67.62000274658203,16.0
2025-03-13 04:11:00+00:00,67.63999938964844,67.63999938964844,67.62000274658203,67.62999725341797,26.0
2025-03-13 04:12:00+00:00,67.63999938964844,67.6500015258789,67.63999938964844,67.63999938964844,12.0
2025-03-13 04:14:00+00:00,67.62999725341797,67.6500015258789,67.62999725341797,67.63999938964844,8.0
2025-03-13 04:15:00+00:00,67.62000274658203,67.62000274658203,67.62000274658203,67.62000274658203,7.0
2025-03-13 04:17:00+00:00,67.61000061035156,67.61000061035156,67.61000061035156,67.61000061035156,6.0
2025-03-13 04:19:00+00:00,67.58000183105469,67.61000061035156,67.58000183105469,67.61000061035156,17.0
2025-03-13 04:20:00+00:00,67.5999984741211,67.5999984741211,67.58999633789062,67.58999633789062,11.0
2025-03-13 04:21:00+00:00,67.58999633789062,67.58999633789062,67.58000183105469,67.58000183105469,10.0
2025-03-13 04:22:00+00:00,67.58000183105469,67.58999633789062,67.58000183105469,67.58999633789062,7.0
2025-03-13 04:23:00+00:00,67.56999969482422,67.58000183105469,67.56999969482422,67.58000183105469,26.0
2025-03-13 04:24:00+00:00,67.56999969482422,67.56999969482422,67.56999969482422,67.56999969482422,5.0
2025-03-13 04:25:00+00:00,67.58000183105469,67.58000183105469,67.56999969482422,67.56999969482422,16.0
2025-03-13 04:26:00+00:00,67.58000183105469,67.58000183105469,67.56999969482422,67.56999969482422,5.0
2025-03-13 04:27:00+00:00,67.58000183105469,67.58000183105469,67.56999969482422,67.56999969482422,13.0
2025-03-13 04:28:00+00:00,67.56999969482422,67.58000183105469,67.56999969482422,67.58000183105469,4.0
2025-03-13 04:29:00+00:00,67.56999969482422,67.56999969482422,67.56999969482422,67.56999969482422,4.0
2025-03-13 04:30:00+00:00,67.55999755859375,67.56999969482422,67.55999755859375,67.56999969482422,10.0
2025-03-13 04:31:00+00:00,67.56999969482422,67.56999969482422,67.55999755859375,67.55999755859375,10.0
2025-03-13 04:32:00+00:00,67.56999969482422,67.56999969482422,67.56999969482422,67.56999969482422,2.0
2025-03-13 04:34:00+00:00,67.56999969482422,67.56999969482422,67.56999969482422,67.56999969482422,9.0
2025-03-13 04:35:00+00:00,67.58000183105469,67.58000183105469,67.56999969482422,67.56999969482422,9.0
2025-03-13 04:37:00+00:00,67.58000183105469,67.58000183105469,67.58000183105469,67.58000183105469,6.0
2025-03-13 04:38:00+00:00,67.58000183105469,67.58999633789062,67.58000183105469,67.58999633789062,3.0
2025-03-13 04:39:00+00:00,67.58000183105469,67.58000183105469,67.56999969482422,67.58000183105469,8.0
2025-03-13 04:41:00+00:00,67.55999755859375,67.55999755859375,67.55999755859375,67.55999755859375,11.0
2025-03-13 04:42:00+00:00,67.56999969482422,67.56999969482422,67.56999969482422,67.56999969482422,12.0
2025-03-13 04:43:00+00:00,67.55000305175781,67.55999755859375,67.55000305175781,67.55999755859375,27.0
2025-03-13 04:44:00+00:00,67.56999969482422,67.56999969482422,67.55999755859375,67.55999755859375,19.0
2025-03-13 04:46:00+00:00,67.58999633789062,67.5999984741211,67.56999969482422,67.56999969482422,46.0
2025-03-13 04:47:00+00:00,67.5999984741211,67.61000061035156,67.5999984741211,67.5999984741211,7.0
2025-03-13 04:48:00+00:00,67.61000061035156,67.61000061035156,67.5999984741211,67.5999984741211,8.0
2025-03-13 04:49:00+00:00,67.5999984741211,67.5999984741211,67.5999984741211,67.5999984741211,8.0
2025-03-13 04:50:00+00:00,67.61000061035156,67.61000061035156,67.5999984741211,67.5999984741211,14.0
2025-03-13 04:51:00+00:00,67.61000061035156,67.62000274658203,67.61000061035156,67.61000061035156,9.0
2025-03-13 04:52:00+00:00,67.61000061035156,67.62000274658203,67.61000061035156,67.62000274658203,7.0
2025-03-13 04:53:00+00:00,67.62000274658203,67.62999725341797,67.62000274658203,67.62000274658203,16.0
2025-03-13 04:54:00+00:00,67.62000274658203,67.62000274658203,67.62000274658203,67.62000274658203,6.0
2025-03-13 04:55:00+00:00,67.61000061035156,67.62999725341797,67.61000061035156,67.62000274658203,10.0
2025-03-13 04:56:00+00:00,67.61000061035156,67.61000061035156,67.61000061035156,67.61000061035156,8.0
2025-03-13 04:57:00+00:00,67.61000061035156,67.61000061035156,67.61000061035156,67.61000061035156,3.0
2025-03-13 04:59:00+00:00,67.61000061035156,67.61000061035156,67.61000061035156,67.61000061035156,4.0
2025-03-13 05:00:00+00:00,67.58000183105469,67.5999984741211,67.58000183105469,67.5999984741211,15.0
2025-03-13 05:01:00+00:00,67.58000183105469,67.58999633789062,67.58000183105469,67.58999633789062,22.0
2025-03-13 05:02:00+00:00,67.58000183105469,67.58000183105469,67.58000183105469,67.58000183105469,4.0
2025-03-13 05:04:00+00:00,67.58999633789062,67.58999633789062,67.58999633789062,67.58999633789062,4.0
2025-03-13 05:05:00+00:00,67.58999633789062,67.58999633789062,67.58999633789062,67.58999633789062,9.0
2025-03-13 05:07:00+00:00,67.58999633789062,67.58999633789062,67.58999633789062,67.58999633789062,1.0
2025-03-13 05:08:00+00:00,67.58999633789062,67.58999633789062,67.58000183105469,67.58000183105469,11.0
2025-03-13 05:09:00+00:00,67.58000183105469,67.58000183105469,67.58000183105469,67.58000183105469,5.0
2025-03-13 05:11:00+00:00,67.58000183105469,67.58000183105469,67.58000183105469,67.58000183105469,3.0
2025-03-13 05:12:00+00:00,67.55000305175781,67.56999969482422,67.55000305175781,67.55999755859375,16.0
2025-03-13 05:13:00+00:00,67.55000305175781,67.55000305175781,67.55000305175781,67.55000305175781,1.0
2025-03-13 05:15:00+00:00,67.54000091552734,67.55999755859375,67.54000091552734,67.55999755859375,11.0
2025-03-13 05:16:00+00:00,67.5199966430664,67.54000091552734,67.5199966430664,67.54000091552734,27.0
2025-03-13 05:17:00+00:00,67.54000091552734,67.55000305175781,67.5199966430664,67.5199966430664,42.0
2025-03-13 05:18:00+00:00,67.5199966430664,67.52999877929688,67.5199966430664,67.52999877929688,14.0
2025-03-13 05:19:00+00:00,67.5199966430664,67.5199966430664,67.5199966430664,67.5199966430664,12.0
2025-03-13 05:20:00+00:00,67.54000091552734,67.54000091552734,67.51000213623047,67.51000213623047,16.0
2025-03-13 05:21:00+00:00,67.54000091552734,67.54000091552734,67.54000091552734,67.54000091552734,6.0
2025-03-13 05:22:00+00:00,67.55000305175781,67.55000305175781,67.52999877929688,67.52999877929688,12.0
2025-03-13 05:23:00+00:00,67.55999755859375,67.55999755859375,67.55000305175781,67.55999755859375,10.0
2025-03-13 05:24:00+00:00,67.55999755859375,67.55999755859375,67.55000305175781,67.55000305175781,10.0
2025-03-13 05:25:00+00:00,67.54000091552734,67.55000305175781,67.54000091552734,67.55000305175781,11.0
2025-03-13 05:26:00+00:00,67.54000091552734,67.54000091552734,67.52999877929688,67.54000091552734,13.0
2025-03-13 05:27:00+00:00,67.54000091552734,67.54000091552734,67.54000091552734,67.54000091552734,1.0
2025-03-13 05:28:00+00:00,67.52999877929688,67.52999877929688,67.52999877929688,67.52999877929688,3.0
2025-03-13 05:29:00+00:00,67.5199966430664,67.54000091552734,67.51000213623047,67.52999877929688,30.0
2025-03-13 05:30:00+00:00,67.51000213623047,67.52999877929688,67.51000213623047,67.5199966430664,31.0
2025-03-13 05:31:00+00:00,67.51000213623047,67.5199966430664,67.51000213623047,67.5199966430664,22.0
2025-03-13 05:32:00+00:00,67.5199966430664,67.5199966430664,67.51000213623047,67.51000213623047,21.0
2025-03-13 05:34:00+00:00,67.5,67.51000213623047,67.5,67.51000213623047,29.0
2025-03-13 05:35:00+00:00,67.5,67.5,67.5,67.5,4.0
2025-03-13 05:36:00+00:00,67.51000213623047,67.51000213623047,67.48999786376953,67.48999786376953,24.0
2025-03-13 05:37:00+00:00,67.51000213623047,67.51000213623047,67.5,67.5,6.0
2025-03-13 05:38:00+00:00,67.5199966430664,67.5199966430664,67.5199966430664,67.5199966430664,6.0
2025-03-13 05:39:00+00:00,67.5199966430664,67.52999877929688,67.5199966430664,67.5199966430664,10.0
2025-03-13 05:40:00+00:00,67.5199966430664,67.52999877929688,67.5199966430664,67.5199966430664,24.0
2025-03-13 05:41:00+00:00,67.52999877929688,67.52999877929688,67.5199966430664,67.5199966430664,4.0
2025-03-13 05:42:00+00:00,67.55000305175781,67.55000305175781,67.52999877929688,67.52999877929688,29.0
2025-03-13 05:43:00+00:00,67.5199966430664,67.55000305175781,67.51000213623047,67.55000305175781,56.0
2025-03-13 05:44:00+00:00,67.51000213623047,67.5199966430664,67.51000213623047,67.5199966430664,9.0
2025-03-13 05:45:00+00:00,67.5199966430664,67.5199966430664,67.48999786376953,67.51000213623047,25.0
2025-03-13 05:46:00+00:00,67.52999877929688,67.52999877929688,67.51000213623047,67.5199966430664,15.0
2025-03-13 05:47:00+00:00,67.55000305175781,67.55000305175781,67.52999877929688,67.52999877929688,11.0
2025-03-13 05:48:00+00:00,67.55999755859375,67.55999755859375,67.55000305175781,67.55000305175781,5.0
2025-03-13 05:49:00+00:00,67.55999755859375,67.55999755859375,67.55999755859375,67.55999755859375,6.0
2025-03-13 05:50:00+00:00,67.55999755859375,67.55999755859375,67.55999755859375,67.55999755859375,13.0
2025-03-13 05:51:00+00:00,67.55999755859375,67.56999969482422,67.55999755859375,67.55999755859375,8.0
2025-03-13 05:52:00+00:00,67.55000305175781,67.55999755859375,67.55000305175781,67.55999755859375,15.0
2025-03-13 05:53:00+00:00,67.5199966430664,67.55999755859375,67.5199966430664,67.55000305175781,88.0
2025-03-13 05:54:00+00:00,67.51000213623047,67.52999877929688,67.5,67.51000213623047,75.0
2025-03-13 05:55:00+00:00,67.5199966430664,67.54000091552734,67.51000213623047,67.51000213623047,30.0
2025-03-13 05:56:00+00:00,67.52999877929688,67.52999877929688,67.52999877929688,67.52999877929688,4.0
2025-03-13 05:57:00+00:00,67.5,67.5199966430664,67.5,67.5199966430664,155.0
2025-03-13 05:58:00+00:00,67.48999786376953,67.5,67.4800033569336,67.5,45.0
2025-03-13 05:59:00+00:00,67.45999908447266,67.4800033569336,67.44999694824219,67.4800033569336,28.0
2025-03-13 06:00:00+00:00,67.47000122070312,67.4800033569336,67.45999908447266,67.45999908447266,24.0
2025-03-13 06:01:00+00:00,67.45999908447266,67.47000122070312,67.45999908447266,67.47000122070312,30.0
2025-03-13 06:02:00+00:00,67.47000122070312,67.4800033569336,67.47000122070312,67.47000122070312,41.0
2025-03-13 06:03:00+00:00,67.44999694824219,67.47000122070312,67.44000244140625,67.47000122070312,41.0
2025-03-13 06:04:00+00:00,67.43000030517578,67.44999694824219,67.43000030517578,67.44000244140625,17.0
2025-03-13 06:05:00+00:00,67.44000244140625,67.44999694824219,67.43000030517578,67.44000244140625,23.0
2025-03-13 06:06:00+00:00,67.44000244140625,67.44000244140625,67.44000244140625,67.44000244140625,13.0
2025-03-13 06:07:00+00:00,67.44000244140625,67.44000244140625,67.43000030517578,67.44000244140625,14.0
2025-03-13 06:08:00+00:00,67.44000244140625,67.44000244140625,67.41999816894531,67.44000244140625,51.0
2025-03-13 06:09:00+00:00,67.41999816894531,67.44000244140625,67.41000366210938,67.44000244140625,88.0
2025-03-13 06:10:00+00:00,67.44000244140625,67.44999694824219,67.41000366210938,67.41999816894531,71.0
2025-03-13 06:11:00+00:00,67.47000122070312,67.47000122070312,67.44999694824219,67.44999694824219,23.0
2025-03-13 06:12:00+00:00,67.44999694824219,67.4800033569336,67.44000244140625,67.47000122070312,25.0
2025-03-13 06:13:00+00:00,67.44000244140625,67.45999908447266,67.44000244140625,67.44999694824219,26.0
2025-03-13 06:14:00+00:00,67.45999908447266,67.45999908447266,67.44999694824219,67.44999694824219,6.0
2025-03-13 06:15:00+00:00,67.44999694824219,67.48999786376953,67.44000244140625,67.47000122070312,146.0
2025-03-13 06:16:00+00:00,67.44999694824219,67.4800033569336,67.44999694824219,67.44999694824219,30.0
2025-03-13 06:17:00+00:00,67.45999908447266,67.47000122070312,67.44999694824219,67.44999694824219,21.0
2025-03-13 06:18:00+00:00,67.44999694824219,67.45999908447266,67.44999694824219,67.45999908447266,14.0
2025-03-13 06:19:00+00:00,67.43000030517578,67.44999694824219,67.43000030517578,67.44999694824219,15.0
2025-03-13 06:20:00+00:00,67.43000030517578,67.43000030517578,67.43000030517578,67.43000030517578,12.0
2025-03-13 06:21:00+00:00,67.44000244140625,67.44000244140625,67.44000244140625,67.44000244140625,6.0
2025-03-13 06:22:00+00:00,67.43000030517578,67.44000244140625,67.43000030517578,67.44000244140625,12.0
2025-03-13 06:23:00+00:00,67.41999816894531,67.41999816894531,67.41999816894531,67.41999816894531,8.0
2025-03-13 06:24:00+00:00,67.41000366210938,67.41999816894531,67.41000366210938,67.41999816894531,5.0
2025-03-13 06:25:00+00:00,67.41000366210938,67.41999816894531,67.4000015258789,67.41000366210938,38.0
2025-03-13 06:26:00+00:00,67.43000030517578,67.43000030517578,67.41999816894531,67.41999816894531,20.0
2025-03-13 06:27:00+00:00,67.44000244140625,67.44000244140625,67.43000030517578,67.44000244140625,20.0
2025-03-13 06:28:00+00:00,67.43000030517578,67.44000244140625,67.43000030517578,67.44000244140625,10.0
2025-03-13 06:29:00+00:00,67.44000244140625,67.45999908447266,67.43000030517578,67.44000244140625,55.0
2025-03-13 06:30:00+00:00,67.44999694824219,67.44999694824219,67.43000030517578,67.44000244140625,32.0
2025-03-13 06:31:00+00:00,67.44999694824219,67.44999694824219,67.43000030517578,67.44999694824219,79.0
2025-03-13 06:32:00+00:00,67.44000244140625,67.44000244140625,67.44000244140625,67.44000244140625,5.0
2025-03-13 06:33:00+00:00,67.44000244140625,67.44000244140625,67.43000030517578,67.44000244140625,15.0
2025-03-13 06:34:00+00:00,67.43000030517578,67.44000244140625,67.43000030517578,67.44000244140625,38.0
2025-03-13 06:35:00+00:00,67.44999694824219,67.45999908447266,67.41999816894531,67.43000030517578,844.0
2025-03-13 06:36:00+00:00,67.4800033569336,67.48999786376953,67.44999694824219,67.44999694824219,124.0
2025-03-13 06:37:00+00:00,67.47000122070312,67.51000213623047,67.45999908447266,67.48999786376953,85.0
2025-03-13 06:38:00+00:00,67.43000030517578,67.47000122070312,67.43000030517578,67.45999908447266,88.0
2025-03-13 06:39:00+00:00,67.43000030517578,67.44000244140625,67.41999816894531,67.44000244140625,68.0
2025-03-13 06:40:00+00:00,67.4800033569336,67.4800033569336,67.44000244140625,67.44000244140625,31.0
2025-03-13 06:41:00+00:00,67.4800033569336,67.5,67.4800033569336,67.4800033569336,87.0
2025-03-13 06:42:00+00:00,67.5,67.51000213623047,67.4800033569336,67.4800033569336,12.0
2025-03-13 06:43:00+00:00,67.48999786376953,67.51000213623047,67.48999786376953,67.5,12.0
2025-03-13 06:44:00+00:00,67.47000122070312,67.5,67.47000122070312,67.5,16.0
2025-03-13 06:45:00+00:00,67.5,67.5,67.4800033569336,67.4800033569336,18.0
2025-03-13 06:46:00+00:00,67.5199966430664,67.52999877929688,67.51000213623047,67.51000213623047,33.0
2025-03-13 06:47:00+00:00,67.5199966430664,67.5199966430664,67.5199966430664,67.5199966430664,28.0
2025-03-13 06:48:00+00:00,67.51000213623047,67.5199966430664,67.51000213623047,67.5199966430664,11.0
2025-03-13 06:49:00+00:00,67.51000213623047,67.51000213623047,67.5,67.51000213623047,23.0
2025-03-13 06:50:00+00:00,67.51000213623047,67.51000213623047,67.5,67.51000213623047,12.0
2025-03-13 06:51:00+00:00,67.47000122070312,67.5,67.45999908447266,67.5,24.0
2025-03-13 06:52:00+00:00,67.4800033569336,67.4800033569336,67.45999908447266,67.47000122070312,35.0
2025-03-13 06:54:00+00:00,67.5,67.5199966430664,67.5,67.51000213623047,14.0
2025-03-13 06:55:00+00:00,67.48999786376953,67.5,67.48999786376953,67.5,9.0
2025-03-13 06:56:00+00:00,67.4800033569336,67.48999786376953,67.47000122070312,67.48999786376953,186.0
2025-03-13 06:57:00+00:00,67.47000122070312,67.47000122070312,67.47000122070312,67.47000122070312,12.0
2025-03-13 06:58:00+00:00,67.45999908447266,67.47000122070312,67.43000030517578,67.47000122070312,63.0
2025-03-13 06:59:00+00:00,67.47000122070312,67.47000122070312,67.44999694824219,67.45999908447266,14.0
2025-03-13 07:00:00+00:00,67.48999786376953,67.48999786376953,67.44000244140625,67.47000122070312,157.0
2025-03-13 07:01:00+00:00,67.55999755859375,67.55999755859375,67.5,67.5,73.0
2025-03-13 07:02:00+00:00,67.61000061035156,67.62000274658203,67.55999755859375,67.55999755859375,143.0
2025-03-13 07:03:00+00:00,67.61000061035156,67.63999938964844,67.5999984741211,67.5999984741211,70.0
2025-03-13 07:04:00+00:00,67.58000183105469,67.61000061035156,67.58000183105469,67.61000061035156,37.0
2025-03-13 07:05:00+00:00,67.58999633789062,67.58999633789062,67.56999969482422,67.58000183105469,26.0
2025-03-13 07:06:00+00:00,67.5999984741211,67.61000061035156,67.58000183105469,67.5999984741211,42.0
2025-03-13 07:07:00+00:00,67.56999969482422,67.5999984741211,67.56999969482422,67.5999984741211,86.0
2025-03-13 07:08:00+00:00,67.55999755859375,67.58999633789062,67.55999755859375,67.55999755859375,36.0
2025-03-13 07:09:00+00:00,67.5999984741211,67.5999984741211,67.55999755859375,67.55999755859375,168.0
2025-03-13 07:10:00+00:00,67.62000274658203,67.62000274658203,67.58000183105469,67.61000061035156,119.0
2025-03-13 07:11:00+00:00,67.62000274658203,67.62000274658203,67.62000274658203,67.62000274658203,12.0
2025-03-13 07:12:00+00:00,67.62999725341797,67.62999725341797,67.62000274658203,67.62000274658203,27.0
2025-03-13 07:13:00+00:00,67.6500015258789,67.6500015258789,67.62000274658203,67.62999725341797,69.0
2025-03-13 07:14:00+00:00,67.68000030517578,67.69000244140625,67.66000366210938,67.66000366210938,63.0
2025-03-13 07:15:00+00:00,67.69000244140625,67.70999908447266,67.66999816894531,67.69000244140625,124.0
2025-03-13 07:16:00+00:00,67.69999694824219,67.70999908447266,67.68000030517578,67.68000030517578,29.0
2025-03-13 07:17:00+00:00,67.68000030517578,67.69999694824219,67.68000030517578,67.69999694824219,24.0
2025-03-13 07:18:00+00:00,67.66999816894531,67.68000030517578,67.66999816894531,67.68000030517578,43.0
2025-03-13 07:19:00+00:00,67.66000366210938,67.69000244140625,67.66000366210938,67.66999816894531,36.0
2025-03-13 07:20:00+00:00,67.69999694824219,67.70999908447266,67.66000366210938,67.66000366210938,51.0
2025-03-13 07:21:00+00:00,67.70999908447266,67.70999908447266,67.69999694824219,67.70999908447266,40.0
2025-03-13 07:22:00+00:00,67.69999694824219,67.72000122070312,67.69000244140625,67.70999908447266,67.0
2025-03-13 07:23:00+00:00,67.70999908447266,67.72000122070312,67.69000244140625,67.70999908447266,142.0
2025-03-13 07:24:00+00:00,67.66999816894531,67.72000122070312,67.66999816894531,67.72000122070312,112.0
2025-03-13 07:25:00+00:00,67.69999694824219,67.69999694824219,67.66000366210938,67.66999816894531,88.0
2025-03-13 07:26:00+00:00,67.69000244140625,67.69999694824219,67.68000030517578,67.69999694824219,30.0
2025-03-13 07:27:00+00:00,67.70999908447266,67.70999908447266,67.69999694824219,67.69999694824219,23.0
2025-03-13 07:28:00+00:00,67.69999694824219,67.70999908447266,67.69000244140625,67.70999908447266,46.0
2025-03-13 07:29:00+00:00,67.69999694824219,67.70999908447266,67.69000244140625,67.70999908447266,24.0
2025-03-13 07:30:00+00:00,67.72000122070312,67.72000122070312,67.68000030517578,67.69999694824219,42.0
2025-03-13 07:31:00+00:00,67.70999908447266,67.7300033569336,67.69999694824219,67.72000122070312,70.0
2025-03-13 07:32:00+00:00,67.69999694824219,67.70999908447266,67.69999694824219,67.70999908447266,49.0
2025-03-13 07:33:00+00:00,67.69999694824219,67.69999694824219,67.69000244140625,67.69000244140625,23.0
2025-03-13 07:34:00+00:00,67.66000366210938,67.69999694824219,67.66000366210938,67.69999694824219,39.0
2025-03-13 07:35:00+00:00,67.68000030517578,67.69000244140625,67.66999816894531,67.66999816894531,27.0
2025-03-13 07:36:00+00:00,67.68000030517578,67.69999694824219,67.68000030517578,67.69000244140625,36.0
2025-03-13 07:37:00+00:00,67.6500015258789,67.68000030517578,67.62999725341797,67.68000030517578,54.0
2025-03-13 07:38:00+00:00,67.66000366210938,67.66000366210938,67.6500015258789,67.66000366210938,8.0
2025-03-13 07:39:00+00:00,67.6500015258789,67.66999816894531,67.6500015258789,67.66000366210938,22.0
2025-03-13 07:40:00+00:00,67.70999908447266,67.70999908447266,67.6500015258789,67.6500015258789,76.0
2025-03-13 07:41:00+00:00,67.70999908447266,67.73999786376953,67.70999908447266,67.72000122070312,66.0
2025-03-13 07:42:00+00:00,67.69000244140625,67.69999694824219,67.69000244140625,67.69999694824219,12.0
2025-03-13 07:43:00+00:00,67.69000244140625,67.69000244140625,67.66999816894531,67.69000244140625,48.0
2025-03-13 07:44:00+00:00,67.69000244140625,67.69000244140625,67.69000244140625,67.69000244140625,19.0
2025-03-13 07:45:00+00:00,67.72000122070312,67.72000122070312,67.68000030517578,67.69000244140625,39.0
2025-03-13 07:46:00+00:00,67.73999786376953,67.76000213623047,67.72000122070312,67.72000122070312,83.0
2025-03-13 07:47:00+00:00,67.73999786376953,67.75,67.72000122070312,67.75,54.0
2025-03-13 07:48:00+00:00,67.73999786376953,67.75,67.73999786376953,67.73999786376953,26.0
2025-03-13 07:49:00+00:00,67.75,67.75,67.73999786376953,67.73999786376953,18.0
2025-03-13 07:50:00+00:00,67.76000213623047,67.7699966430664,67.76000213623047,67.76000213623047,74.0
2025-03-13 07:51:00+00:00,67.81999969482422,67.81999969482422,67.76000213623047,67.76000213623047,154.0
2025-03-13 07:52:00+00:00,67.81999969482422,67.81999969482422,67.77999877929688,67.80999755859375,172.0
2025-03-13 07:53:00+00:00,67.80999755859375,67.81999969482422,67.80000305175781,67.80999755859375,45.0
2025-03-13 07:54:00+00:00,67.7699966430664,67.81999969482422,67.7699966430664,67.80999755859375,54.0
2025-03-13 07:55:00+00:00,67.77999877929688,67.77999877929688,67.75,67.76000213623047,57.0
2025-03-13 07:56:00+00:00,67.7300033569336,67.7699966430664,67.7300033569336,67.7699966430664,98.0
2025-03-13 07:57:00+00:00,67.70999908447266,67.7300033569336,67.69999694824219,67.72000122070312,57.0
2025-03-13 07:58:00+00:00,67.73999786376953,67.73999786376953,67.69999694824219,67.70999908447266,149.0
2025-03-13 07:59:00+00:00,67.7300033569336,67.75,67.70999908447266,67.73999786376953,72.0
2025-03-13 08:00:00+00:00,67.70999908447266,67.73999786376953,67.69000244140625,67.7300033569336,130.0
2025-03-13 08:01:00+00:00,67.66999816894531,67.70999908447266,67.6500015258789,67.70999908447266,194.0
2025-03-13 08:02:00+00:00,67.68000030517578,67.69000244140625,67.66000366210938,67.66999816894531,65.0
2025-03-13 08:03:00+00:00,67.66000366210938,67.69000244140625,67.6500015258789,67.66999816894531,30.0
2025-03-13 08:04:00+00:00,67.6500015258789,67.68000030517578,67.6500015258789,67.66999816894531,34.0
2025-03-13 08:05:00+00:00,67.68000030517578,67.69000244140625,67.63999938964844,67.68000030517578,467.0
2025-03-13 08:06:00+00:00,67.69999694824219,67.7300033569336,67.68000030517578,67.68000030517578,59.0
2025-03-13 08:07:00+00:00,67.68000030517578,67.69999694824219,67.68000030517578,67.69999694824219,40.0
2025-03-13 08:08:00+00:00,67.72000122070312,67.76000213623047,67.69000244140625,67.69000244140625,86.0
2025-03-13 08:09:00+00:00,67.73999786376953,67.76000213623047,67.70999908447266,67.72000122070312,72.0
2025-03-13 08:10:00+00:00,67.79000091552734,67.80999755859375,67.73999786376953,67.73999786376953,54.0
2025-03-13 08:11:00+00:00,67.83000183105469,67.8499984741211,67.77999877929688,67.77999877929688,156.0
2025-03-13 08:12:00+00:00,67.83999633789062,67.8499984741211,67.83000183105469,67.83000183105469,116.0
2025-03-13 08:13:00+00:00,67.83000183105469,67.83999633789062,67.83000183105469,67.83999633789062,57.0
2025-03-13 08:14:00+00:00,67.83000183105469,67.8499984741211,67.80000305175781,67.81999969482422,546.0
2025-03-13 08:15:00+00:00,67.8499984741211,67.87999725341797,67.83999633789062,67.83999633789062,146.0
2025-03-13 08:16:00+00:00,67.87000274658203,67.87000274658203,67.83000183105469,67.8499984741211,90.0
2025-03-13 08:17:00+00:00,67.86000061035156,67.9000015258789,67.8499984741211,67.86000061035156,252.0
2025-03-13 08:18:00+00:00,67.9000015258789,67.9000015258789,67.86000061035156,67.86000061035156,62.0
2025-03-13 08:19:00+00:00,67.87000274658203,67.91000366210938,67.87000274658203,67.88999938964844,63.0
2025-03-13 08:20:00+00:00,67.88999938964844,67.9000015258789,67.86000061035156,67.87000274658203,46.0
2025-03-13 08:21:00+00:00,67.88999938964844,67.9000015258789,67.87999725341797,67.88999938964844,27.0
2025-03-13 08:22:00+00:00,67.87000274658203,67.91000366210938,67.86000061035156,67.88999938964844,101.0
2025-03-13 08:23:00+00:00,67.91000366210938,67.93000030517578,67.87000274658203,67.87000274658203,83.0
2025-03-13 08:24:00+00:00,67.93000030517578,67.93000030517578,67.9000015258789,67.9000015258789,76.0
2025-03-13 08:25:00+00:00,67.9000015258789,67.94000244140625,67.9000015258789,67.93000030517578,88.0
2025-03-13 08:26:00+00:00,67.91000366210938,67.91000366210938,67.87999725341797,67.9000015258789,54.0
2025-03-13 08:27:00+00:00,67.8499984741211,67.91000366210938,67.8499984741211,67.9000015258789,70.0
2025-03-13 08:28:00+00:00,67.87999725341797,67.88999938964844,67.83000183105469,67.8499984741211,243.0
2025-03-13 08:29:00+00:00,67.88999938964844,67.9000015258789,67.86000061035156,67.87000274658203,282.0
2025-03-13 08:30:00+00:00,67.87000274658203,67.9000015258789,67.86000061035156,67.88999938964844,246.0
2025-03-13 08:31:00+00:00,67.86000061035156,67.87000274658203,67.83000183105469,67.86000061035156,162.0
2025-03-13 08:32:00+00:00,67.86000061035156,67.88999938964844,67.86000061035156,67.86000061035156,85.0
2025-03-13 08:33:00+00:00,67.80999755859375,67.87999725341797,67.80999755859375,67.87000274658203,170.0
2025-03-13 08:34:00+00:00,67.81999969482422,67.83999633789062,67.80999755859375,67.81999969482422,60.0
2025-03-13 08:35:00+00:00,67.83999633789062,67.83999633789062,67.80999755859375,67.81999969482422,47.0
2025-03-13 08:36:00+00:00,67.81999969482422,67.86000061035156,67.80000305175781,67.83999633789062,106.0
2025-03-13 08:37:00+00:00,67.79000091552734,67.83999633789062,67.76000213623047,67.81999969482422,197.0
2025-03-13 08:38:00+00:00,67.76000213623047,67.81999969482422,67.76000213623047,67.80000305175781,107.0
2025-03-13 08:39:00+00:00,67.80000305175781,67.80999755859375,67.76000213623047,67.7699966430664,96.0
2025-03-13 08:40:00+00:00,67.7699966430664,67.81999969482422,67.75,67.80000305175781,54.0
2025-03-13 08:41:00+00:00,67.77999877929688,67.80000305175781,67.77999877929688,67.77999877929688,20.0
2025-03-13 08:42:00+00:00,67.77999877929688,67.80000305175781,67.76000213623047,67.79000091552734,47.0
2025-03-13 08:43:00+00:00,67.81999969482422,67.83000183105469,67.79000091552734,67.79000091552734,38.0
2025-03-13 08:44:00+00:00,67.7300033569336,67.81999969482422,67.72000122070312,67.81999969482422,202.0
2025-03-13 08:45:00+00:00,67.70999908447266,67.7300033569336,67.69000244140625,67.7300033569336,127.0
2025-03-13 08:46:00+00:00,67.70999908447266,67.7300033569336,67.70999908447266,67.72000122070312,38.0
2025-03-13 08:47:00+00:00,67.68000030517578,67.72000122070312,67.6500015258789,67.70999908447266,140.0
2025-03-13 08:48:00+00:00,67.68000030517578,67.69000244140625,67.66000366210938,67.68000030517578,50.0
2025-03-13 08:49:00+00:00,67.69000244140625,67.69000244140625,67.66999816894531,67.68000030517578,33.0
2025-03-13 08:50:00+00:00,67.6500015258789,67.66999816894531,67.62000274658203,67.66999816894531,110.0
2025-03-13 08:51:00+00:00,67.6500015258789,67.66000366210938,67.63999938964844,67.6500015258789,49.0
2025-03-13 08:52:00+00:00,67.5999984741211,67.6500015258789,67.5999984741211,67.6500015258789,89.0
2025-03-13 08:53:00+00:00,67.68000030517578,67.69000244140625,67.58000183105469,67.61000061035156,382.0
2025-03-13 08:54:00+00:00,67.69999694824219,67.69999694824219,67.6500015258789,67.66000366210938,106.0
2025-03-13 08:55:00+00:00,67.69999694824219,67.7300033569336,67.68000030517578,67.69999694824219,123.0
2025-03-13 08:56:00+00:00,67.70999908447266,67.70999908447266,67.69000244140625,67.69000244140625,32.0
2025-03-13 08:57:00+00:00,67.69999694824219,67.69999694824219,67.69999694824219,67.69999694824219,9.0
2025-03-13 08:58:00+00:00,67.66999816894531,67.70999908447266,67.66999816894531,67.70999908447266,47.0
2025-03-13 08:59:00+00:00,67.62999725341797,67.68000030517578,67.62999725341797,67.66999816894531,98.0
2025-03-13 09:00:00+00:00,67.6500015258789,67.66000366210938,67.62000274658203,67.63999938964844,87.0
2025-03-13 09:02:00+00:00,67.70999908447266,67.72000122070312,67.69999694824219,67.69999694824219,199.0
2025-03-13 09:03:00+00:00,67.66999816894531,67.72000122070312,67.66999816894531,67.70999908447266,48.0
2025-03-13 09:04:00+00:00,67.58999633789062,67.68000030517578,67.58999633789062,67.68000030517578,296.0
2025-03-13 09:05:00+00:00,67.54000091552734,67.58999633789062,67.52999877929688,67.58999633789062,1332.0
2025-03-13 09:06:00+00:00,67.5199966430664,67.58000183105469,67.5199966430664,67.54000091552734,164.0
2025-03-13 09:07:00+00:00,67.4800033569336,67.52999877929688,67.4800033569336,67.5199966430664,155.0
2025-03-13 09:08:00+00:00,67.47000122070312,67.48999786376953,67.45999908447266,67.4800033569336,198.0
2025-03-13 09:09:00+00:00,67.5,67.51000213623047,67.45999908447266,67.47000122070312,74.0
2025-03-13 09:10:00+00:00,67.5199966430664,67.52999877929688,67.51000213623047,67.51000213623047,103.0
2025-03-13 09:11:00+00:00,67.54000091552734,67.54000091552734,67.5199966430664,67.5199966430664,44.0
2025-03-13 09:12:00+00:00,67.55999755859375,67.55999755859375,67.52999877929688,67.55000305175781,62.0
2025-03-13 09:13:00+00:00,67.55999755859375,67.56999969482422,67.55000305175781,67.55999755859375,53.0
2025-03-13 09:14:00+00:00,67.56999969482422,67.58999633789062,67.56999969482422,67.56999969482422,65.0
2025-03-13 09:15:00+00:00,67.56999969482422,67.58999633789062,67.55999755859375,67.58000183105469,54.0
2025-03-13 09:16:00+00:00,67.55999755859375,67.5999984741211,67.55999755859375,67.56999969482422,83.0
2025-03-13 09:17:00+00:00,67.56999969482422,67.58000183105469,67.56999969482422,67.56999969482422,32.0
2025-03-13 09:18:00+00:00,67.56999969482422,67.58000183105469,67.55999755859375,67.55999755859375,31.0
2025-03-13 09:19:00+00:00,67.5199966430664,67.55999755859375,67.5199966430664,67.55999755859375,82.0
2025-03-13 09:20:00+00:00,67.54000091552734,67.56999969482422,67.5199966430664,67.5199966430664,135.0
2025-03-13 09:21:00+00:00,67.56999969482422,67.56999969482422,67.54000091552734,67.54000091552734,30.0
2025-03-13 09:22:00+00:00,67.55999755859375,67.58000183105469,67.55000305175781,67.58000183105469,254.0
2025-03-13 09:23:00+00:00,67.5199966430664,67.55000305175781,67.5199966430664,67.55000305175781,54.0
2025-03-13 09:24:00+00:00,67.52999877929688,67.56999969482422,67.5199966430664,67.52999877929688,142.0
2025-03-13 09:25:00+00:00,67.5199966430664,67.54000091552734,67.48999786376953,67.52999877929688,65.0
2025-03-13 09:26:00+00:00,67.48999786376953,67.5199966430664,67.4800033569336,67.5199966430664,118.0
2025-03-13 09:27:00+00:00,67.45999908447266,67.48999786376953,67.44000244140625,67.4800033569336,139.0
2025-03-13 09:28:00+00:00,67.4800033569336,67.48999786376953,67.44000244140625,67.44999694824219,89.0
2025-03-13 09:29:00+00:00,67.45999908447266,67.4800033569336,67.45999908447266,67.4800033569336,94.0
2025-03-13 09:30:00+00:00,67.37000274658203,67.47000122070312,67.36000061035156,67.47000122070312,1476.0
2025-03-13 09:31:00+00:00,67.38999938964844,67.4000015258789,67.3499984741211,67.37000274658203,989.0
2025-03-13 09:32:00+00:00,67.37999725341797,67.4000015258789,67.36000061035156,67.37999725341797,132.0
2025-03-13 09:33:00+00:00,67.33999633789062,67.38999938964844,67.30999755859375,67.38999938964844,641.0
2025-03-13 09:34:00+00:00,67.27999877929688,67.36000061035156,67.23999786376953,67.33999633789062,516.0
2025-03-13 09:35:00+00:00,67.36000061035156,67.37000274658203,67.27999877929688,67.29000091552734,153.0
2025-03-13 09:36:00+00:00,67.37999725341797,67.41000366210938,67.3499984741211,67.37000274658203,312.0
2025-03-13 09:37:00+00:00,67.36000061035156,67.38999938964844,67.36000061035156,67.38999938964844,35.0
2025-03-13 09:38:00+00:00,67.37000274658203,67.37999725341797,67.36000061035156,67.37000274658203,35.0
2025-03-13 09:39:00+00:00,67.33000183105469,67.37000274658203,67.33000183105469,67.37000274658203,53.0
2025-03-13 09:40:00+00:00,67.30999755859375,67.33999633789062,67.30000305175781,67.33000183105469,98.0
2025-03-13 09:41:00+00:00,67.30999755859375,67.33000183105469,67.30999755859375,67.30999755859375,59.0
2025-03-13 09:42:00+00:00,67.30999755859375,67.33000183105469,67.30999755859375,67.31999969482422,59.0
2025-03-13 09:43:00+00:00,67.30999755859375,67.31999969482422,67.30000305175781,67.31999969482422,52.0
2025-03-13 09:44:00+00:00,67.31999969482422,67.33000183105469,67.29000091552734,67.30999755859375,331.0
2025-03-13 09:45:00+00:00,67.37000274658203,67.37000274658203,67.30999755859375,67.31999969482422,81.0
2025-03-13 09:46:00+00:00,67.33999633789062,67.37000274658203,67.33999633789062,67.37000274658203,34.0
2025-03-13 09:47:00+00:00,67.33999633789062,67.36000061035156,67.33000183105469,67.33000183105469,250.0
2025-03-13 09:48:00+00:00,67.3499984741211,67.36000061035156,67.33999633789062,67.3499984741211,27.0
2025-03-13 09:49:00+00:00,67.33000183105469,67.33999633789062,67.31999969482422,67.33999633789062,36.0
2025-03-13 09:50:00+00:00,67.33000183105469,67.33999633789062,67.30999755859375,67.31999969482422,63.0
2025-03-13 09:51:00+00:00,67.31999969482422,67.33000183105469,67.30999755859375,67.31999969482422,26.0
2025-03-13 09:52:00+00:00,67.31999969482422,67.33000183105469,67.30999755859375,67.31999969482422,45.0
2025-03-13 09:53:00+00:00,67.30999755859375,67.33000183105469,67.30999755859375,67.31999969482422,29.0
2025-03-13 09:54:00+00:00,67.30999755859375,67.30999755859375,67.30000305175781,67.30999755859375,42.0
2025-03-13 09:55:00+00:00,67.2699966430664,67.31999969482422,67.25,67.30999755859375,277.0
2025-03-13 09:56:00+00:00,67.2699966430664,67.27999877929688,67.25,67.26000213623047,91.0
2025-03-13 09:57:00+00:00,67.27999877929688,67.30000305175781,67.26000213623047,67.2699966430664,169.0
2025-03-13 09:58:00+00:00,67.23999786376953,67.2699966430664,67.2300033569336,67.2699966430664,78.0
2025-03-13 09:59:00+00:00,67.23999786376953,67.25,67.2300033569336,67.23999786376953,123.0
2025-03-13 10:00:00+00:00,67.23999786376953,67.25,67.2300033569336,67.23999786376953,142.0
2025-03-13 10:01:00+00:00,67.19999694824219,67.25,67.19999694824219,67.23999786376953,199.0
2025-03-13 10:02:00+00:00,67.22000122070312,67.22000122070312,67.20999908447266,67.20999908447266,104.0
2025-03-13 10:03:00+00:00,67.19999694824219,67.22000122070312,67.19999694824219,67.20999908447266,35.0
2025-03-13 10:04:00+00:00,67.19000244140625,67.22000122070312,67.19000244140625,67.20999908447266,381.0
2025-03-13 10:05:00+00:00,67.19000244140625,67.19000244140625,67.12999725341797,67.19000244140625,312.0
2025-03-13 10:06:00+00:00,67.18000030517578,67.23999786376953,67.16999816894531,67.18000030517578,253.0
2025-03-13 10:07:00+00:00,67.12999725341797,67.18000030517578,67.12000274658203,67.18000030517578,270.0
2025-03-13 10:08:00+00:00,67.1500015258789,67.16999816894531,67.11000061035156,67.12000274658203,223.0
2025-03-13 10:09:00+00:00,67.1500015258789,67.16999816894531,67.1500015258789,67.16000366210938,105.0
2025-03-13 10:10:00+00:00,67.16000366210938,67.16999816894531,67.13999938964844,67.13999938964844,21.0
2025-03-13 10:11:00+00:00,67.19000244140625,67.19000244140625,67.16999816894531,67.16999816894531,66.0
2025-03-13 10:12:00+00:00,67.13999938964844,67.19999694824219,67.12999725341797,67.19000244140625,135.0
2025-03-13 10:13:00+00:00,67.20999908447266,67.22000122070312,67.13999938964844,67.1500015258789,214.0
2025-03-13 10:14:00+00:00,67.2300033569336,67.2300033569336,67.19999694824219,67.20999908447266,291.0
2025-03-13 10:15:00+00:00,67.22000122070312,67.25,67.22000122070312,67.2300033569336,94.0
2025-03-13 10:16:00+00:00,67.2300033569336,67.25,67.22000122070312,67.22000122070312,385.0
2025-03-13 10:17:00+00:00,67.23999786376953,67.25,67.22000122070312,67.2300033569336,56.0
2025-03-13 10:18:00+00:00,67.2699966430664,67.27999877929688,67.23999786376953,67.23999786376953,123.0
2025-03-13 10:19:00+00:00,67.25,67.27999877929688,67.25,67.2699966430664,42.0
2025-03-13 10:20:00+00:00,67.2699966430664,67.2699966430664,67.23999786376953,67.23999786376953,42.0
2025-03-13 10:21:00+00:00,67.30000305175781,67.30000305175781,67.2699966430664,67.2699966430664,61.0
2025-03-13 10:22:00+00:00,67.30999755859375,67.31999969482422,67.30000305175781,67.30999755859375,82.0
2025-03-13 10:23:00+00:00,67.27999877929688,67.33999633789062,67.27999877929688,67.30999755859375,161.0
2025-03-13 10:24:00+00:00,67.31999969482422,67.31999969482422,67.29000091552734,67.29000091552734,149.0
2025-03-13 10:25:00+00:00,67.33000183105469,67.33999633789062,67.31999969482422,67.31999969482422,66.0
2025-03-13 10:26:00+00:00,67.33999633789062,67.37000274658203,67.31999969482422,67.33000183105469,109.0
2025-03-13 10:27:00+00:00,67.33999633789062,67.36000061035156,67.33000183105469,67.33999633789062,70.0
2025-03-13 10:28:00+00:00,67.33999633789062,67.33999633789062,67.33000183105469,67.33999633789062,27.0
2025-03-13 10:29:00+00:00,67.30000305175781,67.36000061035156,67.30000305175781,67.33999633789062,230.0
2025-03-13 10:30:00+00:00,67.30999755859375,67.31999969482422,67.27999877929688,67.30000305175781,131.0
2025-03-13 10:31:00+00:00,67.26000213623047,67.30000305175781,67.25,67.30000305175781,53.0
2025-03-13 10:32:00+00:00,67.29000091552734,67.30999755859375,67.25,67.2699966430664,135.0
2025-03-13 10:33:00+00:00,67.30999755859375,67.31999969482422,67.27999877929688,67.27999877929688,75.0
2025-03-13 10:34:00+00:00,67.30999755859375,67.33000183105469,67.30999755859375,67.31999969482422,61.0
2025-03-13 10:35:00+00:00,67.33000183105469,67.33000183105469,67.30000305175781,67.30999755859375,111.0
2025-03-13 10:36:00+00:00,67.33000183105469,67.33000183105469,67.30999755859375,67.33000183105469,73.0
2025-03-13 10:37:00+00:00,67.30999755859375,67.33000183105469,67.30999755859375,67.31999969482422,111.0
2025-03-13 10:38:00+00:00,67.30999755859375,67.30999755859375,67.30000305175781,67.30000305175781,33.0
2025-03-13 10:39:00+00:00,67.30000305175781,67.31999969482422,67.29000091552734,67.30999755859375,25.0
2025-03-13 10:40:00+00:00,67.31999969482422,67.31999969482422,67.29000091552734,67.30000305175781,36.0
2025-03-13 10:41:00+00:00,67.33999633789062,67.3499984741211,67.33000183105469,67.33000183105469,42.0
2025-03-13 10:42:00+00:00,67.3499984741211,67.36000061035156,67.33000183105469,67.33999633789062,47.0
2025-03-13 10:43:00+00:00,67.36000061035156,67.36000061035156,67.33999633789062,67.33999633789062,76.0
2025-03-13 10:44:00+00:00,67.37000274658203,67.37000274658203,67.3499984741211,67.36000061035156,22.0
2025-03-13 10:45:00+00:00,67.3499984741211,67.37000274658203,67.3499984741211,67.37000274658203,20.0
2025-03-13 10:46:00+00:00,67.33999633789062,67.36000061035156,67.33999633789062,67.36000061035156,45.0
2025-03-13 10:47:00+00:00,67.30000305175781,67.33999633789062,67.30000305175781,67.33000183105469,72.0
2025-03-13 10:48:00+00:00,67.2699966430664,67.29000091552734,67.25,67.29000091552734,220.0
2025-03-13 10:49:00+00:00,67.27999877929688,67.27999877929688,67.26000213623047,67.26000213623047,23.0
2025-03-13 10:50:00+00:00,67.29000091552734,67.29000091552734,67.26000213623047,67.27999877929688,59.0
2025-03-13 10:51:00+00:00,67.33999633789062,67.33999633789062,67.30000305175781,67.30000305175781,77.0
2025-03-13 10:52:00+00:00,67.3499984741211,67.36000061035156,67.33000183105469,67.33000183105469,56.0
2025-03-13 10:53:00+00:00,67.33999633789062,67.36000061035156,67.33999633789062,67.3499984741211,23.0
2025-03-13 10:54:00+00:00,67.3499984741211,67.3499984741211,67.33000183105469,67.33999633789062,24.0
2025-03-13 10:55:00+00:00,67.33000183105469,67.36000061035156,67.33000183105469,67.3499984741211,35.0
2025-03-13 10:56:00+00:00,67.31999969482422,67.33000183105469,67.30999755859375,67.33000183105469,20.0
2025-03-13 10:57:00+00:00,67.4000015258789,67.41000366210938,67.30999755859375,67.33000183105469,627.0
2025-03-13 10:58:00+00:00,67.41999816894531,67.43000030517578,67.38999938964844,67.4000015258789,222.0
2025-03-13 10:59:00+00:00,67.37000274658203,67.41999816894531,67.37000274658203,67.41999816894531,218.0
2025-03-13 11:00:00+00:00,67.4000015258789,67.45999908447266,67.37000274658203,67.37000274658203,1085.0
2025-03-13 11:01:00+00:00,67.43000030517578,67.43000030517578,67.3499984741211,67.41000366210938,274.0
2025-03-13 11:02:00+00:00,67.41999816894531,67.43000030517578,67.4000015258789,67.43000030517578,59.0
2025-03-13 11:03:00+00:00,67.44000244140625,67.44999694824219,67.41000366210938,67.41000366210938,79.0
2025-03-13 11:04:00+00:00,67.44000244140625,67.44999694824219,67.43000030517578,67.44999694824219,71.0
2025-03-13 11:05:00+00:00,67.47000122070312,67.4800033569336,67.44000244140625,67.44999694824219,138.0
2025-03-13 11:06:00+00:00,67.4800033569336,67.4800033569336,67.45999908447266,67.47000122070312,62.0
2025-03-13 11:07:00+00:00,67.48999786376953,67.48999786376953,67.47000122070312,67.4800033569336,34.0
2025-03-13 11:08:00+00:00,67.44000244140625,67.4800033569336,67.44000244140625,67.4800033569336,73.0
2025-03-13 11:09:00+00:00,67.44000244140625,67.44000244140625,67.41000366210938,67.44000244140625,71.0
2025-03-13 11:10:00+00:00,67.44999694824219,67.45999908447266,67.43000030517578,67.44999694824219,58.0
2025-03-13 11:11:00+00:00,67.45999908447266,67.45999908447266,67.44000244140625,67.44999694824219,59.0
2025-03-13 11:12:00+00:00,67.44999694824219,67.4800033569336,67.44999694824219,67.44999694824219,65.0
2025-03-13 11:13:00+00:00,67.44999694824219,67.45999908447266,67.44999694824219,67.45999908447266,15.0
2025-03-13 11:14:00+00:00,67.47000122070312,67.4800033569336,67.44000244140625,67.44000244140625,58.0
2025-03-13 11:15:00+00:00,67.45999908447266,67.4800033569336,67.44999694824219,67.45999908447266,58.0
2025-03-13 11:16:00+00:00,67.44999694824219,67.45999908447266,67.43000030517578,67.45999908447266,49.0
2025-03-13 11:17:00+00:00,67.44999694824219,67.47000122070312,67.44000244140625,67.45999908447266,198.0
2025-03-13 11:18:00+00:00,67.44999694824219,67.44999694824219,67.41000366210938,67.44999694824219,59.0
2025-03-13 11:19:00+00:00,67.41999816894531,67.44999694824219,67.41999816894531,67.44999694824219,67.0
2025-03-13 11:20:00+00:00,67.43000030517578,67.44000244140625,67.41999816894531,67.41999816894531,49.0
2025-03-13 11:21:00+00:00,67.44000244140625,67.45999908447266,67.43000030517578,67.43000030517578,58.0
2025-03-13 11:22:00+00:00,67.44999694824219,67.45999908447266,67.44999694824219,67.44999694824219,7.0
2025-03-13 11:24:00+00:00,67.4800033569336,67.4800033569336,67.44999694824219,67.47000122070312,813.0
2025-03-13 11:25:00+00:00,67.47000122070312,67.5,67.47000122070312,67.48999786376953,60.0
2025-03-13 11:26:00+00:00,67.47000122070312,67.4800033569336,67.45999908447266,67.47000122070312,112.0
2025-03-13 11:27:00+00:00,67.52999877929688,67.52999877929688,67.4800033569336,67.4800033569336,457.0
2025-03-13 11:28:00+00:00,67.56999969482422,67.56999969482422,67.5199966430664,67.52999877929688,175.0
2025-03-13 11:29:00+00:00,67.55999755859375,67.56999969482422,67.55000305175781,67.55999755859375,85.0
2025-03-13 11:30:00+00:00,67.58000183105469,67.58999633789062,67.55999755859375,67.56999969482422,124.0
2025-03-13 11:31:00+00:00,67.61000061035156,67.63999938964844,67.58999633789062,67.58999633789062,178.0
2025-03-13 11:32:00+00:00,67.48999786376953,67.61000061035156,67.4800033569336,67.5999984741211,472.0
2025-03-13 11:33:00+00:00,67.47000122070312,67.48999786376953,67.44999694824219,67.48999786376953,175.0
2025-03-13 11:34:00+00:00,67.43000030517578,67.47000122070312,67.43000030517578,67.47000122070312,78.0
2025-03-13 11:35:00+00:00,67.37999725341797,67.43000030517578,67.37000274658203,67.43000030517578,416.0
2025-03-13 11:36:00+00:00,67.43000030517578,67.44000244140625,67.38999938964844,67.38999938964844,124.0
2025-03-13 11:37:00+00:00,67.41000366210938,67.44000244140625,67.41000366210938,67.43000030517578,61.0
2025-03-13 11:38:00+00:00,67.37999725341797,67.41999816894531,67.37999725341797,67.41000366210938,56.0
2025-03-13 11:39:00+00:00,67.37000274658203,67.37999725341797,67.36000061035156,67.37999725341797,53.0
2025-03-13 11:40:00+00:00,67.37999725341797,67.37999725341797,67.33999633789062,67.37999725341797,82.0
2025-03-13 11:41:00+00:00,67.4000015258789,67.41999816894531,67.37999725341797,67.37999725341797,44.0
2025-03-13 11:42:00+00:00,67.37000274658203,67.41000366210938,67.37000274658203,67.4000015258789,52.0
2025-03-13 11:43:00+00:00,67.38999938964844,67.38999938964844,67.37000274658203,67.37000274658203,31.0
2025-03-13 11:44:00+00:00,67.3499984741211,67.37999725341797,67.3499984741211,67.37999725341797,56.0
2025-03-13 11:45:00+00:00,67.3499984741211,67.36000061035156,67.33999633789062,67.3499984741211,60.0
2025-03-13 11:46:00+00:00,67.3499984741211,67.37000274658203,67.33999633789062,67.3499984741211,56.0
2025-03-13 11:47:00+00:00,67.30999755859375,67.33999633789062,67.27999877929688,67.33999633789062,140.0
2025-03-13 11:48:00+00:00,67.31999969482422,67.33000183105469,67.30999755859375,67.30999755859375,59.0
2025-03-13 11:49:00+00:00,67.36000061035156,67.36000061035156,67.31999969482422,67.33000183105469,13.0
2025-03-13 11:50:00+00:00,67.3499984741211,67.36000061035156,67.3499984741211,67.3499984741211,19.0
2025-03-13 11:51:00+00:00,67.33999633789062,67.3499984741211,67.33000183105469,67.3499984741211,28.0
2025-03-13 11:52:00+00:00,67.31999969482422,67.33999633789062,67.30999755859375,67.33999633789062,40.0
2025-03-13 11:53:00+00:00,67.31999969482422,67.33000183105469,67.30999755859375,67.30999755859375,30.0
2025-03-13 11:54:00+00:00,67.29000091552734,67.31999969482422,67.29000091552734,67.31999969482422,82.0
2025-03-13 11:55:00+00:00,67.31999969482422,67.31999969482422,67.30000305175781,67.30000305175781,58.0
2025-03-13 11:56:00+00:00,67.30999755859375,67.31999969482422,67.30000305175781,67.30999755859375,40.0
2025-03-13 11:57:00+00:00,67.30999755859375,67.31999969482422,67.30999755859375,67.30999755859375,56.0
2025-03-13 11:58:00+00:00,67.25,67.31999969482422,67.25,67.31999969482422,226.0
2025-03-13 11:59:00+00:00,67.29000091552734,67.29000091552734,67.25,67.26000213623047,95.0
2025-03-13 12:00:00+00:00,67.31999969482422,67.33000183105469,67.26000213623047,67.29000091552734,174.0
2025-03-13 12:01:00+00:00,67.2699966430664,67.31999969482422,67.2699966430664,67.30999755859375,64.0
2025-03-13 12:02:00+00:00,67.26000213623047,67.29000091552734,67.26000213623047,67.2699966430664,37.0
2025-03-13 12:03:00+00:00,67.23999786376953,67.26000213623047,67.22000122070312,67.26000213623047,233.0
2025-03-13 12:04:00+00:00,67.26000213623047,67.26000213623047,67.20999908447266,67.2300033569336,98.0
2025-03-13 12:05:00+00:00,67.23999786376953,67.2699966430664,67.2300033569336,67.25,94.0
2025-03-13 12:06:00+00:00,67.25,67.25,67.22000122070312,67.23999786376953,84.0
2025-03-13 12:07:00+00:00,67.16000366210938,67.23999786376953,67.1500015258789,67.23999786376953,487.0
2025-03-13 12:08:00+00:00,67.16000366210938,67.16999816894531,67.1500015258789,67.16000366210938,102.0
2025-03-13 12:09:00+00:00,67.1500015258789,67.18000030517578,67.1500015258789,67.16999816894531,121.0
2025-03-13 12:10:00+00:00,67.19000244140625,67.19000244140625,67.16000366210938,67.16000366210938,157.0
2025-03-13 12:11:00+00:00,67.16999816894531,67.20999908447266,67.16999816894531,67.19999694824219,108.0
2025-03-13 12:12:00+00:00,67.16999816894531,67.19000244140625,67.16999816894531,67.18000030517578,49.0
2025-03-13 12:13:00+00:00,67.16000366210938,67.16999816894531,67.13999938964844,67.16999816894531,126.0
2025-03-13 12:14:00+00:00,67.13999938964844,67.16000366210938,67.12999725341797,67.16000366210938,90.0
2025-03-13 12:15:00+00:00,67.20999908447266,67.20999908447266,67.13999938964844,67.13999938964844,871.0
2025-03-13 12:16:00+00:00,67.23999786376953,67.27999877929688,67.22000122070312,67.22000122070312,498.0
2025-03-13 12:17:00+00:00,67.22000122070312,67.26000213623047,67.20999908447266,67.25,236.0
2025-03-13 12:18:00+00:00,67.2300033569336,67.25,67.22000122070312,67.22000122070312,85.0
2025-03-13 12:19:00+00:00,67.22000122070312,67.2300033569336,67.20999908447266,67.22000122070312,47.0
2025-03-13 12:20:00+00:00,67.25,67.26000213623047,67.22000122070312,67.2300033569336,124.0
2025-03-13 12:21:00+00:00,67.2699966430664,67.2699966430664,67.23999786376953,67.25,86.0
2025-03-13 12:22:00+00:00,67.29000091552734,67.31999969482422,67.2699966430664,67.2699966430664,102.0
2025-03-13 12:23:00+00:00,67.33999633789062,67.3499984741211,67.29000091552734,67.29000091552734,167.0
2025-03-13 12:24:00+00:00,67.3499984741211,67.3499984741211,67.33000183105469,67.33999633789062,171.0
2025-03-13 12:25:00+00:00,67.36000061035156,67.36000061035156,67.33999633789062,67.3499984741211,46.0
2025-03-13 12:26:00+00:00,67.3499984741211,67.36000061035156,67.33999633789062,67.3499984741211,58.0
2025-03-13 12:27:00+00:00,67.37000274658203,67.37000274658203,67.33000183105469,67.33999633789062,88.0
2025-03-13 12:28:00+00:00,67.37999725341797,67.4000015258789,67.36000061035156,67.37999725341797,131.0
2025-03-13 12:29:00+00:00,67.37999725341797,67.38999938964844,67.37000274658203,67.37000274658203,69.0
2025-03-13 12:30:00+00:00,67.36000061035156,67.41999816894531,67.3499984741211,67.38999938964844,480.0
2025-03-13 12:31:00+00:00,67.38999938964844,67.38999938964844,67.3499984741211,67.3499984741211,193.0
2025-03-13 12:32:00+00:00,67.37000274658203,67.38999938964844,67.36000061035156,67.37999725341797,83.0
2025-03-13 12:33:00+00:00,67.37999725341797,67.38999938964844,67.37000274658203,67.37000274658203,57.0
2025-03-13 12:34:00+00:00,67.36000061035156,67.4000015258789,67.3499984741211,67.38999938964844,32.0
2025-03-13 12:35:00+00:00,67.37999725341797,67.37999725341797,67.37000274658203,67.37999725341797,73.0
2025-03-13 12:36:00+00:00,67.36000061035156,67.38999938964844,67.36000061035156,67.38999938964844,76.0
2025-03-13 12:37:00+00:00,67.30999755859375,67.36000061035156,67.30999755859375,67.36000061035156,124.0
2025-03-13 12:38:00+00:00,67.30000305175781,67.31999969482422,67.30000305175781,67.30999755859375,219.0
2025-03-13 12:39:00+00:00,67.33000183105469,67.33000183105469,67.30999755859375,67.30999755859375,42.0
2025-03-13 12:40:00+00:00,67.36000061035156,67.37000274658203,67.33000183105469,67.33000183105469,68.0
2025-03-13 12:41:00+00:00,67.37999725341797,67.38999938964844,67.36000061035156,67.36000061035156,84.0
2025-03-13 12:42:00+00:00,67.33000183105469,67.37999725341797,67.31999969482422,67.37999725341797,69.0
2025-03-13 12:43:00+00:00,67.37000274658203,67.37999725341797,67.33000183105469,67.33000183105469,80.0
2025-03-13 12:44:00+00:00,67.41999816894531,67.41999816894531,67.37000274658203,67.37000274658203,181.0
2025-03-13 12:45:00+00:00,67.36000061035156,67.41000366210938,67.3499984741211,67.41000366210938,114.0
2025-03-13 12:46:00+00:00,67.38999938964844,67.41000366210938,67.3499984741211,67.3499984741211,61.0
2025-03-13 12:47:00+00:00,67.37000274658203,67.4000015258789,67.36000061035156,67.38999938964844,83.0
2025-03-13 12:48:00+00:00,67.36000061035156,67.37999725341797,67.3499984741211,67.37000274658203,43.0
2025-03-13 12:49:00+00:00,67.3499984741211,67.36000061035156,67.33999633789062,67.3499984741211,43.0
2025-03-13 12:50:00+00:00,67.3499984741211,67.3499984741211,67.31999969482422,67.33999633789062,60.0
2025-03-13 12:51:00+00:00,67.30000305175781,67.3499984741211,67.30000305175781,67.3499984741211,167.0
2025-03-13 12:52:00+00:00,67.31999969482422,67.33000183105469,67.30000305175781,67.30000305175781,120.0
2025-03-13 12:53:00+00:00,67.29000091552734,67.31999969482422,67.2699966430664,67.31999969482422,124.0
2025-03-13 12:54:00+00:00,67.27999877929688,67.30999755859375,67.26000213623047,67.29000091552734,65.0
2025-03-13 12:55:00+00:00,67.27999877929688,67.30000305175781,67.2699966430664,67.2699966430664,98.0
2025-03-13 12:56:00+00:00,67.27999877929688,67.30000305175781,67.2699966430664,67.29000091552734,98.0
2025-03-13 12:57:00+00:00,67.25,67.29000091552734,67.25,67.29000091552734,152.0
2025-03-13 12:58:00+00:00,67.20999908447266,67.25,67.19999694824219,67.25,1473.0
2025-03-13 12:59:00+00:00,67.19999694824219,67.20999908447266,67.18000030517578,67.20999908447266,338.0
2025-03-13 13:00:00+00:00,67.16000366210938,67.19999694824219,67.12000274658203,67.19999694824219,621.0
2025-03-13 13:01:00+00:00,67.16000366210938,67.18000030517578,67.12999725341797,67.1500015258789,307.0
2025-03-13 13:02:00+00:00,67.1500015258789,67.20999908447266,67.13999938964844,67.16000366210938,457.0
2025-03-13 13:03:00+00:00,67.05000305175781,67.16000366210938,67.0199966430664,67.1500015258789,1624.0
2025-03-13 13:04:00+00:00,67.05999755859375,67.06999969482422,67.02999877929688,67.05000305175781,557.0
2025-03-13 13:05:00+00:00,67.0999984741211,67.11000061035156,67.05000305175781,67.05999755859375,518.0
2025-03-13 13:06:00+00:00,67.0999984741211,67.1500015258789,67.08999633789062,67.0999984741211,378.0
2025-03-13 13:07:00+00:00,67.11000061035156,67.11000061035156,67.06999969482422,67.0999984741211,194.0
2025-03-13 13:08:00+00:00,67.1500015258789,67.1500015258789,67.08999633789062,67.11000061035156,212.0
2025-03-13 13:09:00+00:00,67.12999725341797,67.16000366210938,67.12999725341797,67.1500015258789,164.0
2025-03-13 13:10:00+00:00,67.12000274658203,67.12999725341797,67.08999633789062,67.12999725341797,186.0
2025-03-13 13:11:00+00:00,67.12000274658203,67.1500015258789,67.0999984741211,67.12000274658203,174.0
2025-03-13 13:12:00+00:00,67.12999725341797,67.13999938964844,67.11000061035156,67.11000061035156,84.0
2025-03-13 13:13:00+00:00,67.08999633789062,67.13999938964844,67.08000183105469,67.12000274658203,239.0
2025-03-13 13:14:00+00:00,67.08000183105469,67.08999633789062,67.08000183105469,67.08999633789062,77.0
2025-03-13 13:15:00+00:00,67.08999633789062,67.11000061035156,67.08000183105469,67.08000183105469,119.0
2025-03-13 13:16:00+00:00,67.06999969482422,67.0999984741211,67.05000305175781,67.0999984741211,123.0
2025-03-13 13:17:00+00:00,67.05000305175781,67.08000183105469,67.05000305175781,67.06999969482422,134.0
2025-03-13 13:18:00+00:00,67.02999877929688,67.05000305175781,67.01000213623047,67.04000091552734,440.0
2025-03-13 13:19:00+00:00,67.08000183105469,67.08999633789062,67.02999877929688,67.02999877929688,1283.0
2025-03-13 13:20:00+00:00,67.05999755859375,67.08000183105469,67.05000305175781,67.06999969482422,76.0
2025-03-13 13:21:00+00:00,66.9800033569336,67.05000305175781,66.9800033569336,67.05000305175781,413.0
2025-03-13 13:22:00+00:00,66.9800033569336,67.01000213623047,66.95999908447266,66.98999786376953,981.0
2025-03-13 13:23:00+00:00,66.9800033569336,66.98999786376953,66.97000122070312,66.98999786376953,137.0
2025-03-13 13:24:00+00:00,67.01000213623047,67.0199966430664,66.97000122070312,66.97000122070312,221.0
2025-03-13 13:25:00+00:00,67.0199966430664,67.0199966430664,66.98999786376953,67.01000213623047,355.0
2025-03-13 13:26:00+00:00,67.01000213623047,67.06999969482422,67.0,67.02999877929688,379.0
2025-03-13 13:27:00+00:00,67.0199966430664,67.02999877929688,67.0,67.01000213623047,342.0
2025-03-13 13:28:00+00:00,67.01000213623047,67.05000305175781,67.01000213623047,67.0199966430664,414.0
2025-03-13 13:29:00+00:00,67.01000213623047,67.0199966430664,67.0,67.01000213623047,87.0
2025-03-13 13:30:00+00:00,66.97000122070312,67.0199966430664,66.97000122070312,67.0,175.0
2025-03-13 13:31:00+00:00,67.0199966430664,67.02999877929688,66.97000122070312,66.97000122070312,325.0
2025-03-13 13:32:00+00:00,67.06999969482422,67.08999633789062,67.01000213623047,67.0199966430664,220.0
2025-03-13 13:33:00+00:00,67.02999877929688,67.08999633789062,67.0199966430664,67.06999969482422,1457.0
2025-03-13 13:34:00+00:00,67.02999877929688,67.06999969482422,67.0199966430664,67.02999877929688,174.0
2025-03-13 13:35:00+00:00,67.0199966430664,67.02999877929688,67.0,67.0199966430664,168.0
2025-03-13 13:36:00+00:00,67.02999877929688,67.05000305175781,67.0199966430664,67.02999877929688,164.0
2025-03-13 13:37:00+00:00,67.05999755859375,67.05999755859375,67.0,67.0199966430664,202.0
2025-03-13 13:38:00+00:00,67.08000183105469,67.11000061035156,67.06999969482422,67.06999969482422,218.0
2025-03-13 13:39:00+00:00,67.11000061035156,67.11000061035156,67.05000305175781,67.08999633789062,120.0
2025-03-13 13:40:00+00:00,67.18000030517578,67.22000122070312,67.12000274658203,67.12000274658203,877.0
2025-03-13 13:41:00+00:00,67.13999938964844,67.19999694824219,67.12999725341797,67.18000030517578,681.0
2025-03-13 13:42:00+00:00,67.16999816894531,67.18000030517578,67.1500015258789,67.1500015258789,431.0
2025-03-13 13:43:00+00:00,67.16000366210938,67.18000030517578,67.16000366210938,67.18000030517578,105.0
2025-03-13 13:44:00+00:00,67.1500015258789,67.18000030517578,67.12999725341797,67.16999816894531,151.0
2025-03-13 13:45:00+00:00,67.13999938964844,67.18000030517578,67.12999725341797,67.1500015258789,116.0
2025-03-13 13:46:00+00:00,67.0999984741211,67.11000061035156,67.0999984741211,67.0999984741211,492.0
2025-03-13 13:47:00+00:00,67.06999969482422,67.0999984741211,67.05999755859375,67.0999984741211,140.0
2025-03-13 13:48:00+00:00,67.05999755859375,67.08000183105469,67.04000091552734,67.06999969482422,122.0
2025-03-13 13:49:00+00:00,67.05999755859375,67.06999969482422,67.05000305175781,67.05000305175781,97.0
2025-03-13 13:50:00+00:00,67.0199966430664,67.0999984741211,67.0,67.06999969482422,405.0
2025-03-13 13:51:00+00:00,67.05000305175781,67.05999755859375,67.0199966430664,67.0199966430664,102.0
2025-03-13 13:52:00+00:00,67.05000305175781,67.05999755859375,67.02999877929688,67.05999755859375,68.0
2025-03-13 13:53:00+00:00,67.06999969482422,67.08000183105469,67.05000305175781,67.05000305175781,84.0
2025-03-13 13:54:00+00:00,67.06999969482422,67.08999633789062,67.02999877929688,67.08000183105469,215.0
2025-03-13 13:55:00+00:00,67.13999938964844,67.1500015258789,67.05999755859375,67.05999755859375,620.0
2025-03-13 13:56:00+00:00,67.08999633789062,67.16000366210938,67.06999969482422,67.1500015258789,145.0
2025-03-13 13:57:00+00:00,67.06999969482422,67.0999984741211,67.06999969482422,67.08999633789062,142.0
2025-03-13 13:58:00+00:00,67.08000183105469,67.08000183105469,67.05000305175781,67.06999969482422,191.0
2025-03-13 13:59:00+00:00,67.06999969482422,67.08999633789062,67.05999755859375,67.08000183105469,112.0
2025-03-13 14:00:00+00:00,67.0199966430664,67.06999969482422,67.0,67.06999969482422,339.0
2025-03-13 14:01:00+00:00,66.93000030517578,67.06999969482422,66.91000366210938,67.0199966430664,2135.0
2025-03-13 14:02:00+00:00,66.91000366210938,66.94000244140625,66.86000061035156,66.94000244140625,859.0
2025-03-13 14:03:00+00:00,66.87999725341797,66.91999816894531,66.86000061035156,66.91000366210938,385.0
2025-03-13 14:04:00+00:00,67.0,67.06999969482422,66.83000183105469,66.87999725341797,2272.0
2025-03-13 14:05:00+00:00,67.22000122070312,67.26000213623047,66.9800033569336,66.98999786376953,2251.0
2025-03-13 14:06:00+00:00,67.19000244140625,67.27999877929688,67.1500015258789,67.22000122070312,863.0
2025-03-13 14:07:00+00:00,67.20999908447266,67.20999908447266,67.12999725341797,67.19000244140625,382.0
2025-03-13 14:08:00+00:00,67.19999694824219,67.22000122070312,67.16999816894531,67.19999694824219,234.0
2025-03-13 14:09:00+00:00,67.18000030517578,67.23999786376953,67.16999816894531,67.19999694824219,1224.0
2025-03-13 14:10:00+00:00,67.08999633789062,67.25,67.06999969482422,67.19000244140625,1340.0
2025-03-13 14:11:00+00:00,67.05000305175781,67.12999725341797,67.02999877929688,67.08999633789062,679.0
2025-03-13 14:12:00+00:00,67.05000305175781,67.06999969482422,67.0199966430664,67.05999755859375,440.0
2025-03-13 14:13:00+00:00,67.04000091552734,67.05999755859375,67.02999877929688,67.05999755859375,152.0
2025-03-13 14:14:00+00:00,67.11000061035156,67.12999725341797,67.02999877929688,67.04000091552734,294.0
2025-03-13 14:15:00+00:00,67.08999633789062,67.12000274658203,67.08000183105469,67.11000061035156,210.0
2025-03-13 14:16:00+00:00,67.12000274658203,67.12999725341797,67.08000183105469,67.08999633789062,206.0
2025-03-13 14:17:00+00:00,67.11000061035156,67.1500015258789,67.08999633789062,67.12000274658203,152.0
2025-03-13 14:18:00+00:00,67.18000030517578,67.18000030517578,67.11000061035156,67.11000061035156,329.0
2025-03-13 14:19:00+00:00,67.12000274658203,67.25,67.11000061035156,67.18000030517578,988.0
2025-03-13 14:20:00+00:00,67.12999725341797,67.1500015258789,67.0999984741211,67.12999725341797,255.0
2025-03-13 14:21:00+00:00,67.1500015258789,67.1500015258789,67.0999984741211,67.13999938964844,427.0
2025-03-13 14:22:00+00:00,67.18000030517578,67.19999694824219,67.0999984741211,67.1500015258789,501.0
2025-03-13 14:23:00+00:00,67.22000122070312,67.23999786376953,67.18000030517578,67.19000244140625,902.0
2025-03-13 14:24:00+00:00,67.22000122070312,67.2300033569336,67.18000030517578,67.20999908447266,97.0
2025-03-13 14:25:00+00:00,67.27999877929688,67.31999969482422,67.2300033569336,67.2300033569336,628.0
2025-03-13 14:26:00+00:00,67.27999877929688,67.29000091552734,67.25,67.27999877929688,203.0
2025-03-13 14:27:00+00:00,67.2300033569336,67.27999877929688,67.2300033569336,67.27999877929688,127.0
2025-03-13 14:28:00+00:00,67.19000244140625,67.25,67.19000244140625,67.23999786376953,496.0
2025-03-13 14:29:00+00:00,67.19999694824219,67.19999694824219,67.16999816894531,67.18000030517578,153.0
2025-03-13 14:30:00+00:00,67.30999755859375,67.33999633789062,67.19999694824219,67.19999694824219,407.0
2025-03-13 14:31:00+00:00,67.27999877929688,67.30999755859375,67.26000213623047,67.30000305175781,235.0
2025-03-13 14:32:00+00:00,67.23999786376953,67.27999877929688,67.22000122070312,67.2699966430664,173.0
2025-03-13 14:33:00+00:00,67.25,67.27999877929688,67.23999786376953,67.25,210.0
2025-03-13 14:34:00+00:00,67.23999786376953,67.26000213623047,67.2300033569336,67.25,294.0
2025-03-13 14:35:00+00:00,67.2300033569336,67.27999877929688,67.2300033569336,67.25,186.0
2025-03-13 14:36:00+00:00,67.19999694824219,67.2300033569336,67.19000244140625,67.2300033569336,544.0
2025-03-13 14:37:00+00:00,67.2300033569336,67.26000213623047,67.20999908447266,67.20999908447266,94.0
2025-03-13 14:38:00+00:00,67.26000213623047,67.29000091552734,67.23999786376953,67.23999786376953,125.0
2025-03-13 14:39:00+00:00,67.30000305175781,67.30000305175781,67.25,67.25,179.0
2025-03-13 14:40:00+00:00,67.27999877929688,67.33000183105469,67.2699966430664,67.30000305175781,139.0
2025-03-13 14:41:00+00:00,67.30000305175781,67.30000305175781,67.25,67.2699966430664,139.0
2025-03-13 14:42:00+00:00,67.27999877929688,67.30000305175781,67.26000213623047,67.30000305175781,126.0
2025-03-13 14:43:00+00:00,67.27999877929688,67.30000305175781,67.25,67.29000091552734,335.0
2025-03-13 14:44:00+00:00,67.2699966430664,67.27999877929688,67.25,67.27999877929688,153.0
2025-03-13 14:45:00+00:00,67.33000183105469,67.33000183105469,67.25,67.26000213623047,1013.0
2025-03-13 14:46:00+00:00,67.29000091552734,67.31999969482422,67.27999877929688,67.31999969482422,109.0
2025-03-13 14:47:00+00:00,67.30999755859375,67.31999969482422,67.27999877929688,67.27999877929688,127.0
2025-03-13 14:48:00+00:00,67.2699966430664,67.31999969482422,67.26000213623047,67.30999755859375,148.0
2025-03-13 14:49:00+00:00,67.29000091552734,67.29000091552734,67.22000122070312,67.2699966430664,820.0
2025-03-13 14:50:00+00:00,67.30000305175781,67.31999969482422,67.2699966430664,67.29000091552734,140.0
2025-03-13 14:51:00+00:00,67.31999969482422,67.33999633789062,67.30000305175781,67.30000305175781,210.0
2025-03-13 14:52:00+00:00,67.30000305175781,67.31999969482422,67.27999877929688,67.31999969482422,119.0
2025-03-13 14:53:00+00:00,67.25,67.30999755859375,67.23999786376953,67.30000305175781,159.0
2025-03-13 14:54:00+00:00,67.19000244140625,67.26000213623047,67.18000030517578,67.26000213623047,276.0
2025-03-13 14:55:00+00:00,67.19000244140625,67.19999694824219,67.12999725341797,67.19000244140625,1176.0
2025-03-13 14:56:00+00:00,67.12999725341797,67.19999694824219,67.12999725341797,67.19999694824219,206.0
2025-03-13 14:57:00+00:00,67.13999938964844,67.13999938964844,67.0999984741211,67.12999725341797,175.0
2025-03-13 14:58:00+00:00,67.0999984741211,67.13999938964844,67.08999633789062,67.12999725341797,129.0
2025-03-13 14:59:00+00:00,67.1500015258789,67.1500015258789,67.08999633789062,67.11000061035156,150.0
2025-03-13 15:00:00+00:00,67.19000244140625,67.22000122070312,67.13999938964844,67.1500015258789,261.0
2025-03-13 15:01:00+00:00,67.16000366210938,67.19000244140625,67.12999725341797,67.19000244140625,177.0
2025-03-13 15:02:00+00:00,67.13999938964844,67.16000366210938,67.12000274658203,67.16000366210938,112.0
2025-03-13 15:03:00+00:00,67.16999816894531,67.16999816894531,67.12000274658203,67.13999938964844,159.0
2025-03-13 15:04:00+00:00,67.1500015258789,67.19000244140625,67.1500015258789,67.16999816894531,240.0
2025-03-13 15:05:00+00:00,67.05000305175781,67.13999938964844,67.04000091552734,67.13999938964844,964.0
2025-03-13 15:06:00+00:00,67.01000213623047,67.05000305175781,66.98999786376953,67.05000305175781,459.0
2025-03-13 15:07:00+00:00,66.95999908447266,67.01000213623047,66.95999908447266,67.01000213623047,365.0
2025-03-13 15:08:00+00:00,66.91999816894531,66.94999694824219,66.91000366210938,66.94999694824219,261.0
2025-03-13 15:10:00+00:00,66.98999786376953,67.01000213623047,66.98999786376953,67.0,781.0
2025-03-13 15:11:00+00:00,66.98999786376953,66.98999786376953,66.95999908447266,66.9800033569336,838.0
2025-03-13 15:12:00+00:00,67.01000213623047,67.0199966430664,66.97000122070312,66.98999786376953,1128.0
2025-03-13 15:13:00+00:00,67.04000091552734,67.06999969482422,67.01000213623047,67.01000213623047,219.0
2025-03-13 15:14:00+00:00,67.02999877929688,67.04000091552734,67.0199966430664,67.04000091552734,114.0
2025-03-13 15:15:00+00:00,67.0199966430664,67.02999877929688,67.0,67.02999877929688,111.0
2025-03-13 15:16:00+00:00,67.06999969482422,67.08000183105469,67.0199966430664,67.0199966430664,173.0
2025-03-13 15:17:00+00:00,67.06999969482422,67.08999633789062,67.05999755859375,67.06999969482422,183.0
2025-03-13 15:18:00+00:00,67.05000305175781,67.08000183105469,67.04000091552734,67.05999755859375,194.0
2025-03-13 15:19:00+00:00,67.0199966430664,67.05999755859375,67.01000213623047,67.05999755859375,262.0
2025-03-13 15:20:00+00:00,67.08999633789062,67.08999633789062,67.0199966430664,67.0199966430664,378.0
2025-03-13 15:21:00+00:00,67.08999633789062,67.12000274658203,67.06999969482422,67.0999984741211,235.0
2025-03-13 15:22:00+00:00,67.06999969482422,67.0999984741211,67.05999755859375,67.08999633789062,124.0
2025-03-13 15:23:00+00:00,67.08000183105469,67.0999984741211,67.06999969482422,67.08000183105469,184.0
2025-03-13 15:24:00+00:00,67.08000183105469,67.0999984741211,67.08000183105469,67.08000183105469,82.0
2025-03-13 15:25:00+00:00,67.05000305175781,67.0999984741211,67.05000305175781,67.08000183105469,197.0
2025-03-13 15:26:00+00:00,67.02999877929688,67.05000305175781,67.01000213623047,67.05000305175781,107.0
2025-03-13 15:27:00+00:00,67.0199966430664,67.02999877929688,66.98999786376953,67.02999877929688,138.0
2025-03-13 15:28:00+00:00,67.05000305175781,67.06999969482422,67.02999877929688,67.02999877929688,194.0
2025-03-13 15:29:00+00:00,66.9800033569336,67.05000305175781,66.9800033569336,67.05000305175781,152.0
2025-03-13 15:30:00+00:00,66.98999786376953,67.01000213623047,66.95999908447266,66.98999786376953,219.0
2025-03-13 15:31:00+00:00,67.0999984741211,67.12999725341797,66.98999786376953,66.98999786376953,1784.0
2025-03-13 15:32:00+00:00,67.16000366210938,67.18000030517578,67.08999633789062,67.0999984741211,183.0
2025-03-13 15:33:00+00:00,67.16999816894531,67.19999694824219,67.13999938964844,67.16000366210938,1919.0
2025-03-13 15:34:00+00:00,67.18000030517578,67.19999694824219,67.1500015258789,67.16000366210938,120.0
2025-03-13 15:35:00+00:00,67.19000244140625,67.23999786376953,67.19000244140625,67.19000244140625,341.0
2025-03-13 15:36:00+00:00,67.16999816894531,67.20999908447266,67.1500015258789,67.19000244140625,176.0
2025-03-13 15:37:00+00:00,67.1500015258789,67.16999816894531,67.13999938964844,67.16999816894531,67.0
2025-03-13 15:38:00+00:00,67.11000061035156,67.1500015258789,67.11000061035156,67.13999938964844,277.0
2025-03-13 15:39:00+00:00,67.12999725341797,67.13999938964844,67.11000061035156,67.11000061035156,240.0
2025-03-13 15:40:00+00:00,67.08000183105469,67.1500015258789,67.08000183105469,67.13999938964844,189.0
2025-03-13 15:41:00+00:00,67.01000213623047,67.0999984741211,66.98999786376953,67.08999633789062,351.0
2025-03-13 15:42:00+00:00,66.93000030517578,67.0,66.87999725341797,67.0,2474.0
2025-03-13 15:43:00+00:00,66.97000122070312,67.02999877929688,66.91999816894531,66.93000030517578,597.0
2025-03-13 15:44:00+00:00,66.94000244140625,67.01000213623047,66.94000244140625,66.97000122070312,377.0
2025-03-13 15:45:00+00:00,66.66999816894531,66.97000122070312,66.6500015258789,66.94000244140625,2750.0
2025-03-13 15:46:00+00:00,66.62999725341797,66.68000030517578,66.37000274658203,66.66999816894531,4507.0
2025-03-13 15:47:00+00:00,66.66000366210938,66.66000366210938,66.55999755859375,66.62999725341797,750.0
2025-03-13 15:48:00+00:00,66.83999633789062,66.83999633789062,66.6500015258789,66.66000366210938,1919.0
2025-03-13 15:49:00+00:00,66.83000183105469,66.95999908447266,66.79000091552734,66.83999633789062,1502.0
2025-03-13 15:50:00+00:00,66.7699966430664,66.86000061035156,66.75,66.81999969482422,603.0
2025-03-13 15:51:00+00:00,66.80000305175781,66.80999755859375,66.7300033569336,66.7699966430664,483.0
2025-03-13 15:52:00+00:00,66.81999969482422,66.8499984741211,66.7699966430664,66.80000305175781,397.0
2025-03-13 15:53:00+00:00,66.83000183105469,66.88999938964844,66.81999969482422,66.83000183105469,833.0
2025-03-13 15:54:00+00:00,66.80000305175781,66.83000183105469,66.79000091552734,66.81999969482422,295.0
2025-03-13 15:55:00+00:00,66.93000030517578,67.04000091552734,66.77999877929688,66.80000305175781,1581.0
2025-03-13 15:57:00+00:00,66.87999725341797,66.9000015258789,66.87999725341797,66.87999725341797,2194.0
2025-03-13 15:58:00+00:00,66.83000183105469,66.87999725341797,66.79000091552734,66.87999725341797,479.0
2025-03-13 15:59:00+00:00,66.81999969482422,66.83999633789062,66.7699966430664,66.83999633789062,214.0
2025-03-13 16:00:00+00:00,66.87000274658203,66.9000015258789,66.80000305175781,66.81999969482422,291.0
2025-03-13 16:01:00+00:00,66.9000015258789,66.91000366210938,66.86000061035156,66.87000274658203,260.0
2025-03-13 16:02:00+00:00,66.88999938964844,66.9000015258789,66.83999633789062,66.9000015258789,283.0
2025-03-13 16:03:00+00:00,66.83000183105469,66.88999938964844,66.80999755859375,66.88999938964844,318.0
2025-03-13 16:04:00+00:00,66.81999969482422,66.8499984741211,66.80999755859375,66.83999633789062,211.0
2025-03-13 16:05:00+00:00,66.94999694824219,66.95999908447266,66.81999969482422,66.81999969482422,1575.0
2025-03-13 16:06:00+00:00,66.88999938964844,66.98999786376953,66.87000274658203,66.94999694824219,611.0
2025-03-13 16:07:00+00:00,66.93000030517578,66.93000030517578,66.8499984741211,66.9000015258789,215.0
2025-03-13 16:08:00+00:00,67.0199966430664,67.02999877929688,66.93000030517578,66.93000030517578,457.0
2025-03-13 16:09:00+00:00,67.0199966430664,67.02999877929688,66.9800033569336,67.0199966430664,327.0
2025-03-13 16:10:00+00:00,67.04000091552734,67.06999969482422,67.01000213623047,67.01000213623047,378.0
2025-03-13 16:11:00+00:00,66.94999694824219,67.04000091552734,66.93000030517578,67.02999877929688,288.0
2025-03-13 16:12:00+00:00,67.0199966430664,67.04000091552734,66.94999694824219,66.94999694824219,304.0
2025-03-13 16:13:00+00:00,67.0,67.02999877929688,66.95999908447266,67.02999877929688,149.0
2025-03-13 16:14:00+00:00,66.95999908447266,67.01000213623047,66.95999908447266,66.98999786376953,159.0
2025-03-13 16:15:00+00:00,66.94000244140625,66.97000122070312,66.91999816894531,66.95999908447266,159.0
2025-03-13 16:16:00+00:00,66.94000244140625,66.97000122070312,66.91999816894531,66.94000244140625,194.0
2025-03-13 16:17:00+00:00,66.95999908447266,66.95999908447266,66.91000366210938,66.94000244140625,375.0
2025-03-13 16:18:00+00:00,66.94999694824219,66.95999908447266,66.91999816894531,66.95999908447266,105.0
2025-03-13 16:19:00+00:00,66.91000366210938,66.94000244140625,66.9000015258789,66.94000244140625,174.0
2025-03-13 16:20:00+00:00,66.93000030517578,66.94999694824219,66.88999938964844,66.91000366210938,118.0
2025-03-13 16:21:00+00:00,66.87000274658203,66.94000244140625,66.86000061035156,66.93000030517578,333.0
2025-03-13 16:22:00+00:00,66.97000122070312,66.9800033569336,66.87000274658203,66.87000274658203,344.0
2025-03-13 16:23:00+00:00,66.95999908447266,66.98999786376953,66.95999908447266,66.97000122070312,130.0
2025-03-13 16:24:00+00:00,66.91000366210938,66.95999908447266,66.9000015258789,66.95999908447266,172.0
2025-03-13 16:25:00+00:00,66.87000274658203,66.91999816894531,66.83999633789062,66.91000366210938,399.0
2025-03-13 16:26:00+00:00,66.87000274658203,66.88999938964844,66.86000061035156,66.87000274658203,299.0
2025-03-13 16:27:00+00:00,66.91000366210938,66.93000030517578,66.86000061035156,66.86000061035156,116.0
2025-03-13 16:28:00+00:00,66.91000366210938,66.91999816894531,66.87999725341797,66.9000015258789,188.0
2025-03-13 16:29:00+00:00,66.8499984741211,66.91000366210938,66.81999969482422,66.9000015258789,584.0
2025-03-13 16:30:00+00:00,66.80999755859375,66.86000061035156,66.79000091552734,66.86000061035156,441.0
2025-03-13 16:31:00+00:00,66.87999725341797,66.91999816894531,66.80999755859375,66.80999755859375,379.0
2025-03-13 16:32:00+00:00,66.79000091552734,66.91000366210938,66.7699966430664,66.87999725341797,622.0
2025-03-13 16:33:00+00:00,66.79000091552734,66.81999969482422,66.7300033569336,66.77999877929688,399.0
2025-03-13 16:34:00+00:00,66.81999969482422,66.83000183105469,66.79000091552734,66.79000091552734,158.0
2025-03-13 16:35:00+00:00,66.80999755859375,66.80999755859375,66.79000091552734,66.80000305175781,193.0
2025-03-13 16:36:00+00:00,66.80000305175781,66.87000274658203,66.80000305175781,66.81999969482422,846.0
2025-03-13 16:37:00+00:00,66.80000305175781,66.80999755859375,66.76000213623047,66.80000305175781,126.0
2025-03-13 16:38:00+00:00,66.77999877929688,66.80999755859375,66.75,66.80999755859375,168.0
2025-03-13 16:39:00+00:00,66.79000091552734,66.80999755859375,66.77999877929688,66.79000091552734,75.0
2025-03-13 16:40:00+00:00,66.81999969482422,66.81999969482422,66.79000091552734,66.80000305175781,219.0
2025-03-13 16:41:00+00:00,66.77999877929688,66.83000183105469,66.77999877929688,66.81999969482422,73.0
2025-03-13 16:42:00+00:00,66.79000091552734,66.80000305175781,66.7699966430664,66.79000091552734,143.0
2025-03-13 16:43:00+00:00,66.75,66.80999755859375,66.72000122070312,66.79000091552734,1027.0
2025-03-13 16:44:00+00:00,66.69000244140625,66.76000213623047,66.66999816894531,66.75,537.0
2025-03-13 16:45:00+00:00,66.70999908447266,66.73999786376953,66.68000030517578,66.69000244140625,290.0
2025-03-13 16:46:00+00:00,66.68000030517578,66.72000122070312,66.66999816894531,66.70999908447266,275.0
2025-03-13 16:47:00+00:00,66.62000274658203,66.70999908447266,66.5999984741211,66.68000030517578,520.0
2025-03-13 16:48:00+00:00,66.63999938964844,66.6500015258789,66.62000274658203,66.62000274658203,523.0
2025-03-13 16:49:00+00:00,66.62999725341797,66.6500015258789,66.61000061035156,66.63999938964844,211.0
2025-03-13 16:50:00+00:00,66.68000030517578,66.68000030517578,66.5999984741211,66.62999725341797,327.0
2025-03-13 16:51:00+00:00,66.6500015258789,66.69000244140625,66.6500015258789,66.68000030517578,249.0
2025-03-13 16:52:00+00:00,66.66999816894531,66.72000122070312,66.6500015258789,66.6500015258789,439.0
2025-03-13 16:53:00+00:00,66.68000030517578,66.69999694824219,66.66999816894531,66.68000030517578,317.0
2025-03-13 16:54:00+00:00,66.6500015258789,66.69999694824219,66.63999938964844,66.68000030517578,657.0
2025-03-13 16:55:00+00:00,66.66000366210938,66.70999908447266,66.62000274658203,66.66000366210938,667.0
2025-03-13 16:56:00+00:00,66.66000366210938,66.66999816894531,66.62000274658203,66.66000366210938,193.0
2025-03-13 16:57:00+00:00,66.6500015258789,66.68000030517578,66.63999938964844,66.66000366210938,108.0
2025-03-13 16:58:00+00:00,66.66000366210938,66.68000030517578,66.63999938964844,66.6500015258789,154.0
2025-03-13 16:59:00+00:00,66.69999694824219,66.69999694824219,66.62999725341797,66.66000366210938,1291.0
2025-03-13 17:00:00+00:00,66.76000213623047,66.76000213623047,66.69999694824219,66.69999694824219,714.0
2025-03-13 17:01:00+00:00,66.69999694824219,66.73999786376953,66.68000030517578,66.73999786376953,231.0
2025-03-13 17:02:00+00:00,66.69000244140625,66.70999908447266,66.66999816894531,66.69000244140625,96.0
2025-03-13 17:03:00+00:00,66.66000366210938,66.69999694824219,66.66000366210938,66.68000030517578,509.0
2025-03-13 17:04:00+00:00,66.68000030517578,66.69000244140625,66.66000366210938,66.66000366210938,230.0
2025-03-13 17:05:00+00:00,66.73999786376953,66.73999786376953,66.68000030517578,66.69000244140625,204.0
2025-03-13 17:06:00+00:00,66.69999694824219,66.7300033569336,66.69999694824219,66.7300033569336,161.0
2025-03-13 17:07:00+00:00,66.76000213623047,66.76000213623047,66.70999908447266,66.70999908447266,101.0
2025-03-13 17:08:00+00:00,66.7300033569336,66.76000213623047,66.72000122070312,66.76000213623047,351.0
2025-03-13 17:09:00+00:00,66.70999908447266,66.7300033569336,66.69999694824219,66.72000122070312,108.0
2025-03-13 17:10:00+00:00,66.73999786376953,66.77999877929688,66.69000244140625,66.70999908447266,282.0
2025-03-13 17:11:00+00:00,66.72000122070312,66.75,66.69999694824219,66.7300033569336,156.0
2025-03-13 17:12:00+00:00,66.7300033569336,66.7300033569336,66.70999908447266,66.7300033569336,106.0
2025-03-13 17:13:00+00:00,66.69000244140625,66.7300033569336,66.68000030517578,66.7300033569336,117.0
2025-03-13 17:14:00+00:00,66.5999984741211,66.69000244140625,66.58999633789062,66.68000030517578,735.0
2025-03-13 17:15:00+00:00,66.58999633789062,66.62000274658203,66.58000183105469,66.61000061035156,161.0
2025-03-13 17:16:00+00:00,66.55999755859375,66.61000061035156,66.55999755859375,66.58999633789062,196.0
2025-03-13 17:17:00+00:00,66.54000091552734,66.55999755859375,66.51000213623047,66.55999755859375,394.0
2025-03-13 17:18:00+00:00,66.5199966430664,66.55000305175781,66.51000213623047,66.54000091552734,109.0
2025-03-13 17:19:00+00:00,66.52999877929688,66.52999877929688,66.5,66.5199966430664,235.0
2025-03-13 17:20:00+00:00,66.52999877929688,66.55000305175781,66.51000213623047,66.5199966430664,612.0
2025-03-13 17:21:00+00:00,66.58000183105469,66.58000183105469,66.52999877929688,66.52999877929688,177.0
2025-03-13 17:22:00+00:00,66.62000274658203,66.62999725341797,66.56999969482422,66.58000183105469,1242.0
2025-03-13 17:23:00+00:00,66.55000305175781,66.62000274658203,66.52999877929688,66.61000061035156,218.0
2025-03-13 17:24:00+00:00,66.55999755859375,66.55999755859375,66.54000091552734,66.55000305175781,88.0
2025-03-13 17:25:00+00:00,66.5999984741211,66.61000061035156,66.55000305175781,66.55999755859375,167.0
2025-03-13 17:26:00+00:00,66.55000305175781,66.61000061035156,66.54000091552734,66.58999633789062,184.0
2025-03-13 17:27:00+00:00,66.52999877929688,66.56999969482422,66.5199966430664,66.55000305175781,219.0
2025-03-13 17:28:00+00:00,66.54000091552734,66.55000305175781,66.51000213623047,66.52999877929688,434.0
2025-03-13 17:29:00+00:00,66.55000305175781,66.55999755859375,66.5199966430664,66.54000091552734,210.0
2025-03-13 17:30:00+00:00,66.52999877929688,66.55000305175781,66.51000213623047,66.54000091552734,148.0
2025-03-13 17:31:00+00:00,66.48999786376953,66.58000183105469,66.48999786376953,66.52999877929688,191.0
2025-03-13 17:32:00+00:00,66.52999877929688,66.52999877929688,66.47000122070312,66.5,187.0
2025-03-13 17:33:00+00:00,66.52999877929688,66.54000091552734,66.52999877929688,66.52999877929688,71.0
2025-03-13 17:34:00+00:00,66.5,66.54000091552734,66.5,66.54000091552734,130.0
2025-03-13 17:35:00+00:00,66.5,66.51000213623047,66.4800033569336,66.48999786376953,201.0
2025-03-13 17:36:00+00:00,66.5199966430664,66.52999877929688,66.48999786376953,66.51000213623047,373.0
2025-03-13 17:37:00+00:00,66.5999984741211,66.5999984741211,66.5199966430664,66.52999877929688,470.0
2025-03-13 17:38:00+00:00,66.5999984741211,66.63999938964844,66.58000183105469,66.5999984741211,342.0
2025-03-13 17:39:00+00:00,66.52999877929688,66.5999984741211,66.5199966430664,66.5999984741211,322.0
2025-03-13 17:40:00+00:00,66.55000305175781,66.55999755859375,66.51000213623047,66.52999877929688,172.0
2025-03-13 17:41:00+00:00,66.51000213623047,66.55000305175781,66.51000213623047,66.55000305175781,343.0
2025-03-13 17:42:00+00:00,66.51000213623047,66.54000091552734,66.48999786376953,66.51000213623047,242.0
2025-03-13 17:43:00+00:00,66.52999877929688,66.54000091552734,66.51000213623047,66.51000213623047,107.0
2025-03-13 17:44:00+00:00,66.51000213623047,66.54000091552734,66.5,66.5199966430664,198.0
2025-03-13 17:45:00+00:00,66.47000122070312,66.51000213623047,66.45999908447266,66.51000213623047,193.0
2025-03-13 17:46:00+00:00,66.4800033569336,66.5199966430664,66.47000122070312,66.47000122070312,664.0
2025-03-13 17:47:00+00:00,66.4800033569336,66.4800033569336,66.47000122070312,66.47000122070312,94.0
2025-03-13 17:48:00+00:00,66.48999786376953,66.5,66.4800033569336,66.4800033569336,108.0
2025-03-13 17:49:00+00:00,66.45999908447266,66.48999786376953,66.44999694824219,66.48999786376953,533.0
2025-03-13 17:50:00+00:00,66.47000122070312,66.48999786376953,66.44000244140625,66.44999694824219,425.0
2025-03-13 17:51:00+00:00,66.5,66.51000213623047,66.45999908447266,66.45999908447266,346.0
2025-03-13 17:52:00+00:00,66.55999755859375,66.56999969482422,66.48999786376953,66.5,232.0
2025-03-13 17:53:00+00:00,66.55000305175781,66.58000183105469,66.54000091552734,66.55999755859375,188.0
2025-03-13 17:54:00+00:00,66.51000213623047,66.55000305175781,66.51000213623047,66.55000305175781,147.0
2025-03-13 17:55:00+00:00,66.51000213623047,66.52999877929688,66.48999786376953,66.5199966430664,150.0
2025-03-13 17:56:00+00:00,66.48999786376953,66.5,66.4800033569336,66.48999786376953,135.0
2025-03-13 17:57:00+00:00,66.44999694824219,66.4800033569336,66.44000244140625,66.4800033569336,138.0
2025-03-13 17:58:00+00:00,66.44999694824219,66.45999908447266,66.44999694824219,66.44999694824219,124.0
2025-03-13 17:59:00+00:00,66.45999908447266,66.47000122070312,66.44000244140625,66.44999694824219,275.0
2025-03-13 18:00:00+00:00,66.5199966430664,66.52999877929688,66.38999938964844,66.44999694824219,878.0
2025-03-13 18:01:00+00:00,66.5199966430664,66.54000091552734,66.5,66.5199966430664,158.0
2025-03-13 18:02:00+00:00,66.5199966430664,66.55999755859375,66.5199966430664,66.5199966430664,207.0
2025-03-13 18:03:00+00:00,66.56999969482422,66.56999969482422,66.5,66.5199966430664,319.0
2025-03-13 18:04:00+00:00,66.55999755859375,66.56999969482422,66.54000091552734,66.56999969482422,178.0
2025-03-13 18:05:00+00:00,66.58999633789062,66.5999984741211,66.55999755859375,66.56999969482422,166.0
2025-03-13 18:06:00+00:00,66.54000091552734,66.58999633789062,66.54000091552734,66.58000183105469,197.0
2025-03-13 18:07:00+00:00,66.5,66.55000305175781,66.4800033569336,66.55000305175781,881.0
2025-03-13 18:08:00+00:00,66.5199966430664,66.54000091552734,66.4800033569336,66.48999786376953,257.0
2025-03-13 18:09:00+00:00,66.47000122070312,66.55000305175781,66.47000122070312,66.51000213623047,862.0
2025-03-13 18:10:00+00:00,66.54000091552734,66.54000091552734,66.44000244140625,66.47000122070312,859.0
2025-03-13 18:11:00+00:00,66.44999694824219,66.52999877929688,66.44999694824219,66.52999877929688,317.0
2025-03-13 18:12:00+00:00,66.47000122070312,66.4800033569336,66.44999694824219,66.44999694824219,175.0
2025-03-13 18:13:00+00:00,66.55000305175781,66.55000305175781,66.4800033569336,66.4800033569336,757.0
2025-03-13 18:14:00+00:00,66.55999755859375,66.58000183105469,66.55000305175781,66.55000305175781,525.0
2025-03-13 18:15:00+00:00,66.52999877929688,66.55999755859375,66.52999877929688,66.55999755859375,207.0
2025-03-13 18:16:00+00:00,66.5,66.54000091552734,66.48999786376953,66.52999877929688,686.0
2025-03-13 18:17:00+00:00,66.51000213623047,66.52999877929688,66.5,66.5,191.0
2025-03-13 18:18:00+00:00,66.4800033569336,66.51000213623047,66.47000122070312,66.51000213623047,648.0
2025-03-13 18:19:00+00:00,66.5,66.5199966430664,66.45999908447266,66.4800033569336,556.0
2025-03-13 18:20:00+00:00,66.52999877929688,66.54000091552734,66.5,66.51000213623047,181.0
2025-03-13 18:21:00+00:00,66.51000213623047,66.54000091552734,66.48999786376953,66.52999877929688,215.0
2025-03-13 18:22:00+00:00,66.52999877929688,66.52999877929688,66.4800033569336,66.5,444.0
2025-03-13 18:23:00+00:00,66.55999755859375,66.56999969482422,66.51000213623047,66.52999877929688,1987.0
2025-03-13 18:24:00+00:00,66.5999984741211,66.62999725341797,66.54000091552734,66.55999755859375,681.0
2025-03-13 18:25:00+00:00,66.5999984741211,66.62000274658203,66.58999633789062,66.5999984741211,414.0
2025-03-13 18:26:00+00:00,66.55000305175781,66.61000061035156,66.55000305175781,66.5999984741211,2091.0
2025-03-13 18:27:00+00:00,66.44999694824219,66.55000305175781,66.44000244140625,66.54000091552734,6962.0
2025-03-13 18:28:00+00:00,66.56999969482422,66.58000183105469,66.41999816894531,66.45999908447266,8349.0
2025-03-13 18:29:00+00:00,66.55999755859375,66.58999633789062,66.55000305175781,66.56999969482422,8130.0
2025-03-13 18:30:00+00:00,66.55000305175781,66.56999969482422,66.5199966430664,66.55999755859375,1308.0
2025-03-13 18:31:00+00:00,66.54000091552734,66.55999755859375,66.52999877929688,66.54000091552734,508.0
2025-03-13 18:32:00+00:00,66.55000305175781,66.55000305175781,66.52999877929688,66.55000305175781,501.0
2025-03-13 18:33:00+00:00,66.55000305175781,66.58999633789062,66.55000305175781,66.55999755859375,427.0
2025-03-13 18:34:00+00:00,66.52999877929688,66.56999969482422,66.52999877929688,66.55000305175781,150.0
2025-03-13 18:35:00+00:00,66.5,66.55000305175781,66.5,66.5199966430664,188.0
2025-03-13 18:36:00+00:00,66.51000213623047,66.52999877929688,66.48999786376953,66.5,94.0
2025-03-13 18:37:00+00:00,66.5199966430664,66.5199966430664,66.5,66.5,74.0
2025-03-13 18:38:00+00:00,66.51000213623047,66.5199966430664,66.51000213623047,66.51000213623047,46.0
2025-03-13 18:39:00+00:00,66.51000213623047,66.5199966430664,66.51000213623047,66.51000213623047,63.0
2025-03-13 18:40:00+00:00,66.5,66.5199966430664,66.48999786376953,66.51000213623047,390.0
2025-03-13 18:41:00+00:00,66.52999877929688,66.52999877929688,66.51000213623047,66.51000213623047,1140.0
2025-03-13 18:42:00+00:00,66.55999755859375,66.55999755859375,66.52999877929688,66.52999877929688,91.0
2025-03-13 18:43:00+00:00,66.56999969482422,66.56999969482422,66.55000305175781,66.55999755859375,62.0
2025-03-13 18:44:00+00:00,66.56999969482422,66.56999969482422,66.55999755859375,66.55999755859375,38.0
2025-03-13 18:45:00+00:00,66.52999877929688,66.56999969482422,66.52999877929688,66.56999969482422,118.0
2025-03-13 18:46:00+00:00,66.55000305175781,66.55999755859375,66.54000091552734,66.54000091552734,136.0
2025-03-13 18:47:00+00:00,66.55000305175781,66.55999755859375,66.55000305175781,66.55000305175781,46.0
2025-03-13 18:48:00+00:00,66.55999755859375,66.55999755859375,66.55000305175781,66.55000305175781,49.0
2025-03-13 18:49:00+00:00,66.55999755859375,66.55999755859375,66.55000305175781,66.55999755859375,29.0
2025-03-13 18:50:00+00:00,66.55000305175781,66.55999755859375,66.55000305175781,66.55000305175781,62.0
2025-03-13 18:51:00+00:00,66.55000305175781,66.55999755859375,66.55000305175781,66.55000305175781,15.0
2025-03-13 18:52:00+00:00,66.5199966430664,66.55999755859375,66.51000213623047,66.55000305175781,82.0
2025-03-13 18:53:00+00:00,66.5199966430664,66.52999877929688,66.5199966430664,66.52999877929688,55.0
2025-03-13 18:54:00+00:00,66.54000091552734,66.54000091552734,66.51000213623047,66.5199966430664,529.0
2025-03-13 18:55:00+00:00,66.52999877929688,66.55000305175781,66.52999877929688,66.54000091552734,101.0
2025-03-13 18:56:00+00:00,66.5199966430664,66.55000305175781,66.51000213623047,66.52999877929688,501.0
2025-03-13 18:57:00+00:00,66.5199966430664,66.52999877929688,66.5199966430664,66.5199966430664,48.0
2025-03-13 18:58:00+00:00,66.55999755859375,66.55999755859375,66.5199966430664,66.5199966430664,209.0
2025-03-13 18:59:00+00:00,66.55000305175781,66.56999969482422,66.54000091552734,66.55999755859375,35.0
2025-03-13 19:00:00+00:00,66.58000183105469,66.58999633789062,66.54000091552734,66.54000091552734,227.0
2025-03-13 19:01:00+00:00,66.58999633789062,66.61000061035156,66.58999633789062,66.58999633789062,67.0
2025-03-13 19:02:00+00:00,66.58000183105469,66.58999633789062,66.56999969482422,66.58999633789062,73.0
2025-03-13 19:03:00+00:00,66.56999969482422,66.58000183105469,66.55999755859375,66.56999969482422,10.0
2025-03-13 19:04:00+00:00,66.56999969482422,66.5999984741211,66.55000305175781,66.55000305175781,125.0
2025-03-13 19:05:00+00:00,66.5199966430664,66.58000183105469,66.5199966430664,66.56999969482422,71.0
2025-03-13 19:06:00+00:00,66.54000091552734,66.55000305175781,66.5199966430664,66.5199966430664,45.0
2025-03-13 19:07:00+00:00,66.52999877929688,66.52999877929688,66.5199966430664,66.52999877929688,34.0
2025-03-13 19:08:00+00:00,66.52999877929688,66.54000091552734,66.5,66.52999877929688,95.0
2025-03-13 19:09:00+00:00,66.5199966430664,66.5199966430664,66.51000213623047,66.51000213623047,42.0
2025-03-13 19:10:00+00:00,66.5199966430664,66.52999877929688,66.5199966430664,66.5199966430664,22.0
2025-03-13 19:11:00+00:00,66.52999877929688,66.54000091552734,66.51000213623047,66.52999877929688,79.0
2025-03-13 19:12:00+00:00,66.54000091552734,66.54000091552734,66.52999877929688,66.52999877929688,54.0
2025-03-13 19:13:00+00:00,66.55999755859375,66.56999969482422,66.55000305175781,66.55000305175781,61.0
2025-03-13 19:14:00+00:00,66.55999755859375,66.55999755859375,66.55000305175781,66.55000305175781,40.0
2025-03-13 19:15:00+00:00,66.55999755859375,66.55999755859375,66.55999755859375,66.55999755859375,42.0
2025-03-13 19:16:00+00:00,66.58000183105469,66.5999984741211,66.55999755859375,66.55999755859375,118.0
2025-03-13 19:17:00+00:00,66.58999633789062,66.5999984741211,66.56999969482422,66.58000183105469,110.0
2025-03-13 19:18:00+00:00,66.58000183105469,66.58999633789062,66.58000183105469,66.58999633789062,5.0
2025-03-13 19:19:00+00:00,66.5999984741211,66.5999984741211,66.58000183105469,66.58000183105469,31.0
2025-03-13 19:20:00+00:00,66.58999633789062,66.61000061035156,66.56999969482422,66.5999984741211,213.0
2025-03-13 19:21:00+00:00,66.58999633789062,66.58999633789062,66.58999633789062,66.58999633789062,16.0
2025-03-13 19:22:00+00:00,66.5999984741211,66.5999984741211,66.58000183105469,66.58000183105469,61.0
2025-03-13 19:23:00+00:00,66.58999633789062,66.58999633789062,66.58999633789062,66.58999633789062,21.0
2025-03-13 19:24:00+00:00,66.58999633789062,66.58999633789062,66.58999633789062,66.58999633789062,12.0
2025-03-13 19:25:00+00:00,66.56999969482422,66.58999633789062,66.56999969482422,66.58999633789062,39.0
2025-03-13 19:26:00+00:00,66.55999755859375,66.58000183105469,66.55999755859375,66.56999969482422,121.0
2025-03-13 19:27:00+00:00,66.55999755859375,66.56999969482422,66.55999755859375,66.56999969482422,30.0
2025-03-13 19:28:00+00:00,66.56999969482422,66.62000274658203,66.55999755859375,66.56999969482422,375.0
2025-03-13 19:29:00+00:00,66.58999633789062,66.58999633789062,66.56999969482422,66.56999969482422,199.0
2025-03-13 19:30:00+00:00,66.63999938964844,66.63999938964844,66.5999984741211,66.5999984741211,71.0
2025-03-13 19:31:00+00:00,66.6500015258789,66.6500015258789,66.62999725341797,66.63999938964844,110.0
2025-03-13 19:32:00+00:00,66.62999725341797,66.66000366210938,66.62999725341797,66.63999938964844,90.0
2025-03-13 19:33:00+00:00,66.6500015258789,66.6500015258789,66.62999725341797,66.62999725341797,52.0
2025-03-13 19:34:00+00:00,66.6500015258789,66.66000366210938,66.63999938964844,66.6500015258789,53.0
2025-03-13 19:35:00+00:00,66.6500015258789,66.66999816894531,66.6500015258789,66.6500015258789,40.0
2025-03-13 19:36:00+00:00,66.6500015258789,66.6500015258789,66.63999938964844,66.6500015258789,50.0
2025-03-13 19:37:00+00:00,66.66999816894531,66.66999816894531,66.63999938964844,66.6500015258789,942.0
2025-03-13 19:38:00+00:00,66.63999938964844,66.68000030517578,66.63999938964844,66.66000366210938,308.0
2025-03-13 19:39:00+00:00,66.62000274658203,66.63999938964844,66.61000061035156,66.62999725341797,101.0
2025-03-13 19:40:00+00:00,66.63999938964844,66.6500015258789,66.62000274658203,66.62999725341797,31.0
2025-03-13 19:41:00+00:00,66.61000061035156,66.63999938964844,66.61000061035156,66.63999938964844,97.0
2025-03-13 19:42:00+00:00,66.58999633789062,66.61000061035156,66.58000183105469,66.61000061035156,182.0
2025-03-13 19:43:00+00:00,66.56999969482422,66.58999633789062,66.55999755859375,66.58999633789062,86.0
2025-03-13 19:44:00+00:00,66.5999984741211,66.61000061035156,66.56999969482422,66.56999969482422,79.0
2025-03-13 19:45:00+00:00,66.58000183105469,66.61000061035156,66.58000183105469,66.61000061035156,33.0
2025-03-13 19:46:00+00:00,66.58999633789062,66.58999633789062,66.58000183105469,66.58000183105469,24.0
2025-03-13 19:47:00+00:00,66.5999984741211,66.5999984741211,66.58000183105469,66.58000183105469,38.0
2025-03-13 19:48:00+00:00,66.61000061035156,66.61000061035156,66.5999984741211,66.61000061035156,33.0
2025-03-13 19:49:00+00:00,66.62999725341797,66.62999725341797,66.5999984741211,66.61000061035156,97.0
2025-03-13 19:50:00+00:00,66.61000061035156,66.62000274658203,66.5999984741211,66.62000274658203,115.0
2025-03-13 19:51:00+00:00,66.58999633789062,66.5999984741211,66.58000183105469,66.5999984741211,31.0
2025-03-13 19:52:00+00:00,66.61000061035156,66.61000061035156,66.58999633789062,66.58999633789062,19.0
2025-03-13 19:53:00+00:00,66.5999984741211,66.62000274658203,66.5999984741211,66.61000061035156,67.0
2025-03-13 19:54:00+00:00,66.61000061035156,66.61000061035156,66.5999984741211,66.5999984741211,31.0
2025-03-13 19:55:00+00:00,66.58999633789062,66.62000274658203,66.58000183105469,66.62000274658203,84.0
2025-03-13 19:56:00+00:00,66.58000183105469,66.58999633789062,66.58000183105469,66.58999633789062,29.0
2025-03-13 19:57:00+00:00,66.55000305175781,66.58999633789062,66.55000305175781,66.58000183105469,119.0
2025-03-13 19:58:00+00:00,66.55000305175781,66.55999755859375,66.55000305175781,66.55000305175781,26.0
2025-03-13 19:59:00+00:00,66.55999755859375,66.56999969482422,66.55000305175781,66.55999755859375,63.0
2025-03-13 20:00:00+00:00,66.58000183105469,66.58000183105469,66.55999755859375,66.55999755859375,84.0
2025-03-13 20:01:00+00:00,66.58000183105469,66.58999633789062,66.56999969482422,66.58000183105469,29.0
2025-03-13 20:02:00+00:00,66.58999633789062,66.58999633789062,66.56999969482422,66.58000183105469,69.0
2025-03-13 20:03:00+00:00,66.5999984741211,66.61000061035156,66.58000183105469,66.58999633789062,31.0
2025-03-13 20:04:00+00:00,66.61000061035156,66.61000061035156,66.58999633789062,66.5999984741211,46.0
2025-03-13 20:05:00+00:00,66.62999725341797,66.62999725341797,66.62000274658203,66.62000274658203,34.0
2025-03-13 20:06:00+00:00,66.5999984741211,66.62999725341797,66.58000183105469,66.62999725341797,868.0
2025-03-13 20:07:00+00:00,66.5999984741211,66.5999984741211,66.58999633789062,66.5999984741211,73.0
2025-03-13 20:08:00+00:00,66.58000183105469,66.5999984741211,66.58000183105469,66.5999984741211,411.0
2025-03-13 20:09:00+00:00,66.58000183105469,66.5999984741211,66.56999969482422,66.58999633789062,126.0
2025-03-13 20:10:00+00:00,66.58999633789062,66.58999633789062,66.58999633789062,66.58999633789062,41.0
2025-03-13 20:11:00+00:00,66.5999984741211,66.5999984741211,66.58999633789062,66.58999633789062,24.0
2025-03-13 20:12:00+00:00,66.58000183105469,66.5999984741211,66.56999969482422,66.5999984741211,65.0
2025-03-13 20:13:00+00:00,66.55999755859375,66.56999969482422,66.55999755859375,66.56999969482422,114.0
2025-03-13 20:14:00+00:00,66.55000305175781,66.55999755859375,66.55000305175781,66.55999755859375,33.0
2025-03-13 20:15:00+00:00,66.55999755859375,66.56999969482422,66.55999755859375,66.55999755859375,52.0
2025-03-13 20:16:00+00:00,66.55999755859375,66.55999755859375,66.54000091552734,66.55000305175781,24.0
2025-03-13 20:17:00+00:00,66.56999969482422,66.56999969482422,66.55999755859375,66.55999755859375,6.0
2025-03-13 20:18:00+00:00,66.58000183105469,66.58000183105469,66.58000183105469,66.58000183105469,1.0
2025-03-13 20:19:00+00:00,66.58000183105469,66.58999633789062,66.58000183105469,66.58000183105469,8.0
2025-03-13 20:20:00+00:00,66.58000183105469,66.58000183105469,66.56999969482422,66.56999969482422,10.0
2025-03-13 20:21:00+00:00,66.58000183105469,66.58000183105469,66.58000183105469,66.58000183105469,62.0
2025-03-13 20:22:00+00:00,66.58999633789062,66.58999633789062,66.56999969482422,66.56999969482422,24.0
2025-03-13 20:23:00+00:00,66.5999984741211,66.61000061035156,66.5999984741211,66.5999984741211,13.0
2025-03-13 20:24:00+00:00,66.58000183105469,66.58999633789062,66.56999969482422,66.58999633789062,30.0
2025-03-13 20:25:00+00:00,66.56999969482422,66.58000183105469,66.56999969482422,66.58000183105469,7.0
2025-03-13 20:26:00+00:00,66.56999969482422,66.58000183105469,66.56999969482422,66.58000183105469,9.0
2025-03-13 20:27:00+00:00,66.55999755859375,66.55999755859375,66.55999755859375,66.55999755859375,29.0
2025-03-13 20:28:00+00:00,66.55999755859375,66.55999755859375,66.55999755859375,66.55999755859375,5.0
2025-03-13 20:29:00+00:00,66.56999969482422,66.56999969482422,66.55999755859375,66.55999755859375,21.0
2025-03-13 20:30:00+00:00,66.55000305175781,66.56999969482422,66.55000305175781,66.56999969482422,37.0
2025-03-13 20:31:00+00:00,66.55999755859375,66.55999755859375,66.55000305175781,66.55000305175781,90.0
2025-03-13 20:32:00+00:00,66.69999694824219,66.72000122070312,66.55000305175781,66.55000305175781,983.0
2025-03-13 20:33:00+00:00,66.66999816894531,66.72000122070312,66.62999725341797,66.69999694824219,280.0
2025-03-13 20:34:00+00:00,66.69999694824219,66.70999908447266,66.68000030517578,66.68000030517578,107.0
2025-03-13 20:35:00+00:00,66.66999816894531,66.72000122070312,66.66000366210938,66.70999908447266,124.0
2025-03-13 20:36:00+00:00,66.6500015258789,66.66000366210938,66.5999984741211,66.66000366210938,159.0
2025-03-13 20:37:00+00:00,66.68000030517578,66.69000244140625,66.66000366210938,66.66000366210938,42.0
2025-03-13 20:38:00+00:00,66.72000122070312,66.7300033569336,66.68000030517578,66.69000244140625,121.0
2025-03-13 20:39:00+00:00,66.72000122070312,66.7300033569336,66.70999908447266,66.70999908447266,67.0
2025-03-13 20:42:00+00:00,66.66000366210938,66.69000244140625,66.66000366210938,66.69000244140625,295.0
2025-03-13 20:43:00+00:00,66.69000244140625,66.69999694824219,66.66000366210938,66.66000366210938,105.0
2025-03-13 20:44:00+00:00,66.70999908447266,66.73999786376953,66.69999694824219,66.70999908447266,1336.0
2025-03-13 20:45:00+00:00,66.69999694824219,66.70999908447266,66.69000244140625,66.70999908447266,42.0
2025-03-13 20:46:00+00:00,66.69999694824219,66.69999694824219,66.69999694824219,66.69999694824219,19.0
2025-03-13 20:47:00+00:00,66.72000122070312,66.7300033569336,66.69999694824219,66.69999694824219,58.0
2025-03-13 20:48:00+00:00,66.73999786376953,66.75,66.7300033569336,66.7300033569336,63.0
2025-03-13 20:49:00+00:00,66.70999908447266,66.75,66.70999908447266,66.75,52.0
2025-03-13 20:50:00+00:00,66.7300033569336,66.7300033569336,66.69999694824219,66.69999694824219,66.0
2025-03-13 20:51:00+00:00,66.73999786376953,66.75,66.72000122070312,66.7300033569336,84.0
2025-03-13 20:52:00+00:00,66.73999786376953,66.75,66.73999786376953,66.73999786376953,5.0
2025-03-13 20:53:00+00:00,66.7300033569336,66.7300033569336,66.7300033569336,66.7300033569336,10.0
2025-03-13 20:54:00+00:00,66.7699966430664,66.77999877929688,66.7300033569336,66.7300033569336,100.0
2025-03-13 20:55:00+00:00,66.75,66.77999877929688,66.75,66.7699966430664,60.0
2025-03-13 20:56:00+00:00,66.76000213623047,66.79000091552734,66.75,66.75,89.0
2025-03-13 20:57:00+00:00,66.79000091552734,66.80000305175781,66.75,66.75,1138.0
2025-03-13 20:58:00+00:00,66.77999877929688,66.79000091552734,66.77999877929688,66.77999877929688,32.0
2025-03-13 20:59:00+00:00,66.76000213623047,66.77999877929688,66.75,66.77999877929688,38.0
2025-03-13 22:00:00+00:00,66.69000244140625,66.81999969482422,66.68000030517578,66.77999877929688,0.0
2025-03-13 22:01:00+00:00,66.68000030517578,66.69999694824219,66.66999816894531,66.69000244140625,102.0
2025-03-13 22:02:00+00:00,66.7300033569336,66.7300033569336,66.68000030517578,66.69000244140625,701.0
2025-03-13 22:03:00+00:00,66.7300033569336,66.73999786376953,66.72000122070312,66.7300033569336,454.0
2025-03-13 22:04:00+00:00,66.76000213623047,66.76000213623047,66.73999786376953,66.73999786376953,187.0
2025-03-13 22:05:00+00:00,66.75,66.76000213623047,66.73999786376953,66.73999786376953,31.0
2025-03-13 22:06:00+00:00,66.79000091552734,66.79000091552734,66.73999786376953,66.73999786376953,250.0
2025-03-13 22:07:00+00:00,66.81999969482422,66.83999633789062,66.79000091552734,66.79000091552734,33.0
2025-03-13 22:08:00+00:00,66.81999969482422,66.83000183105469,66.81999969482422,66.81999969482422,6.0
2025-03-13 22:09:00+00:00,66.83000183105469,66.83000183105469,66.80999755859375,66.83000183105469,13.0
2025-03-13 22:10:00+00:00,66.81999969482422,66.83000183105469,66.81999969482422,66.81999969482422,10.0
2025-03-13 22:11:00+00:00,66.83000183105469,66.83000183105469,66.81999969482422,66.81999969482422,7.0
2025-03-13 22:12:00+00:00,66.83999633789062,66.83999633789062,66.83999633789062,66.83999633789062,2.0
2025-03-13 22:13:00+00:00,66.8499984741211,66.8499984741211,66.83999633789062,66.83999633789062,15.0
2025-03-13 22:14:00+00:00,66.8499984741211,66.8499984741211,66.8499984741211,66.8499984741211,2.0
2025-03-13 22:15:00+00:00,66.86000061035156,66.87000274658203,66.86000061035156,66.86000061035156,31.0
2025-03-13 22:16:00+00:00,66.86000061035156,66.86000061035156,66.8499984741211,66.8499984741211,12.0
2025-03-13 22:17:00+00:00,66.86000061035156,66.86000061035156,66.86000061035156,66.86000061035156,1.0
2025-03-13 22:19:00+00:00,66.83999633789062,66.8499984741211,66.83999633789062,66.8499984741211,8.0
2025-03-13 22:20:00+00:00,66.83000183105469,66.83000183105469,66.83000183105469,66.83000183105469,3.0
2025-03-13 22:21:00+00:00,66.79000091552734,66.81999969482422,66.79000091552734,66.81999969482422,18.0
2025-03-13 22:22:00+00:00,66.79000091552734,66.79000091552734,66.79000091552734,66.79000091552734,2.0
2025-03-13 22:23:00+00:00,66.7699966430664,66.7699966430664,66.7699966430664,66.7699966430664,1.0
2025-03-13 22:25:00+00:00,66.7699966430664,66.7699966430664,66.7699966430664,66.7699966430664,6.0
2025-03-13 22:26:00+00:00,66.73999786376953,66.7699966430664,66.73999786376953,66.76000213623047,25.0
2025-03-13 22:27:00+00:00,66.75,66.75,66.75,66.75,6.0
2025-03-13 22:28:00+00:00,66.73999786376953,66.73999786376953,66.73999786376953,66.73999786376953,15.0
2025-03-13 22:29:00+00:00,66.75,66.75,66.73999786376953,66.75,8.0
2025-03-13 22:30:00+00:00,66.7699966430664,66.7699966430664,66.75,66.75,18.0
2025-03-13 22:31:00+00:00,66.79000091552734,66.79000091552734,66.7699966430664,66.7699966430664,14.0
2025-03-13 22:32:00+00:00,66.79000091552734,66.80000305175781,66.79000091552734,66.79000091552734,14.0
2025-03-13 22:33:00+00:00,66.79000091552734,66.80000305175781,66.79000091552734,66.80000305175781,2.0
2025-03-13 22:34:00+00:00,66.80000305175781,66.81999969482422,66.80000305175781,66.80000305175781,35.0
2025-03-13 22:35:00+00:00,66.80999755859375,66.80999755859375,66.80000305175781,66.80000305175781,2.0
2025-03-13 22:36:00+00:00,66.80000305175781,66.80000305175781,66.80000305175781,66.80000305175781,4.0
2025-03-13 22:37:00+00:00,66.80999755859375,66.80999755859375,66.80999755859375,66.80999755859375,3.0
2025-03-13 22:38:00+00:00,66.80999755859375,66.80999755859375,66.80999755859375,66.80999755859375,1.0
2025-03-13 22:39:00+00:00,66.81999969482422,66.81999969482422,66.80999755859375,66.80999755859375,3.0
2025-03-13 22:40:00+00:00,66.81999969482422,66.83000183105469,66.81999969482422,66.83000183105469,11.0
2025-03-13 22:42:00+00:00,66.81999969482422,66.81999969482422,66.81999969482422,66.81999969482422,2.0
2025-03-13 22:44:00+00:00,66.81999969482422,66.83000183105469,66.81999969482422,66.83000183105469,2.0
2025-03-13 22:47:00+00:00,66.83000183105469,66.83999633789062,66.83000183105469,66.83999633789062,7.0
2025-03-13 22:48:00+00:00,66.83000183105469,66.83000183105469,66.83000183105469,66.83000183105469,2.0
2025-03-13 22:50:00+00:00,66.83000183105469,66.83000183105469,66.83000183105469,66.83000183105469,1.0
2025-03-13 22:51:00+00:00,66.8499984741211,66.8499984741211,66.8499984741211,66.8499984741211,3.0
2025-03-13 22:52:00+00:00,66.86000061035156,66.86000061035156,66.8499984741211,66.8499984741211,4.0
2025-03-13 22:53:00+00:00,66.83000183105469,66.8499984741211,66.83000183105469,66.8499984741211,9.0
2025-03-13 22:54:00+00:00,66.8499984741211,66.86000061035156,66.83999633789062,66.8499984741211,18.0
2025-03-13 22:55:00+00:00,66.8499984741211,66.86000061035156,66.8499984741211,66.86000061035156,23.0
2025-03-13 22:56:00+00:00,66.86000061035156,66.86000061035156,66.86000061035156,66.86000061035156,10.0
2025-03-13 22:57:00+00:00,66.86000061035156,66.86000061035156,66.86000061035156,66.86000061035156,2.0
2025-03-13 22:59:00+00:00,66.83000183105469,66.8499984741211,66.83000183105469,66.8499984741211,12.0
2025-03-13 23:00:00+00:00,66.81999969482422,66.83000183105469,66.81999969482422,66.83000183105469,4.0
2025-03-13 23:01:00+00:00,66.83000183105469,66.83000183105469,66.81999969482422,66.81999969482422,9.0
2025-03-13 23:03:00+00:00,66.8499984741211,66.8499984741211,66.83000183105469,66.83000183105469,10.0
2025-03-13 23:06:00+00:00,66.8499984741211,66.8499984741211,66.83999633789062,66.83999633789062,12.0
2025-03-13 23:07:00+00:00,66.8499984741211,66.86000061035156,66.83000183105469,66.86000061035156,22.0
2025-03-13 23:08:00+00:00,66.83999633789062,66.8499984741211,66.80999755859375,66.83999633789062,70.0
2025-03-13 23:09:00+00:00,66.87000274658203,66.87000274658203,66.83000183105469,66.83000183105469,30.0
2025-03-13 23:10:00+00:00,66.86000061035156,66.87999725341797,66.86000061035156,66.87999725341797,7.0
2025-03-13 23:11:00+00:00,66.87000274658203,66.87999725341797,66.87000274658203,66.87999725341797,4.0
2025-03-13 23:12:00+00:00,66.86000061035156,66.86000061035156,66.86000061035156,66.86000061035156,0.0
2025-03-13 23:14:00+00:00,66.86000061035156,66.87000274658203,66.8499984741211,66.86000061035156,2528.0
2025-03-13 23:15:00+00:00,66.8499984741211,66.8499984741211,66.8499984741211,66.8499984741211,5.0
2025-03-13 23:16:00+00:00,66.8499984741211,66.86000061035156,66.8499984741211,66.86000061035156,7.0
2025-03-13 23:17:00+00:00,66.87999725341797,66.87999725341797,66.8499984741211,66.86000061035156,35.0
2025-03-13 23:18:00+00:00,66.87999725341797,66.88999938964844,66.86000061035156,66.87000274658203,91.0
2025-03-13 23:19:00+00:00,66.87999725341797,66.9000015258789,66.87000274658203,66.87999725341797,81.0
2025-03-13 23:20:00+00:00,66.83000183105469,66.87000274658203,66.81999969482422,66.87000274658203,30.0
2025-03-13 23:22:00+00:00,66.8499984741211,66.8499984741211,66.81999969482422,66.81999969482422,19.0
2025-03-13 23:23:00+00:00,66.9000015258789,66.9000015258789,66.8499984741211,66.86000061035156,81.0
2025-03-13 23:24:00+00:00,66.91000366210938,66.91999816894531,66.87999725341797,66.9000015258789,95.0
2025-03-13 23:25:00+00:00,66.87999725341797,66.9000015258789,66.87999725341797,66.9000015258789,9.0
2025-03-13 23:26:00+00:00,66.9000015258789,66.9000015258789,66.88999938964844,66.88999938964844,5.0
2025-03-13 23:27:00+00:00,66.87999725341797,66.9000015258789,66.87999725341797,66.9000015258789,4.0
2025-03-13 23:29:00+00:00,66.87999725341797,66.87999725341797,66.87999725341797,66.87999725341797,1.0
2025-03-13 23:30:00+00:00,66.88999938964844,66.88999938964844,66.88999938964844,66.88999938964844,7.0
2025-03-13 23:31:00+00:00,66.88999938964844,66.88999938964844,66.88999938964844,66.88999938964844,3.0
2025-03-13 23:32:00+00:00,66.87999725341797,66.88999938964844,66.87999725341797,66.88999938964844,21.0
2025-03-13 23:35:00+00:00,66.87000274658203,66.87000274658203,66.87000274658203,66.87000274658203,7.0
2025-03-13 23:36:00+00:00,66.86000061035156,66.87000274658203,66.86000061035156,66.86000061035156,6.0
2025-03-13 23:37:00+00:00,66.86000061035156,66.87000274658203,66.86000061035156,66.87000274658203,3.0
2025-03-13 23:38:00+00:00,66.87000274658203,66.87000274658203,66.86000061035156,66.86000061035156,5.0
2025-03-13 23:39:00+00:00,66.87000274658203,66.87000274658203,66.86000061035156,66.86000061035156,6.0
2025-03-13 23:40:00+00:00,66.87000274658203,66.87000274658203,66.87000274658203,66.87000274658203,1.0
2025-03-13 23:45:00+00:00,66.86000061035156,66.87000274658203,66.8499984741211,66.86000061035156,4.0
2025-03-13 23:46:00+00:00,66.8499984741211,66.86000061035156,66.8499984741211,66.86000061035156,4.0
2025-03-13 23:47:00+00:00,66.83000183105469,66.8499984741211,66.83000183105469,66.8499984741211,7.0
2025-03-13 23:48:00+00:00,66.83999633789062,66.83999633789062,66.83999633789062,66.83999633789062,1.0
2025-03-13 23:49:00+00:00,66.8499984741211,66.8499984741211,66.8499984741211,66.8499984741211,9.0
2025-03-13 23:52:00+00:00,66.83000183105469,66.83999633789062,66.83000183105469,66.83999633789062,2.0
2025-03-13 23:53:00+00:00,66.83999633789062,66.83999633789062,66.83000183105469,66.83000183105469,4.0
2025-03-13 23:54:00+00:00,66.83999633789062,66.8499984741211,66.83999633789062,66.8499984741211,4.0
2025-03-13 23:56:00+00:00,66.83999633789062,66.8499984741211,66.83999633789062,66.83999633789062,5.0
2025-03-13 23:57:00+00:00,66.83000183105469,66.83999633789062,66.81999969482422,66.83999633789062,15.0
2025-03-14 00:00:00+00:00,66.81999969482422,66.83999633789062,66.80000305175781,66.80000305175781,125.0
2025-03-14 00:01:00+00:00,66.7699966430664,66.81999969482422,66.7699966430664,66.81999969482422,47.0
2025-03-14 00:02:00+00:00,66.7699966430664,66.79000091552734,66.76000213623047,66.76000213623047,21.0
2025-03-14 00:03:00+00:00,66.77999877929688,66.77999877929688,66.77999877929688,66.77999877929688,10.0
2025-03-14 00:04:00+00:00,66.75,66.7699966430664,66.75,66.7699966430664,19.0
2025-03-14 00:05:00+00:00,66.77999877929688,66.77999877929688,66.7699966430664,66.7699966430664,10.0
2025-03-14 00:06:00+00:00,66.75,66.77999877929688,66.75,66.7699966430664,15.0
2025-03-14 00:07:00+00:00,66.75,66.75,66.75,66.75,13.0
2025-03-14 00:08:00+00:00,66.7300033569336,66.75,66.7300033569336,66.75,24.0
2025-03-14 00:09:00+00:00,66.73999786376953,66.76000213623047,66.73999786376953,66.76000213623047,10.0
2025-03-14 00:10:00+00:00,66.7300033569336,66.73999786376953,66.7300033569336,66.73999786376953,5.0
2025-03-14 00:11:00+00:00,66.69000244140625,66.7300033569336,66.69000244140625,66.7300033569336,64.0
2025-03-14 00:12:00+00:00,66.72000122070312,66.7300033569336,66.70999908447266,66.70999908447266,9.0
2025-03-14 00:13:00+00:00,66.7300033569336,66.75,66.7300033569336,66.7300033569336,29.0
2025-03-14 00:14:00+00:00,66.7300033569336,66.7300033569336,66.72000122070312,66.72000122070312,4.0
2025-03-14 00:15:00+00:00,66.7300033569336,66.75,66.7300033569336,66.73999786376953,29.0
2025-03-14 00:16:00+00:00,66.73999786376953,66.73999786376953,66.7300033569336,66.7300033569336,4.0
2025-03-14 00:17:00+00:00,66.7300033569336,66.75,66.7300033569336,66.75,9.0
2025-03-14 00:18:00+00:00,66.72000122070312,66.72000122070312,66.72000122070312,66.72000122070312,9.0
2025-03-14 00:19:00+00:00,66.72000122070312,66.72000122070312,66.70999908447266,66.72000122070312,12.0
2025-03-14 00:20:00+00:00,66.70999908447266,66.70999908447266,66.69999694824219,66.70999908447266,7.0
2025-03-14 00:21:00+00:00,66.70999908447266,66.70999908447266,66.70999908447266,66.70999908447266,1.0
2025-03-14 00:23:00+00:00,66.70999908447266,66.72000122070312,66.70999908447266,66.72000122070312,9.0
2025-03-14 00:24:00+00:00,66.72000122070312,66.72000122070312,66.72000122070312,66.72000122070312,1.0
2025-03-14 00:25:00+00:00,66.7300033569336,66.73999786376953,66.7300033569336,66.73999786376953,8.0
2025-03-14 00:26:00+00:00,66.72000122070312,66.7300033569336,66.70999908447266,66.7300033569336,17.0
2025-03-14 00:27:00+00:00,66.7300033569336,66.7300033569336,66.72000122070312,66.7300033569336,12.0
2025-03-14 00:28:00+00:00,66.7300033569336,66.73999786376953,66.7300033569336,66.73999786376953,47.0
2025-03-14 00:29:00+00:00,66.7300033569336,66.73999786376953,66.7300033569336,66.73999786376953,16.0
2025-03-14 00:30:00+00:00,66.7300033569336,66.7300033569336,66.7300033569336,66.7300033569336,6.0
2025-03-14 00:31:00+00:00,66.70999908447266,66.73999786376953,66.70999908447266,66.73999786376953,27.0
2025-03-14 00:32:00+00:00,66.7300033569336,66.7300033569336,66.7300033569336,66.7300033569336,1.0
2025-03-14 00:33:00+00:00,66.80000305175781,66.80000305175781,66.73999786376953,66.73999786376953,79.0
2025-03-14 00:34:00+00:00,66.80000305175781,66.80999755859375,66.80000305175781,66.80000305175781,19.0
2025-03-14 00:35:00+00:00,66.80000305175781,66.80000305175781,66.80000305175781,66.80000305175781,1.0
2025-03-14 00:36:00+00:00,66.81999969482422,66.83999633789062,66.81999969482422,66.83999633789062,80.0
2025-03-14 00:37:00+00:00,66.81999969482422,66.83000183105469,66.80999755859375,66.83000183105469,19.0
2025-03-14 00:39:00+00:00,66.83000183105469,66.83000183105469,66.80999755859375,66.80999755859375,11.0
2025-03-14 00:41:00+00:00,66.83999633789062,66.8499984741211,66.83999633789062,66.8499984741211,24.0
2025-03-14 00:42:00+00:00,66.8499984741211,66.86000061035156,66.8499984741211,66.86000061035156,14.0
2025-03-14 00:43:00+00:00,66.8499984741211,66.86000061035156,66.8499984741211,66.8499984741211,8.0
2025-03-14 00:44:00+00:00,66.83000183105469,66.83999633789062,66.83000183105469,66.83999633789062,23.0
2025-03-14 00:45:00+00:00,66.83999633789062,66.86000061035156,66.83000183105469,66.83999633789062,33.0
2025-03-14 00:46:00+00:00,66.8499984741211,66.8499984741211,66.83000183105469,66.83000183105469,49.0
2025-03-14 00:48:00+00:00,66.86000061035156,66.86000061035156,66.86000061035156,66.86000061035156,8.0
2025-03-14 00:49:00+00:00,66.87999725341797,66.87999725341797,66.86000061035156,66.86000061035156,19.0
2025-03-14 00:50:00+00:00,66.86000061035156,66.87999725341797,66.86000061035156,66.87999725341797,25.0
2025-03-14 00:51:00+00:00,66.8499984741211,66.86000061035156,66.8499984741211,66.86000061035156,15.0
2025-03-14 00:52:00+00:00,66.8499984741211,66.86000061035156,66.83999633789062,66.8499984741211,14.0
2025-03-14 00:53:00+00:00,66.8499984741211,66.8499984741211,66.8499984741211,66.8499984741211,1.0
2025-03-14 00:54:00+00:00,66.8499984741211,66.8499984741211,66.8499984741211,66.8499984741211,6.0
2025-03-14 00:55:00+00:00,66.83999633789062,66.83999633789062,66.83000183105469,66.83999633789062,7.0
2025-03-14 00:56:00+00:00,66.83999633789062,66.83999633789062,66.83999633789062,66.83999633789062,3.0
2025-03-14 00:57:00+00:00,66.83999633789062,66.83999633789062,66.83999633789062,66.83999633789062,4.0
2025-03-14 00:59:00+00:00,66.83000183105469,66.83999633789062,66.83000183105469,66.83999633789062,19.0
2025-03-14 01:00:00+00:00,66.83000183105469,66.87000274658203,66.81999969482422,66.8499984741211,64.0
2025-03-14 01:01:00+00:00,66.83000183105469,66.8499984741211,66.83000183105469,66.83000183105469,35.0
2025-03-14 01:02:00+00:00,66.8499984741211,66.86000061035156,66.8499984741211,66.8499984741211,34.0
2025-03-14 01:03:00+00:00,66.80999755859375,66.8499984741211,66.80999755859375,66.8499984741211,32.0
2025-03-14 01:04:00+00:00,66.77999877929688,66.80999755859375,66.77999877929688,66.80999755859375,21.0
2025-03-14 01:05:00+00:00,66.73999786376953,66.77999877929688,66.73999786376953,66.77999877929688,471.0
2025-03-14 01:06:00+00:00,66.7699966430664,66.7699966430664,66.75,66.75,26.0
2025-03-14 01:07:00+00:00,66.79000091552734,66.79000091552734,66.7699966430664,66.77999877929688,22.0
2025-03-14 01:08:00+00:00,66.77999877929688,66.79000091552734,66.77999877929688,66.79000091552734,11.0
2025-03-14 01:09:00+00:00,66.79000091552734,66.80000305175781,66.77999877929688,66.77999877929688,9.0
2025-03-14 01:10:00+00:00,66.80000305175781,66.80000305175781,66.79000091552734,66.79000091552734,8.0
2025-03-14 01:11:00+00:00,66.77999877929688,66.80000305175781,66.77999877929688,66.80000305175781,6.0
2025-03-14 01:12:00+00:00,66.83000183105469,66.83000183105469,66.80999755859375,66.80999755859375,18.0
2025-03-14 01:13:00+00:00,66.83999633789062,66.83999633789062,66.83000183105469,66.83999633789062,16.0
2025-03-14 01:14:00+00:00,66.87000274658203,66.87000274658203,66.8499984741211,66.8499984741211,15.0
2025-03-14 01:15:00+00:00,66.83999633789062,66.87000274658203,66.83999633789062,66.86000061035156,32.0
2025-03-14 01:16:00+00:00,66.83999633789062,66.83999633789062,66.83999633789062,66.83999633789062,9.0
2025-03-14 01:17:00+00:00,66.83999633789062,66.86000061035156,66.83999633789062,66.83999633789062,21.0
2025-03-14 01:18:00+00:00,66.8499984741211,66.8499984741211,66.83000183105469,66.83999633789062,16.0
2025-03-14 01:19:00+00:00,66.83000183105469,66.83999633789062,66.81999969482422,66.83999633789062,11.0
2025-03-14 01:20:00+00:00,66.8499984741211,66.8499984741211,66.83999633789062,66.83999633789062,6.0
2025-03-14 01:21:00+00:00,66.86000061035156,66.86000061035156,66.8499984741211,66.8499984741211,9.0
2025-03-14 01:22:00+00:00,66.86000061035156,66.87000274658203,66.8499984741211,66.87000274658203,12.0
2025-03-14 01:23:00+00:00,66.87000274658203,66.87000274658203,66.8499984741211,66.8499984741211,9.0
2025-03-14 01:24:00+00:00,66.86000061035156,66.87000274658203,66.86000061035156,66.87000274658203,10.0
2025-03-14 01:25:00+00:00,66.83999633789062,66.86000061035156,66.83999633789062,66.86000061035156,13.0
2025-03-14 01:29:00+00:00,66.81999969482422,66.83999633789062,66.81999969482422,66.83999633789062,6.0
2025-03-14 01:30:00+00:00,66.76000213623047,66.80999755859375,66.76000213623047,66.80999755859375,55.0
2025-03-14 01:31:00+00:00,66.75,66.76000213623047,66.70999908447266,66.75,48.0
2025-03-14 01:32:00+00:00,66.79000091552734,66.79000091552734,66.77999877929688,66.77999877929688,3.0
2025-03-14 01:33:00+00:00,66.77999877929688,66.80000305175781,66.77999877929688,66.79000091552734,14.0
2025-03-14 01:34:00+00:00,66.76000213623047,66.79000091552734,66.75,66.77999877929688,23.0
2025-03-14 01:35:00+00:00,66.7699966430664,66.77999877929688,66.76000213623047,66.7699966430664,13.0
2025-03-14 01:36:00+00:00,66.77999877929688,66.79000091552734,66.7699966430664,66.7699966430664,25.0
2025-03-14 01:38:00+00:00,66.80000305175781,66.80000305175781,66.77999877929688,66.77999877929688,30.0
2025-03-14 01:39:00+00:00,66.79000091552734,66.80000305175781,66.7699966430664,66.80000305175781,259.0
2025-03-14 01:40:00+00:00,66.80999755859375,66.80999755859375,66.79000091552734,66.79000091552734,111.0
2025-03-14 01:41:00+00:00,66.8499984741211,66.86000061035156,66.81999969482422,66.81999969482422,37.0
2025-03-14 01:42:00+00:00,66.87000274658203,66.87999725341797,66.86000061035156,66.86000061035156,59.0
2025-03-14 01:43:00+00:00,66.83999633789062,66.87000274658203,66.83999633789062,66.87000274658203,24.0
2025-03-14 01:44:00+00:00,66.83999633789062,66.8499984741211,66.83999633789062,66.8499984741211,22.0
2025-03-14 01:45:00+00:00,66.83999633789062,66.83999633789062,66.83999633789062,66.83999633789062,10.0
2025-03-14 01:46:00+00:00,66.80999755859375,66.83000183105469,66.80999755859375,66.83000183105469,15.0
2025-03-14 01:47:00+00:00,66.80999755859375,66.80999755859375,66.80000305175781,66.80000305175781,16.0
2025-03-14 01:48:00+00:00,66.80999755859375,66.80999755859375,66.80000305175781,66.80999755859375,9.0
2025-03-14 01:49:00+00:00,66.80000305175781,66.80999755859375,66.80000305175781,66.80999755859375,10.0
2025-03-14 01:50:00+00:00,66.81999969482422,66.81999969482422,66.80000305175781,66.80999755859375,6.0
2025-03-14 01:51:00+00:00,66.8499984741211,66.8499984741211,66.83000183105469,66.83000183105469,12.0
2025-03-14 01:52:00+00:00,66.8499984741211,66.86000061035156,66.8499984741211,66.8499984741211,26.0
2025-03-14 01:53:00+00:00,66.87999725341797,66.87999725341797,66.8499984741211,66.8499984741211,61.0
2025-03-14 01:54:00+00:00,66.87999725341797,66.9000015258789,66.87000274658203,66.88999938964844,39.0
2025-03-14 01:55:00+00:00,66.87999725341797,66.87999725341797,66.87999725341797,66.87999725341797,9.0
2025-03-14 01:56:00+00:00,66.88999938964844,66.88999938964844,66.87000274658203,66.87999725341797,14.0
2025-03-14 01:57:00+00:00,66.87999725341797,66.88999938964844,66.87999725341797,66.88999938964844,11.0
2025-03-14 01:58:00+00:00,66.87999725341797,66.88999938964844,66.87999725341797,66.88999938964844,40.0
2025-03-14 01:59:00+00:00,66.88999938964844,66.91000366210938,66.88999938964844,66.88999938964844,35.0
2025-03-14 02:00:00+00:00,66.88999938964844,66.88999938964844,66.87999725341797,66.88999938964844,19.0
2025-03-14 02:01:00+00:00,66.87000274658203,66.9000015258789,66.87000274658203,66.9000015258789,20.0
2025-03-14 02:02:00+00:00,66.87000274658203,66.87999725341797,66.87000274658203,66.87000274658203,13.0
2025-03-14 02:03:00+00:00,66.88999938964844,66.88999938964844,66.86000061035156,66.86000061035156,10.0
2025-03-14 02:04:00+00:00,66.87999725341797,66.87999725341797,66.87999725341797,66.87999725341797,4.0
2025-03-14 02:05:00+00:00,66.87999725341797,66.87999725341797,66.86000061035156,66.87000274658203,9.0
2025-03-14 02:08:00+00:00,66.87000274658203,66.88999938964844,66.87000274658203,66.88999938964844,14.0
2025-03-14 02:09:00+00:00,66.87999725341797,66.87999725341797,66.87999725341797,66.87999725341797,7.0
2025-03-14 02:10:00+00:00,66.9000015258789,66.91999816894531,66.87999725341797,66.87999725341797,40.0
2025-03-14 02:11:00+00:00,66.91000366210938,66.91000366210938,66.9000015258789,66.9000015258789,15.0
2025-03-14 02:12:00+00:00,66.9000015258789,66.91000366210938,66.88999938964844,66.91000366210938,26.0
2025-03-14 02:13:00+00:00,66.91999816894531,66.91999816894531,66.9000015258789,66.9000015258789,13.0
2025-03-14 02:14:00+00:00,66.94999694824219,66.95999908447266,66.91000366210938,66.91000366210938,69.0
2025-03-14 02:15:00+00:00,66.95999908447266,66.95999908447266,66.94999694824219,66.94999694824219,33.0
2025-03-14 02:16:00+00:00,66.94999694824219,66.95999908447266,66.94999694824219,66.94999694824219,9.0
2025-03-14 02:17:00+00:00,66.94000244140625,66.94000244140625,66.94000244140625,66.94000244140625,7.0
2025-03-14 02:18:00+00:00,66.97000122070312,66.97000122070312,66.94000244140625,66.94000244140625,35.0
2025-03-14 02:19:00+00:00,66.94999694824219,66.97000122070312,66.94999694824219,66.95999908447266,15.0
2025-03-14 02:20:00+00:00,66.95999908447266,66.97000122070312,66.94999694824219,66.95999908447266,36.0
2025-03-14 02:21:00+00:00,66.94999694824219,66.94999694824219,66.93000030517578,66.94999694824219,33.0
2025-03-14 02:22:00+00:00,66.94999694824219,66.94999694824219,66.94999694824219,66.94999694824219,7.0
2025-03-14 02:23:00+00:00,66.94999694824219,66.95999908447266,66.94999694824219,66.95999908447266,27.0
2025-03-14 02:25:00+00:00,66.93000030517578,66.94000244140625,66.93000030517578,66.94000244140625,12.0
2025-03-14 02:26:00+00:00,66.93000030517578,66.93000030517578,66.91999816894531,66.93000030517578,13.0
2025-03-14 02:27:00+00:00,66.94999694824219,66.94999694824219,66.93000030517578,66.93000030517578,19.0
2025-03-14 02:29:00+00:00,66.94999694824219,66.94999694824219,66.94999694824219,66.94999694824219,11.0
2025-03-14 02:30:00+00:00,66.94999694824219,66.94999694824219,66.94999694824219,66.94999694824219,15.0
2025-03-14 02:31:00+00:00,66.94999694824219,66.95999908447266,66.94999694824219,66.95999908447266,21.0
2025-03-14 02:32:00+00:00,66.94999694824219,66.94999694824219,66.94999694824219,66.94999694824219,6.0
2025-03-14 02:33:00+00:00,66.94999694824219,66.94999694824219,66.94999694824219,66.94999694824219,1.0
2025-03-14 02:34:00+00:00,66.95999908447266,66.95999908447266,66.94000244140625,66.94999694824219,8.0
2025-03-14 02:35:00+00:00,66.94999694824219,66.94999694824219,66.94999694824219,66.94999694824219,13.0
2025-03-14 02:36:00+00:00,66.97000122070312,66.97000122070312,66.94999694824219,66.94999694824219,26.0
2025-03-14 02:37:00+00:00,66.9800033569336,66.98999786376953,66.97000122070312,66.97000122070312,30.0
2025-03-14 02:38:00+00:00,66.98999786376953,67.0,66.97000122070312,66.9800033569336,125.0
2025-03-14 02:39:00+00:00,67.0199966430664,67.0199966430664,67.0,67.0,44.0
2025-03-14 02:40:00+00:00,67.0,67.01000213623047,67.0,67.01000213623047,14.0
2025-03-14 02:41:00+00:00,67.0,67.0,67.0,67.0,13.0
2025-03-14 02:42:00+00:00,66.97000122070312,66.98999786376953,66.95999908447266,66.98999786376953,22.0
2025-03-14 02:43:00+00:00,66.9800033569336,66.9800033569336,66.97000122070312,66.97000122070312,45.0
2025-03-14 02:44:00+00:00,66.97000122070312,66.98999786376953,66.97000122070312,66.98999786376953,14.0
2025-03-14 02:46:00+00:00,66.97000122070312,66.97000122070312,66.97000122070312,66.97000122070312,15.0
2025-03-14 02:47:00+00:00,66.95999908447266,66.97000122070312,66.95999908447266,66.97000122070312,23.0
2025-03-14 02:48:00+00:00,66.97000122070312,66.97000122070312,66.97000122070312,66.97000122070312,3.0
2025-03-14 02:49:00+00:00,66.9800033569336,66.9800033569336,66.97000122070312,66.9800033569336,17.0
2025-03-14 02:50:00+00:00,66.95999908447266,66.97000122070312,66.95999908447266,66.97000122070312,8.0
2025-03-14 02:51:00+00:00,66.95999908447266,66.97000122070312,66.95999908447266,66.97000122070312,75.0
2025-03-14 02:52:00+00:00,66.98999786376953,66.98999786376953,66.97000122070312,66.97000122070312,36.0
2025-03-14 02:53:00+00:00,66.98999786376953,66.98999786376953,66.98999786376953,66.98999786376953,3.0
2025-03-14 02:54:00+00:00,66.98999786376953,67.0,66.98999786376953,67.0,13.0
2025-03-14 02:55:00+00:00,66.9800033569336,66.98999786376953,66.9800033569336,66.98999786376953,18.0
2025-03-14 02:56:00+00:00,66.98999786376953,67.01000213623047,66.98999786376953,66.98999786376953,58.0
2025-03-14 02:57:00+00:00,67.0,67.0,66.98999786376953,66.98999786376953,6.0
2025-03-14 02:58:00+00:00,67.0,67.0,67.0,67.0,12.0
2025-03-14 02:59:00+00:00,67.0,67.0,67.0,67.0,6.0
2025-03-14 03:00:00+00:00,67.02999877929688,67.02999877929688,67.0,67.0,37.0
2025-03-14 03:01:00+00:00,67.04000091552734,67.05999755859375,67.0199966430664,67.0199966430664,64.0
2025-03-14 03:02:00+00:00,67.04000091552734,67.04000091552734,67.0199966430664,67.04000091552734,19.0
2025-03-14 03:03:00+00:00,67.05999755859375,67.06999969482422,67.05999755859375,67.05999755859375,29.0
2025-03-14 03:04:00+00:00,67.05000305175781,67.05999755859375,67.05000305175781,67.05999755859375,6.0
2025-03-14 03:05:00+00:00,67.05999755859375,67.08000183105469,67.05999755859375,67.06999969482422,13.0
2025-03-14 03:06:00+00:00,67.06999969482422,67.06999969482422,67.05999755859375,67.05999755859375,28.0
2025-03-14 03:07:00+00:00,67.0999984741211,67.0999984741211,67.06999969482422,67.06999969482422,51.0
2025-03-14 03:08:00+00:00,67.08000183105469,67.08999633789062,67.08000183105469,67.08999633789062,6.0
2025-03-14 03:09:00+00:00,67.08000183105469,67.08999633789062,67.08000183105469,67.08000183105469,11.0
2025-03-14 03:10:00+00:00,67.08999633789062,67.0999984741211,67.08999633789062,67.0999984741211,20.0
2025-03-14 03:11:00+00:00,67.08000183105469,67.0999984741211,67.08000183105469,67.0999984741211,33.0
2025-03-14 03:12:00+00:00,67.08000183105469,67.08000183105469,67.06999969482422,67.06999969482422,7.0
2025-03-14 03:13:00+00:00,67.08000183105469,67.08999633789062,67.08000183105469,67.08000183105469,32.0
2025-03-14 03:14:00+00:00,67.08999633789062,67.08999633789062,67.08000183105469,67.08000183105469,34.0
2025-03-14 03:15:00+00:00,67.08999633789062,67.0999984741211,67.08999633789062,67.08999633789062,9.0
2025-03-14 03:16:00+00:00,67.11000061035156,67.12999725341797,67.08999633789062,67.08999633789062,47.0
2025-03-14 03:17:00+00:00,67.11000061035156,67.11000061035156,67.0999984741211,67.0999984741211,15.0
2025-03-14 03:18:00+00:00,67.12999725341797,67.12999725341797,67.11000061035156,67.11000061035156,14.0
2025-03-14 03:19:00+00:00,67.08999633789062,67.13999938964844,67.04000091552734,67.12999725341797,486.0
2025-03-14 03:20:00+00:00,67.0999984741211,67.0999984741211,67.08999633789062,67.0999984741211,42.0
2025-03-14 03:21:00+00:00,67.12000274658203,67.12999725341797,67.0999984741211,67.0999984741211,50.0
2025-03-14 03:22:00+00:00,67.11000061035156,67.12999725341797,67.11000061035156,67.12999725341797,26.0
2025-03-14 03:23:00+00:00,67.08999633789062,67.11000061035156,67.08999633789062,67.11000061035156,23.0
2025-03-14 03:24:00+00:00,67.08999633789062,67.0999984741211,67.08999633789062,67.0999984741211,24.0
2025-03-14 03:25:00+00:00,67.08000183105469,67.0999984741211,67.08000183105469,67.0999984741211,14.0
2025-03-14 03:26:00+00:00,67.08000183105469,67.08999633789062,67.08000183105469,67.08999633789062,12.0
2025-03-14 03:27:00+00:00,67.05000305175781,67.06999969482422,67.05000305175781,67.06999969482422,44.0
2025-03-14 03:28:00+00:00,67.04000091552734,67.05000305175781,67.04000091552734,67.05000305175781,5.0
2025-03-14 03:29:00+00:00,67.05999755859375,67.05999755859375,67.05000305175781,67.05000305175781,13.0
2025-03-14 03:30:00+00:00,67.08000183105469,67.08999633789062,67.06999969482422,67.06999969482422,28.0
2025-03-14 03:31:00+00:00,67.05999755859375,67.08999633789062,67.05999755859375,67.08999633789062,25.0
2025-03-14 03:32:00+00:00,67.05999755859375,67.06999969482422,67.05000305175781,67.05999755859375,29.0
2025-03-14 03:33:00+00:00,67.05000305175781,67.05999755859375,67.05000305175781,67.05999755859375,14.0
2025-03-14 03:34:00+00:00,67.05999755859375,67.05999755859375,67.05000305175781,67.05000305175781,5.0
2025-03-14 03:35:00+00:00,67.05999755859375,67.05999755859375,67.05999755859375,67.05999755859375,7.0
2025-03-14 03:36:00+00:00,67.05999755859375,67.06999969482422,67.05999755859375,67.06999969482422,7.0
2025-03-14 03:37:00+00:00,67.05000305175781,67.05999755859375,67.04000091552734,67.05999755859375,25.0
2025-03-14 03:38:00+00:00,67.05999755859375,67.05999755859375,67.05000305175781,67.05000305175781,16.0
2025-03-14 03:39:00+00:00,67.05999755859375,67.05999755859375,67.05999755859375,67.05999755859375,6.0
2025-03-14 03:40:00+00:00,67.05000305175781,67.06999969482422,67.05000305175781,67.06999969482422,8.0
2025-03-14 03:41:00+00:00,67.05000305175781,67.05000305175781,67.05000305175781,67.05000305175781,4.0
2025-03-14 03:42:00+00:00,67.05000305175781,67.05999755859375,67.04000091552734,67.05999755859375,15.0
2025-03-14 03:43:00+00:00,67.05000305175781,67.05000305175781,67.04000091552734,67.05000305175781,12.0
2025-03-14 03:44:00+00:00,67.04000091552734,67.04000091552734,67.04000091552734,67.04000091552734,1.0
2025-03-14 03:45:00+00:00,67.04000091552734,67.04000091552734,67.04000091552734,67.04000091552734,19.0
2025-03-14 03:46:00+00:00,67.04000091552734,67.05000305175781,67.04000091552734,67.05000305175781,15.0
2025-03-14 03:47:00+00:00,67.01000213623047,67.02999877929688,67.01000213623047,67.02999877929688,51.0
2025-03-14 03:48:00+00:00,66.9800033569336,67.0199966430664,66.9800033569336,67.01000213623047,38.0
2025-03-14 03:49:00+00:00,67.0,67.0,66.9800033569336,66.9800033569336,48.0
2025-03-14 03:50:00+00:00,66.9800033569336,67.0,66.9800033569336,67.0,33.0
2025-03-14 03:51:00+00:00,66.98999786376953,66.98999786376953,66.97000122070312,66.98999786376953,8.0
2025-03-14 03:52:00+00:00,67.0,67.0,67.0,67.0,5.0
2025-03-14 03:53:00+00:00,66.98999786376953,67.0,66.98999786376953,67.0,8.0
2025-03-14 03:54:00+00:00,67.0,67.0,66.98999786376953,66.98999786376953,5.0
2025-03-14 03:55:00+00:00,67.0199966430664,67.0199966430664,67.01000213623047,67.01000213623047,15.0
2025-03-14 03:56:00+00:00,67.01000213623047,67.01000213623047,67.01000213623047,67.01000213623047,16.0
2025-03-14 03:57:00+00:00,67.0199966430664,67.0199966430664,67.01000213623047,67.01000213623047,5.0
2025-03-14 03:58:00+00:00,67.01000213623047,67.0199966430664,67.01000213623047,67.0199966430664,25.0
2025-03-14 04:00:00+00:00,67.0199966430664,67.04000091552734,67.01000213623047,67.0199966430664,57.0
2025-03-14 04:02:00+00:00,67.0199966430664,67.02999877929688,67.0199966430664,67.02999877929688,5.0
2025-03-14 04:03:00+00:00,67.0199966430664,67.0199966430664,67.0199966430664,67.0199966430664,16.0
2025-03-14 04:04:00+00:00,67.0199966430664,67.0199966430664,67.0199966430664,67.0199966430664,5.0
2025-03-14 04:05:00+00:00,67.02999877929688,67.02999877929688,67.0199966430664,67.0199966430664,6.0
2025-03-14 04:06:00+00:00,67.02999877929688,67.02999877929688,67.02999877929688,67.02999877929688,4.0
2025-03-14 04:07:00+00:00,67.01000213623047,67.0199966430664,67.01000213623047,67.0199966430664,9.0
2025-03-14 04:08:00+00:00,67.01000213623047,67.01000213623047,67.01000213623047,67.01000213623047,11.0
2025-03-14 04:09:00+00:00,67.0199966430664,67.0199966430664,67.01000213623047,67.01000213623047,9.0
2025-03-14 04:10:00+00:00,67.0199966430664,67.0199966430664,67.0199966430664,67.0199966430664,6.0
2025-03-14 04:11:00+00:00,67.0199966430664,67.02999877929688,67.0199966430664,67.02999877929688,8.0
2025-03-14 04:13:00+00:00,67.0199966430664,67.0199966430664,67.0199966430664,67.0199966430664,3.0
2025-03-14 04:15:00+00:00,67.0199966430664,67.02999877929688,67.01000213623047,67.01000213623047,17.0
2025-03-14 04:18:00+00:00,67.0199966430664,67.0199966430664,67.0199966430664,67.0199966430664,7.0
2025-03-14 04:20:00+00:00,67.0199966430664,67.0199966430664,67.0199966430664,67.0199966430664,9.0
2025-03-14 04:21:00+00:00,67.0199966430664,67.0199966430664,67.0,67.01000213623047,17.0
2025-03-14 04:23:00+00:00,67.02999877929688,67.02999877929688,67.02999877929688,67.02999877929688,2.0
2025-03-14 04:24:00+00:00,67.0199966430664,67.0199966430664,67.0199966430664,67.0199966430664,4.0
2025-03-14 04:26:00+00:00,67.0199966430664,67.0199966430664,67.0199966430664,67.0199966430664,12.0
2025-03-14 04:27:00+00:00,67.0199966430664,67.0199966430664,67.0199966430664,67.0199966430664,10.0
2025-03-14 04:30:00+00:00,67.02999877929688,67.02999877929688,67.0199966430664,67.0199966430664,2.0
2025-03-14 04:38:00+00:00,67.01000213623047,67.01000213623047,67.01000213623047,67.01000213623047,8.0
2025-03-14 04:39:00+00:00,67.0,67.01000213623047,66.98999786376953,67.01000213623047,21.0
2025-03-14 04:40:00+00:00,67.0,67.01000213623047,67.0,67.0,6.0
2025-03-14 04:41:00+00:00,67.01000213623047,67.01000213623047,67.0,67.0,12.0
2025-03-14 04:42:00+00:00,67.01000213623047,67.01000213623047,67.01000213623047,67.01000213623047,3.0
2025-03-14 04:43:00+00:00,67.01000213623047,67.01000213623047,67.01000213623047,67.01000213623047,5.0
2025-03-14 04:44:00+00:00,67.01000213623047,67.01000213623047,67.01000213623047,67.01000213623047,6.0
2025-03-14 04:47:00+00:00,67.0,67.01000213623047,67.0,67.01000213623047,13.0
2025-03-14 04:48:00+00:00,67.0,67.0,67.0,67.0,7.0
2025-03-14 04:49:00+00:00,67.0,67.0,67.0,67.0,2.0
2025-03-14 04:50:00+00:00,67.01000213623047,67.01000213623047,67.01000213623047,67.01000213623047,1.0
2025-03-14 04:51:00+00:00,67.0199966430664,67.0199966430664,67.01000213623047,67.01000213623047,7.0
2025-03-14 04:57:00+00:00,67.0199966430664,67.0199966430664,67.01000213623047,67.01000213623047,6.0
2025-03-14 05:02:00+00:00,67.01000213623047,67.01000213623047,67.01000213623047,67.01000213623047,12.0
2025-03-14 05:03:00+00:00,67.01000213623047,67.0199966430664,67.01000213623047,67.0199966430664,8.0
2025-03-14 05:04:00+00:00,67.02999877929688,67.02999877929688,67.01000213623047,67.01000213623047,10.0
2025-03-14 05:05:00+00:00,67.02999877929688,67.02999877929688,67.0199966430664,67.0199966430664,65.0
2025-03-14 05:06:00+00:00,67.01000213623047,67.0199966430664,67.01000213623047,67.0199966430664,5.0
2025-03-14 05:08:00+00:00,67.01000213623047,67.02999877929688,67.01000213623047,67.0199966430664,18.0
2025-03-14 05:09:00+00:00,67.01000213623047,67.01000213623047,67.0,67.01000213623047,25.0
2025-03-14 05:10:00+00:00,67.0199966430664,67.0199966430664,67.01000213623047,67.01000213623047,21.0
2025-03-14 05:12:00+00:00,67.01000213623047,67.0199966430664,67.01000213623047,67.0199966430664,7.0
2025-03-14 05:13:00+00:00,67.01000213623047,67.01000213623047,67.01000213623047,67.01000213623047,13.0
2025-03-14 05:16:00+00:00,67.0199966430664,67.0199966430664,67.0199966430664,67.0199966430664,1.0
2025-03-14 05:19:00+00:00,67.05000305175781,67.05000305175781,67.02999877929688,67.02999877929688,74.0
2025-03-14 05:21:00+00:00,67.02999877929688,67.05000305175781,67.02999877929688,67.05000305175781,12.0
2025-03-14 05:22:00+00:00,67.01000213623047,67.02999877929688,67.0,67.02999877929688,11.0
2025-03-14 05:23:00+00:00,67.0,67.01000213623047,67.0,67.01000213623047,11.0
2025-03-14 05:24:00+00:00,66.98999786376953,67.0,66.9800033569336,67.0,42.0
2025-03-14 05:25:00+00:00,66.98999786376953,67.01000213623047,66.98999786376953,67.0,15.0
2025-03-14 05:26:00+00:00,66.98999786376953,66.98999786376953,66.98999786376953,66.98999786376953,2.0
2025-03-14 05:27:00+00:00,66.9800033569336,66.9800033569336,66.9800033569336,66.9800033569336,4.0
2025-03-14 05:28:00+00:00,66.9800033569336,66.9800033569336,66.95999908447266,66.9800033569336,43.0
2025-03-14 05:30:00+00:00,67.0,67.0,66.95999908447266,66.9800033569336,35.0
2025-03-14 05:31:00+00:00,67.01000213623047,67.01000213623047,67.0,67.01000213623047,8.0
2025-03-14 05:32:00+00:00,67.01000213623047,67.01000213623047,67.01000213623047,67.01000213623047,2.0
2025-03-14 05:34:00+00:00,67.0,67.01000213623047,67.0,67.01000213623047,8.0
2025-03-14 05:35:00+00:00,67.02999877929688,67.02999877929688,67.0199966430664,67.0199966430664,9.0
2025-03-14 05:38:00+00:00,67.02999877929688,67.02999877929688,67.0199966430664,67.0199966430664,30.0
2025-03-14 05:39:00+00:00,67.0199966430664,67.02999877929688,67.0199966430664,67.02999877929688,10.0
2025-03-14 05:40:00+00:00,67.0199966430664,67.02999877929688,67.0199966430664,67.0199966430664,19.0
2025-03-14 05:41:00+00:00,67.02999877929688,67.04000091552734,67.02999877929688,67.02999877929688,14.0
2025-03-14 05:42:00+00:00,67.0199966430664,67.0199966430664,67.0199966430664,67.0199966430664,2.0
2025-03-14 05:45:00+00:00,67.01000213623047,67.01000213623047,66.98999786376953,67.01000213623047,14.0
2025-03-14 05:46:00+00:00,67.0199966430664,67.0199966430664,67.01000213623047,67.01000213623047,8.0
2025-03-14 05:47:00+00:00,67.01000213623047,67.0199966430664,67.01000213623047,67.0199966430664,10.0
2025-03-14 05:50:00+00:00,67.0199966430664,67.0199966430664,67.0199966430664,67.0199966430664,21.0
2025-03-14 05:53:00+00:00,67.0199966430664,67.04000091552734,67.0199966430664,67.0199966430664,12.0
2025-03-14 05:54:00+00:00,67.02999877929688,67.02999877929688,67.0199966430664,67.0199966430664,7.0
2025-03-14 05:56:00+00:00,67.05000305175781,67.05000305175781,67.04000091552734,67.04000091552734,32.0
2025-03-14 05:57:00+00:00,67.05000305175781,67.05999755859375,67.05000305175781,67.05000305175781,19.0
2025-03-14 05:58:00+00:00,67.06999969482422,67.06999969482422,67.05000305175781,67.05000305175781,24.0
2025-03-14 05:59:00+00:00,67.06999969482422,67.06999969482422,67.06999969482422,67.06999969482422,3.0
2025-03-14 06:00:00+00:00,67.05000305175781,67.06999969482422,67.05000305175781,67.06999969482422,18.0
2025-03-14 06:01:00+00:00,67.05999755859375,67.05999755859375,67.05000305175781,67.05000305175781,8.0
2025-03-14 06:02:00+00:00,67.05000305175781,67.05999755859375,67.05000305175781,67.05999755859375,4.0
2025-03-14 06:03:00+00:00,67.04000091552734,67.05000305175781,67.04000091552734,67.05000305175781,7.0
2025-03-14 06:04:00+00:00,67.05000305175781,67.05000305175781,67.04000091552734,67.04000091552734,8.0
2025-03-14 06:06:00+00:00,67.0199966430664,67.02999877929688,67.01000213623047,67.02999877929688,39.0
2025-03-14 06:08:00+00:00,67.02999877929688,67.02999877929688,67.01000213623047,67.01000213623047,19.0
2025-03-14 06:10:00+00:00,67.0199966430664,67.05000305175781,67.0199966430664,67.04000091552734,27.0
2025-03-14 06:11:00+00:00,66.98999786376953,67.01000213623047,66.98999786376953,67.01000213623047,20.0
2025-03-14 06:12:00+00:00,66.9800033569336,66.98999786376953,66.97000122070312,66.98999786376953,60.0
2025-03-14 06:13:00+00:00,66.97000122070312,66.98999786376953,66.97000122070312,66.98999786376953,27.0
2025-03-14 06:14:00+00:00,67.01000213623047,67.01000213623047,66.94000244140625,66.97000122070312,614.0
2025-03-14 06:15:00+00:00,67.0199966430664,67.02999877929688,67.01000213623047,67.01000213623047,21.0
2025-03-14 06:17:00+00:00,67.04000091552734,67.04000091552734,67.02999877929688,67.02999877929688,10.0
2025-03-14 06:18:00+00:00,67.04000091552734,67.04000091552734,67.02999877929688,67.04000091552734,15.0
2025-03-14 06:19:00+00:00,67.05999755859375,67.06999969482422,67.04000091552734,67.04000091552734,540.0
2025-03-14 06:20:00+00:00,67.05999755859375,67.06999969482422,67.05000305175781,67.05999755859375,18.0
2025-03-14 06:21:00+00:00,67.08999633789062,67.0999984741211,67.05999755859375,67.05999755859375,119.0
2025-03-14 06:22:00+00:00,67.0999984741211,67.11000061035156,67.08999633789062,67.0999984741211,38.0
2025-03-14 06:23:00+00:00,67.11000061035156,67.11000061035156,67.0999984741211,67.0999984741211,7.0
2025-03-14 06:24:00+00:00,67.13999938964844,67.16000366210938,67.11000061035156,67.12000274658203,131.0
2025-03-14 06:25:00+00:00,67.16000366210938,67.16000366210938,67.12999725341797,67.13999938964844,41.0
2025-03-14 06:26:00+00:00,67.12999725341797,67.19000244140625,67.12999725341797,67.16000366210938,50.0
2025-03-14 06:27:00+00:00,67.1500015258789,67.1500015258789,67.12999725341797,67.13999938964844,17.0
2025-03-14 06:28:00+00:00,67.13999938964844,67.16000366210938,67.13999938964844,67.1500015258789,12.0
2025-03-14 06:29:00+00:00,67.13999938964844,67.13999938964844,67.12999725341797,67.13999938964844,6.0
2025-03-14 06:30:00+00:00,67.16000366210938,67.16999816894531,67.13999938964844,67.13999938964844,49.0
2025-03-14 06:31:00+00:00,67.1500015258789,67.16000366210938,67.13999938964844,67.16000366210938,35.0
2025-03-14 06:32:00+00:00,67.13999938964844,67.13999938964844,67.12999725341797,67.13999938964844,29.0
2025-03-14 06:33:00+00:00,67.13999938964844,67.1500015258789,67.12000274658203,67.12999725341797,61.0
2025-03-14 06:34:00+00:00,67.18000030517578,67.19000244140625,67.13999938964844,67.13999938964844,180.0
2025-03-14 06:35:00+00:00,67.16999816894531,67.16999816894531,67.13999938964844,67.16999816894531,72.0
2025-03-14 06:36:00+00:00,67.16999816894531,67.16999816894531,67.16000366210938,67.16000366210938,4.0
2025-03-14 06:37:00+00:00,67.16999816894531,67.19000244140625,67.16999816894531,67.18000030517578,54.0
2025-03-14 06:38:00+00:00,67.19999694824219,67.20999908447266,67.16999816894531,67.16999816894531,1153.0
2025-03-14 06:39:00+00:00,67.20999908447266,67.20999908447266,67.19999694824219,67.19999694824219,21.0
2025-03-14 06:40:00+00:00,67.23999786376953,67.25,67.19999694824219,67.19999694824219,249.0
2025-03-14 06:41:00+00:00,67.25,67.27999877929688,67.23999786376953,67.23999786376953,229.0
2025-03-14 06:42:00+00:00,67.22000122070312,67.25,67.22000122070312,67.25,177.0
2025-03-14 06:43:00+00:00,67.23999786376953,67.23999786376953,67.20999908447266,67.22000122070312,19.0
2025-03-14 06:44:00+00:00,67.23999786376953,67.23999786376953,67.2300033569336,67.23999786376953,8.0
2025-03-14 06:45:00+00:00,67.23999786376953,67.26000213623047,67.2300033569336,67.23999786376953,28.0
2025-03-14 06:46:00+00:00,67.25,67.26000213623047,67.2300033569336,67.23999786376953,34.0
2025-03-14 06:47:00+00:00,67.25,67.26000213623047,67.25,67.25,9.0
2025-03-14 06:48:00+00:00,67.27999877929688,67.27999877929688,67.26000213623047,67.26000213623047,66.0
2025-03-14 06:49:00+00:00,67.27999877929688,67.27999877929688,67.2699966430664,67.2699966430664,42.0
2025-03-14 06:50:00+00:00,67.2699966430664,67.2699966430664,67.26000213623047,67.2699966430664,28.0
2025-03-14 06:51:00+00:00,67.2699966430664,67.27999877929688,67.2699966430664,67.2699966430664,31.0
2025-03-14 06:52:00+00:00,67.2699966430664,67.27999877929688,67.26000213623047,67.26000213623047,46.0
2025-03-14 06:53:00+00:00,67.27999877929688,67.27999877929688,67.27999877929688,67.27999877929688,36.0
2025-03-14 06:54:00+00:00,67.26000213623047,67.29000091552734,67.26000213623047,67.29000091552734,53.0
2025-03-14 06:55:00+00:00,67.26000213623047,67.2699966430664,67.25,67.25,42.0
2025-03-14 06:56:00+00:00,67.26000213623047,67.2699966430664,67.26000213623047,67.26000213623047,19.0
2025-03-14 06:57:00+00:00,67.2699966430664,67.27999877929688,67.26000213623047,67.26000213623047,15.0
2025-03-14 06:58:00+00:00,67.2699966430664,67.2699966430664,67.2699966430664,67.2699966430664,2.0
2025-03-14 06:59:00+00:00,67.29000091552734,67.29000091552734,67.26000213623047,67.2699966430664,40.0
2025-03-14 07:00:00+00:00,67.29000091552734,67.30000305175781,67.2699966430664,67.27999877929688,90.0
2025-03-14 07:01:00+00:00,67.30000305175781,67.30999755859375,67.27999877929688,67.29000091552734,121.0
2025-03-14 07:02:00+00:00,67.31999969482422,67.31999969482422,67.29000091552734,67.30000305175781,55.0
2025-03-14 07:03:00+00:00,67.37999725341797,67.37999725341797,67.30000305175781,67.30999755859375,351.0
2025-03-14 07:04:00+00:00,67.3499984741211,67.37000274658203,67.33000183105469,67.37000274658203,86.0
2025-03-14 07:05:00+00:00,67.36000061035156,67.37999725341797,67.33999633789062,67.36000061035156,48.0
2025-03-14 07:06:00+00:00,67.31999969482422,67.3499984741211,67.31999969482422,67.3499984741211,44.0
2025-03-14 07:07:00+00:00,67.37999725341797,67.37999725341797,67.31999969482422,67.33999633789062,53.0
2025-03-14 07:08:00+00:00,67.4000015258789,67.41000366210938,67.37000274658203,67.37999725341797,135.0
2025-03-14 07:09:00+00:00,67.37999725341797,67.41000366210938,67.37999725341797,67.4000015258789,72.0
2025-03-14 07:10:00+00:00,67.37000274658203,67.38999938964844,67.37000274658203,67.38999938964844,56.0
2025-03-14 07:11:00+00:00,67.36000061035156,67.36000061035156,67.3499984741211,67.36000061035156,39.0
2025-03-14 07:12:00+00:00,67.33000183105469,67.3499984741211,67.31999969482422,67.3499984741211,67.0
2025-03-14 07:13:00+00:00,67.30999755859375,67.31999969482422,67.30000305175781,67.31999969482422,54.0
2025-03-14 07:14:00+00:00,67.30999755859375,67.31999969482422,67.30000305175781,67.30999755859375,50.0
2025-03-14 07:15:00+00:00,67.30000305175781,67.31999969482422,67.30000305175781,67.30999755859375,36.0
2025-03-14 07:16:00+00:00,67.31999969482422,67.33000183105469,67.30999755859375,67.30999755859375,60.0
2025-03-14 07:17:00+00:00,67.2699966430664,67.33999633789062,67.2699966430664,67.31999969482422,90.0
2025-03-14 07:18:00+00:00,67.27999877929688,67.29000091552734,67.2699966430664,67.27999877929688,53.0
2025-03-14 07:19:00+00:00,67.30000305175781,67.31999969482422,67.29000091552734,67.29000091552734,68.0
2025-03-14 07:20:00+00:00,67.29000091552734,67.30999755859375,67.29000091552734,67.30999755859375,18.0
2025-03-14 07:21:00+00:00,67.26000213623047,67.27999877929688,67.25,67.27999877929688,44.0
2025-03-14 07:22:00+00:00,67.25,67.26000213623047,67.25,67.26000213623047,68.0
2025-03-14 07:23:00+00:00,67.23999786376953,67.25,67.2300033569336,67.25,90.0
2025-03-14 07:24:00+00:00,67.26000213623047,67.26000213623047,67.23999786376953,67.23999786376953,56.0
2025-03-14 07:25:00+00:00,67.30999755859375,67.31999969482422,67.2699966430664,67.2699966430664,114.0
2025-03-14 07:26:00+00:00,67.30000305175781,67.33000183105469,67.30000305175781,67.31999969482422,372.0
2025-03-14 07:27:00+00:00,67.30999755859375,67.31999969482422,67.30000305175781,67.30999755859375,33.0
2025-03-14 07:28:00+00:00,67.31999969482422,67.31999969482422,67.30999755859375,67.31999969482422,89.0
2025-03-14 07:29:00+00:00,67.3499984741211,67.3499984741211,67.31999969482422,67.31999969482422,37.0
2025-03-14 07:30:00+00:00,67.33999633789062,67.36000061035156,67.33999633789062,67.33999633789062,47.0
2025-03-14 07:31:00+00:00,67.33000183105469,67.37000274658203,67.33000183105469,67.33999633789062,77.0
2025-03-14 07:32:00+00:00,67.30000305175781,67.33999633789062,67.30000305175781,67.33000183105469,51.0
2025-03-14 07:33:00+00:00,67.27999877929688,67.30000305175781,67.2699966430664,67.30000305175781,44.0
2025-03-14 07:34:00+00:00,67.2699966430664,67.27999877929688,67.26000213623047,67.27999877929688,53.0
2025-03-14 07:35:00+00:00,67.30999755859375,67.31999969482422,67.2699966430664,67.2699966430664,142.0
2025-03-14 07:36:00+00:00,67.30000305175781,67.30999755859375,67.29000091552734,67.30999755859375,63.0
2025-03-14 07:37:00+00:00,67.29000091552734,67.31999969482422,67.29000091552734,67.30999755859375,27.0
2025-03-14 07:38:00+00:00,67.30000305175781,67.30999755859375,67.27999877929688,67.29000091552734,84.0
2025-03-14 07:39:00+00:00,67.33000183105469,67.33000183105469,67.30000305175781,67.30000305175781,289.0
2025-03-14 07:40:00+00:00,67.33999633789062,67.36000061035156,67.31999969482422,67.33000183105469,83.0
2025-03-14 07:41:00+00:00,67.33999633789062,67.3499984741211,67.33000183105469,67.33000183105469,18.0
2025-03-14 07:42:00+00:00,67.30999755859375,67.33999633789062,67.30000305175781,67.33999633789062,62.0
2025-03-14 07:43:00+00:00,67.27999877929688,67.30999755859375,67.27999877929688,67.30999755859375,56.0
2025-03-14 07:44:00+00:00,67.2699966430664,67.29000091552734,67.26000213623047,67.29000091552734,162.0
2025-03-14 07:45:00+00:00,67.25,67.27999877929688,67.25,67.27999877929688,47.0
2025-03-14 07:46:00+00:00,67.2300033569336,67.25,67.2300033569336,67.25,45.0
2025-03-14 07:47:00+00:00,67.22000122070312,67.25,67.22000122070312,67.23999786376953,78.0
2025-03-14 07:48:00+00:00,67.26000213623047,67.2699966430664,67.22000122070312,67.22000122070312,95.0
2025-03-14 07:49:00+00:00,67.30000305175781,67.30000305175781,67.26000213623047,67.26000213623047,25.0
2025-03-14 07:50:00+00:00,67.30000305175781,67.30000305175781,67.30000305175781,67.30000305175781,2.0
2025-03-14 07:51:00+00:00,67.30999755859375,67.31999969482422,67.29000091552734,67.30999755859375,192.0
2025-03-14 07:53:00+00:00,67.31999969482422,67.31999969482422,67.30000305175781,67.30000305175781,76.0
2025-03-14 07:54:00+00:00,67.30000305175781,67.31999969482422,67.30000305175781,67.31999969482422,24.0
2025-03-14 07:55:00+00:00,67.30000305175781,67.30999755859375,67.29000091552734,67.30999755859375,28.0
2025-03-14 07:56:00+00:00,67.33999633789062,67.33999633789062,67.30999755859375,67.30999755859375,58.0
2025-03-14 07:57:00+00:00,67.3499984741211,67.3499984741211,67.33000183105469,67.33999633789062,31.0
2025-03-14 07:58:00+00:00,67.33000183105469,67.3499984741211,67.33000183105469,67.3499984741211,93.0
2025-03-14 07:59:00+00:00,67.33999633789062,67.3499984741211,67.31999969482422,67.33000183105469,55.0
2025-03-14 08:00:00+00:00,67.30000305175781,67.33000183105469,67.27999877929688,67.33000183105469,57.0
2025-03-14 08:01:00+00:00,67.25,67.31999969482422,67.23999786376953,67.30000305175781,63.0
2025-03-14 08:02:00+00:00,67.26000213623047,67.2699966430664,67.23999786376953,67.25,313.0
2025-03-14 08:03:00+00:00,67.2300033569336,67.2699966430664,67.2300033569336,67.2699966430664,31.0
2025-03-14 08:04:00+00:00,67.2300033569336,67.23999786376953,67.22000122070312,67.2300033569336,42.0
2025-03-14 08:05:00+00:00,67.2699966430664,67.2699966430664,67.2300033569336,67.2300033569336,41.0
2025-03-14 08:06:00+00:00,67.33000183105469,67.33000183105469,67.2699966430664,67.27999877929688,69.0
2025-03-14 08:08:00+00:00,67.20999908447266,67.23999786376953,67.20999908447266,67.23999786376953,310.0
2025-03-14 08:09:00+00:00,67.19999694824219,67.22000122070312,67.19000244140625,67.22000122070312,48.0
2025-03-14 08:10:00+00:00,67.18000030517578,67.19999694824219,67.16999816894531,67.19000244140625,81.0
2025-03-14 08:11:00+00:00,67.19999694824219,67.20999908447266,67.18000030517578,67.18000030517578,41.0
2025-03-14 08:12:00+00:00,67.19000244140625,67.20999908447266,67.18000030517578,67.20999908447266,54.0
2025-03-14 08:13:00+00:00,67.19999694824219,67.19999694824219,67.18000030517578,67.18000030517578,23.0
2025-03-14 08:14:00+00:00,67.20999908447266,67.2300033569336,67.19999694824219,67.20999908447266,32.0
2025-03-14 08:15:00+00:00,67.20999908447266,67.2300033569336,67.20999908447266,67.20999908447266,32.0
2025-03-14 08:16:00+00:00,67.1500015258789,67.22000122070312,67.1500015258789,67.22000122070312,499.0
2025-03-14 08:17:00+00:00,67.18000030517578,67.18000030517578,67.1500015258789,67.1500015258789,35.0
2025-03-14 08:18:00+00:00,67.18000030517578,67.19999694824219,67.16999816894531,67.18000030517578,70.0
2025-03-14 08:19:00+00:00,67.19000244140625,67.2300033569336,67.19000244140625,67.19000244140625,257.0
2025-03-14 08:20:00+00:00,67.20999908447266,67.20999908447266,67.18000030517578,67.19000244140625,58.0
2025-03-14 08:21:00+00:00,67.22000122070312,67.22000122070312,67.19999694824219,67.19999694824219,30.0
2025-03-14 08:22:00+00:00,67.25,67.25,67.19999694824219,67.20999908447266,77.0
2025-03-14 08:23:00+00:00,67.2300033569336,67.26000213623047,67.22000122070312,67.26000213623047,110.0
2025-03-14 08:24:00+00:00,67.19999694824219,67.22000122070312,67.19999694824219,67.22000122070312,21.0
2025-03-14 08:25:00+00:00,67.19999694824219,67.2300033569336,67.19999694824219,67.19999694824219,32.0
2025-03-14 08:26:00+00:00,67.19000244140625,67.19999694824219,67.18000030517578,67.19999694824219,40.0
2025-03-14 08:27:00+00:00,67.19000244140625,67.19999694824219,67.16999816894531,67.19999694824219,81.0
2025-03-14 08:28:00+00:00,67.19000244140625,67.19000244140625,67.16000366210938,67.18000030517578,121.0
2025-03-14 08:29:00+00:00,67.2300033569336,67.2699966430664,67.19000244140625,67.19000244140625,263.0
2025-03-14 08:30:00+00:00,67.26000213623047,67.29000091552734,67.22000122070312,67.2300033569336,130.0
2025-03-14 08:31:00+00:00,67.22000122070312,67.2699966430664,67.22000122070312,67.2699966430664,73.0
2025-03-14 08:32:00+00:00,67.20999908447266,67.23999786376953,67.20999908447266,67.23999786376953,77.0
2025-03-14 08:33:00+00:00,67.18000030517578,67.2300033569336,67.16999816894531,67.20999908447266,264.0
2025-03-14 08:34:00+00:00,67.20999908447266,67.20999908447266,67.19000244140625,67.19000244140625,71.0
2025-03-14 08:35:00+00:00,67.29000091552734,67.30000305175781,67.20999908447266,67.22000122070312,61.0
2025-03-14 08:36:00+00:00,67.33000183105469,67.33999633789062,67.27999877929688,67.29000091552734,132.0
2025-03-14 08:37:00+00:00,67.4000015258789,67.43000030517578,67.31999969482422,67.31999969482422,525.0
2025-03-14 08:38:00+00:00,67.41000366210938,67.44000244140625,67.4000015258789,67.4000015258789,85.0
2025-03-14 08:39:00+00:00,67.38999938964844,67.41000366210938,67.37000274658203,67.41000366210938,71.0
2025-03-14 08:40:00+00:00,67.41999816894531,67.41999816894531,67.38999938964844,67.38999938964844,101.0
2025-03-14 08:41:00+00:00,67.4000015258789,67.43000030517578,67.37999725341797,67.43000030517578,123.0
2025-03-14 08:42:00+00:00,67.4000015258789,67.43000030517578,67.4000015258789,67.41000366210938,115.0
2025-03-14 08:43:00+00:00,67.41999816894531,67.43000030517578,67.4000015258789,67.4000015258789,55.0
2025-03-14 08:44:00+00:00,67.43000030517578,67.43000030517578,67.4000015258789,67.41999816894531,150.0
2025-03-14 08:45:00+00:00,67.41999816894531,67.44000244140625,67.41999816894531,67.44000244140625,79.0
2025-03-14 08:46:00+00:00,67.41999816894531,67.44000244140625,67.4000015258789,67.43000030517578,68.0
2025-03-14 08:47:00+00:00,67.41999816894531,67.44000244140625,67.41000366210938,67.41999816894531,83.0
2025-03-14 08:48:00+00:00,67.43000030517578,67.43000030517578,67.41999816894531,67.43000030517578,26.0
2025-03-14 08:49:00+00:00,67.44000244140625,67.45999908447266,67.41999816894531,67.41999816894531,112.0
2025-03-14 08:50:00+00:00,67.44000244140625,67.45999908447266,67.44000244140625,67.44999694824219,56.0
2025-03-14 08:51:00+00:00,67.45999908447266,67.47000122070312,67.43000030517578,67.44000244140625,61.0
2025-03-14 08:52:00+00:00,67.47000122070312,67.47000122070312,67.44999694824219,67.44999694824219,24.0
2025-03-14 08:53:00+00:00,67.45999908447266,67.47000122070312,67.45999908447266,67.45999908447266,99.0
2025-03-14 08:54:00+00:00,67.47000122070312,67.47000122070312,67.44999694824219,67.44999694824219,43.0
2025-03-14 08:55:00+00:00,67.45999908447266,67.4800033569336,67.45999908447266,67.47000122070312,49.0
2025-03-14 08:56:00+00:00,67.44999694824219,67.47000122070312,67.44000244140625,67.45999908447266,94.0
2025-03-14 08:57:00+00:00,67.44999694824219,67.45999908447266,67.44999694824219,67.44999694824219,46.0
2025-03-14 08:58:00+00:00,67.45999908447266,67.45999908447266,67.44999694824219,67.45999908447266,22.0
2025-03-14 08:59:00+00:00,67.44999694824219,67.45999908447266,67.44000244140625,67.45999908447266,39.0
2025-03-14 09:00:00+00:00,67.41000366210938,67.44999694824219,67.41000366210938,67.44999694824219,143.0
2025-03-14 09:01:00+00:00,67.37999725341797,67.41999816894531,67.37999725341797,67.41000366210938,130.0
2025-03-14 09:02:00+00:00,67.4000015258789,67.41999816894531,67.37999725341797,67.38999938964844,73.0
2025-03-14 09:03:00+00:00,67.37999725341797,67.41999816894531,67.37999725341797,67.4000015258789,60.0
2025-03-14 09:04:00+00:00,67.3499984741211,67.38999938964844,67.33999633789062,67.37999725341797,57.0
2025-03-14 09:05:00+00:00,67.37000274658203,67.37000274658203,67.3499984741211,67.36000061035156,59.0
2025-03-14 09:06:00+00:00,67.3499984741211,67.37999725341797,67.3499984741211,67.37000274658203,59.0
2025-03-14 09:07:00+00:00,67.30999755859375,67.36000061035156,67.30999755859375,67.36000061035156,177.0
2025-03-14 09:08:00+00:00,67.36000061035156,67.36000061035156,67.31999969482422,67.31999969482422,40.0
2025-03-14 09:09:00+00:00,67.37000274658203,67.37000274658203,67.36000061035156,67.36000061035156,28.0
2025-03-14 09:10:00+00:00,67.37999725341797,67.37999725341797,67.33999633789062,67.37000274658203,56.0
2025-03-14 09:11:00+00:00,67.37000274658203,67.37999725341797,67.37000274658203,67.37999725341797,68.0
2025-03-14 09:12:00+00:00,67.37000274658203,67.37000274658203,67.36000061035156,67.37000274658203,32.0
2025-03-14 09:13:00+00:00,67.33999633789062,67.3499984741211,67.33999633789062,67.3499984741211,44.0
2025-03-14 09:14:00+00:00,67.33999633789062,67.3499984741211,67.33999633789062,67.33999633789062,18.0
2025-03-14 09:15:00+00:00,67.33999633789062,67.3499984741211,67.33000183105469,67.33000183105469,11.0
2025-03-14 09:16:00+00:00,67.27999877929688,67.33999633789062,67.27999877929688,67.33999633789062,65.0
2025-03-14 09:17:00+00:00,67.30000305175781,67.30999755859375,67.29000091552734,67.29000091552734,37.0
2025-03-14 09:18:00+00:00,67.26000213623047,67.30000305175781,67.26000213623047,67.30000305175781,45.0
2025-03-14 09:19:00+00:00,67.2300033569336,67.2699966430664,67.22000122070312,67.2699966430664,122.0
2025-03-14 09:20:00+00:00,67.2300033569336,67.23999786376953,67.20999908447266,67.23999786376953,194.0
2025-03-14 09:21:00+00:00,67.2300033569336,67.23999786376953,67.22000122070312,67.22000122070312,31.0
2025-03-14 09:22:00+00:00,67.22000122070312,67.2300033569336,67.22000122070312,67.2300033569336,24.0
2025-03-14 09:23:00+00:00,67.22000122070312,67.22000122070312,67.18000030517578,67.22000122070312,161.0
2025-03-14 09:24:00+00:00,67.26000213623047,67.26000213623047,67.22000122070312,67.22000122070312,51.0
2025-03-14 09:25:00+00:00,67.30000305175781,67.30999755859375,67.2699966430664,67.2699966430664,91.0
2025-03-14 09:26:00+00:00,67.27999877929688,67.30000305175781,67.26000213623047,67.30000305175781,52.0
2025-03-14 09:27:00+00:00,67.2699966430664,67.27999877929688,67.2699966430664,67.27999877929688,21.0
2025-03-14 09:28:00+00:00,67.22000122070312,67.26000213623047,67.20999908447266,67.26000213623047,55.0
2025-03-14 09:29:00+00:00,67.23999786376953,67.23999786376953,67.22000122070312,67.2300033569336,33.0
2025-03-14 09:40:00+00:00,67.22000122070312,67.2300033569336,67.19999694824219,67.22000122070312,1059.0
2025-03-14 09:41:00+00:00,67.2300033569336,67.2300033569336,67.19999694824219,67.19999694824219,104.0
2025-03-14 09:42:00+00:00,67.2300033569336,67.23999786376953,67.22000122070312,67.2300033569336,38.0
2025-03-14 09:43:00+00:00,67.22000122070312,67.23999786376953,67.19999694824219,67.2300033569336,43.0
2025-03-14 09:44:00+00:00,67.20999908447266,67.2300033569336,67.19000244140625,67.2300033569336,413.0
2025-03-14 09:45:00+00:00,67.22000122070312,67.22000122070312,67.19999694824219,67.19999694824219,20.0
2025-03-14 09:46:00+00:00,67.19999694824219,67.2300033569336,67.19000244140625,67.2300033569336,20.0
2025-03-14 09:47:00+00:00,67.22000122070312,67.22000122070312,67.20999908447266,67.20999908447266,12.0
2025-03-14 09:48:00+00:00,67.19000244140625,67.20999908447266,67.19000244140625,67.20999908447266,23.0
2025-03-14 09:49:00+00:00,67.16999816894531,67.19999694824219,67.16999816894531,67.19000244140625,33.0
2025-03-14 09:50:00+00:00,67.20999908447266,67.20999908447266,67.18000030517578,67.18000030517578,33.0
2025-03-14 09:51:00+00:00,67.22000122070312,67.22000122070312,67.22000122070312,67.22000122070312,3.0
2025-03-14 09:52:00+00:00,67.19999694824219,67.20999908447266,67.19000244140625,67.20999908447266,44.0
2025-03-14 09:53:00+00:00,67.23999786376953,67.23999786376953,67.22000122070312,67.22000122070312,53.0
2025-03-14 09:54:00+00:00,67.27999877929688,67.29000091552734,67.23999786376953,67.23999786376953,52.0
2025-03-14 09:55:00+00:00,67.33000183105469,67.33000183105469,67.27999877929688,67.27999877929688,116.0
2025-03-14 09:56:00+00:00,67.33000183105469,67.33999633789062,67.33000183105469,67.33999633789062,35.0
2025-03-14 09:57:00+00:00,67.33000183105469,67.33999633789062,67.30999755859375,67.33000183105469,43.0
2025-03-14 09:58:00+00:00,67.33999633789062,67.33999633789062,67.30999755859375,67.31999969482422,51.0
2025-03-14 09:59:00+00:00,67.33999633789062,67.33999633789062,67.31999969482422,67.33000183105469,25.0
2025-03-14 10:00:00+00:00,67.26000213623047,67.33999633789062,67.26000213623047,67.33999633789062,67.0
2025-03-14 10:01:00+00:00,67.25,67.2699966430664,67.23999786376953,67.2699966430664,30.0
2025-03-14 10:02:00+00:00,67.22000122070312,67.2699966430664,67.20999908447266,67.2699966430664,38.0
2025-03-14 10:03:00+00:00,67.19000244140625,67.22000122070312,67.18000030517578,67.22000122070312,35.0
2025-03-14 10:04:00+00:00,67.20999908447266,67.20999908447266,67.19000244140625,67.19999694824219,21.0
2025-03-14 10:05:00+00:00,67.22000122070312,67.22000122070312,67.19000244140625,67.20999908447266,22.0
2025-03-14 10:06:00+00:00,67.30000305175781,67.30000305175781,67.2300033569336,67.23999786376953,183.0
2025-03-14 10:07:00+00:00,67.31999969482422,67.33000183105469,67.27999877929688,67.30000305175781,60.0
2025-03-14 10:08:00+00:00,67.27999877929688,67.31999969482422,67.27999877929688,67.31999969482422,46.0
2025-03-14 10:09:00+00:00,67.27999877929688,67.27999877929688,67.2699966430664,67.27999877929688,33.0
2025-03-14 10:10:00+00:00,67.27999877929688,67.27999877929688,67.2699966430664,67.27999877929688,5.0
2025-03-14 10:11:00+00:00,67.26000213623047,67.2699966430664,67.25,67.2699966430664,17.0
2025-03-14 10:12:00+00:00,67.2699966430664,67.27999877929688,67.26000213623047,67.27999877929688,20.0
2025-03-14 10:13:00+00:00,67.27999877929688,67.29000091552734,67.2699966430664,67.2699966430664,55.0
2025-03-14 10:14:00+00:00,67.27999877929688,67.29000091552734,67.27999877929688,67.27999877929688,13.0
2025-03-14 10:15:00+00:00,67.2699966430664,67.27999877929688,67.26000213623047,67.27999877929688,19.0
2025-03-14 10:16:00+00:00,67.27999877929688,67.31999969482422,67.2699966430664,67.2699966430664,970.0
2025-03-14 10:17:00+00:00,67.29000091552734,67.30000305175781,67.27999877929688,67.27999877929688,14.0
2025-03-14 10:18:00+00:00,67.30000305175781,67.30999755859375,67.30000305175781,67.30000305175781,14.0
2025-03-14 10:19:00+00:00,67.29000091552734,67.30999755859375,67.29000091552734,67.30000305175781,28.0
2025-03-14 10:20:00+00:00,67.33999633789062,67.3499984741211,67.30000305175781,67.30000305175781,26.0
2025-03-14 10:21:00+00:00,67.30999755859375,67.33999633789062,67.30999755859375,67.33999633789062,28.0
2025-03-14 10:22:00+00:00,67.31999969482422,67.33000183105469,67.30000305175781,67.30999755859375,21.0
2025-03-14 10:23:00+00:00,67.31999969482422,67.31999969482422,67.30000305175781,67.31999969482422,28.0
2025-03-14 10:24:00+00:00,67.31999969482422,67.33000183105469,67.31999969482422,67.31999969482422,16.0
2025-03-14 10:25:00+00:00,67.31999969482422,67.33000183105469,67.30999755859375,67.31999969482422,20.0
2025-03-14 10:26:00+00:00,67.31999969482422,67.33000183105469,67.31999969482422,67.31999969482422,7.0
2025-03-14 10:27:00+00:00,67.29000091552734,67.33999633789062,67.27999877929688,67.31999969482422,50.0
2025-03-14 10:28:00+00:00,67.2699966430664,67.30000305175781,67.2699966430664,67.29000091552734,21.0
2025-03-14 10:29:00+00:00,67.25,67.2699966430664,67.25,67.2699966430664,27.0
2025-03-14 10:30:00+00:00,67.25,67.26000213623047,67.22000122070312,67.25,46.0
2025-03-14 10:31:00+00:00,67.23999786376953,67.26000213623047,67.23999786376953,67.23999786376953,22.0
2025-03-14 10:32:00+00:00,67.2300033569336,67.25,67.2300033569336,67.2300033569336,50.0
2025-03-14 10:33:00+00:00,67.22000122070312,67.2300033569336,67.19000244140625,67.2300033569336,72.0
2025-03-14 10:34:00+00:00,67.22000122070312,67.2300033569336,67.22000122070312,67.22000122070312,67.0
2025-03-14 10:35:00+00:00,67.2300033569336,67.2300033569336,67.20999908447266,67.22000122070312,24.0
2025-03-14 10:36:00+00:00,67.22000122070312,67.2300033569336,67.22000122070312,67.2300033569336,6.0
2025-03-14 10:37:00+00:00,67.18000030517578,67.22000122070312,67.18000030517578,67.20999908447266,32.0
2025-03-14 10:38:00+00:00,67.12999725341797,67.20999908447266,67.12999725341797,67.19000244140625,517.0
2025-03-14 10:39:00+00:00,67.1500015258789,67.16000366210938,67.12000274658203,67.12999725341797,270.0
2025-03-14 10:40:00+00:00,67.13999938964844,67.16000366210938,67.13999938964844,67.1500015258789,19.0
2025-03-14 10:41:00+00:00,67.1500015258789,67.1500015258789,67.12999725341797,67.13999938964844,32.0
2025-03-14 10:42:00+00:00,67.11000061035156,67.1500015258789,67.08999633789062,67.1500015258789,68.0
2025-03-14 10:43:00+00:00,67.1500015258789,67.16000366210938,67.0999984741211,67.12000274658203,178.0
2025-03-14 10:44:00+00:00,67.12000274658203,67.16000366210938,67.12000274658203,67.16000366210938,47.0
2025-03-14 10:45:00+00:00,67.16000366210938,67.16000366210938,67.0999984741211,67.11000061035156,86.0
2025-03-14 10:46:00+00:00,67.16000366210938,67.18000030517578,67.1500015258789,67.16000366210938,23.0
2025-03-14 10:47:00+00:00,67.1500015258789,67.16999816894531,67.12999725341797,67.16999816894531,237.0
2025-03-14 10:48:00+00:00,67.1500015258789,67.16000366210938,67.1500015258789,67.16000366210938,6.0
2025-03-14 10:49:00+00:00,67.1500015258789,67.16000366210938,67.13999938964844,67.13999938964844,18.0
2025-03-14 10:50:00+00:00,67.16000366210938,67.16000366210938,67.1500015258789,67.1500015258789,11.0
2025-03-14 10:51:00+00:00,67.1500015258789,67.16000366210938,67.13999938964844,67.1500015258789,49.0
2025-03-14 10:52:00+00:00,67.13999938964844,67.1500015258789,67.13999938964844,67.1500015258789,7.0
2025-03-14 10:53:00+00:00,67.1500015258789,67.1500015258789,67.12999725341797,67.13999938964844,35.0
2025-03-14 10:54:00+00:00,67.13999938964844,67.1500015258789,67.13999938964844,67.1500015258789,18.0
2025-03-14 10:55:00+00:00,67.11000061035156,67.13999938964844,67.11000061035156,67.13999938964844,22.0
2025-03-14 10:56:00+00:00,67.12000274658203,67.12000274658203,67.0999984741211,67.12000274658203,120.0
2025-03-14 10:57:00+00:00,67.13999938964844,67.13999938964844,67.12000274658203,67.12000274658203,59.0
2025-03-14 10:58:00+00:00,67.12999725341797,67.13999938964844,67.12000274658203,67.13999938964844,29.0
2025-03-14 10:59:00+00:00,67.13999938964844,67.13999938964844,67.11000061035156,67.12999725341797,59.0
2025-03-14 11:00:00+00:00,67.16999816894531,67.16999816894531,67.13999938964844,67.1500015258789,78.0
2025-03-14 11:01:00+00:00,67.16000366210938,67.16999816894531,67.13999938964844,67.16999816894531,68.0
2025-03-14 11:02:00+00:00,67.20999908447266,67.20999908447266,67.16000366210938,67.16000366210938,62.0
2025-03-14 11:03:00+00:00,67.2300033569336,67.23999786376953,67.19000244140625,67.20999908447266,69.0
2025-03-14 11:04:00+00:00,67.23999786376953,67.26000213623047,67.2300033569336,67.23999786376953,77.0
2025-03-14 11:05:00+00:00,67.2300033569336,67.23999786376953,67.22000122070312,67.23999786376953,19.0
2025-03-14 11:06:00+00:00,67.20999908447266,67.2300033569336,67.20999908447266,67.22000122070312,30.0
2025-03-14 11:07:00+00:00,67.19999694824219,67.2300033569336,67.19000244140625,67.22000122070312,31.0
2025-03-14 11:08:00+00:00,67.19999694824219,67.19999694824219,67.18000030517578,67.19000244140625,22.0
2025-03-14 11:09:00+00:00,67.22000122070312,67.22000122070312,67.19000244140625,67.19000244140625,36.0
2025-03-14 11:10:00+00:00,67.22000122070312,67.2300033569336,67.20999908447266,67.20999908447266,18.0
2025-03-14 11:11:00+00:00,67.22000122070312,67.2300033569336,67.22000122070312,67.22000122070312,25.0
2025-03-14 11:12:00+00:00,67.2300033569336,67.2300033569336,67.19999694824219,67.20999908447266,43.0
2025-03-14 11:13:00+00:00,67.26000213623047,67.26000213623047,67.2300033569336,67.2300033569336,43.0
2025-03-14 11:14:00+00:00,67.27999877929688,67.27999877929688,67.25,67.26000213623047,98.0
2025-03-14 11:15:00+00:00,67.2699966430664,67.27999877929688,67.25,67.27999877929688,42.0
2025-03-14 11:16:00+00:00,67.2699966430664,67.2699966430664,67.26000213623047,67.2699966430664,22.0
2025-03-14 11:17:00+00:00,67.27999877929688,67.27999877929688,67.26000213623047,67.2699966430664,35.0
2025-03-14 11:18:00+00:00,67.25,67.27999877929688,67.25,67.27999877929688,37.0
2025-03-14 11:19:00+00:00,67.26000213623047,67.26000213623047,67.23999786376953,67.25,47.0
2025-03-14 11:20:00+00:00,67.30000305175781,67.30000305175781,67.26000213623047,67.26000213623047,86.0
2025-03-14 11:21:00+00:00,67.30000305175781,67.30000305175781,67.27999877929688,67.30000305175781,52.0
2025-03-14 11:23:00+00:00,67.27999877929688,67.30000305175781,67.27999877929688,67.29000091552734,36.0
2025-03-14 11:24:00+00:00,67.26000213623047,67.27999877929688,67.26000213623047,67.2699966430664,70.0
2025-03-14 11:25:00+00:00,67.2300033569336,67.2699966430664,67.2300033569336,67.26000213623047,70.0
2025-03-14 11:26:00+00:00,67.2300033569336,67.2300033569336,67.19999694824219,67.22000122070312,37.0
2025-03-14 11:27:00+00:00,67.2300033569336,67.23999786376953,67.2300033569336,67.2300033569336,18.0
2025-03-14 11:28:00+00:00,67.23999786376953,67.23999786376953,67.23999786376953,67.23999786376953,22.0
2025-03-14 11:29:00+00:00,67.23999786376953,67.23999786376953,67.22000122070312,67.2300033569336,30.0
2025-03-14 11:30:00+00:00,67.22000122070312,67.23999786376953,67.20999908447266,67.2300033569336,128.0
2025-03-14 11:31:00+00:00,67.19999694824219,67.22000122070312,67.18000030517578,67.22000122070312,137.0
2025-03-14 11:32:00+00:00,67.19000244140625,67.20999908447266,67.16999816894531,67.20999908447266,702.0
2025-03-14 11:33:00+00:00,67.12000274658203,67.19999694824219,67.12000274658203,67.19000244140625,205.0
2025-03-14 11:34:00+00:00,67.0999984741211,67.13999938964844,67.08999633789062,67.12000274658203,1074.0
2025-03-14 11:35:00+00:00,67.04000091552734,67.08999633789062,67.04000091552734,67.08999633789062,462.0
2025-03-14 11:36:00+00:00,67.05000305175781,67.06999969482422,67.02999877929688,67.05000305175781,131.0
2025-03-14 11:37:00+00:00,67.08000183105469,67.08000183105469,67.02999877929688,67.05000305175781,1219.0
2025-03-14 11:38:00+00:00,67.06999969482422,67.11000061035156,67.05999755859375,67.08000183105469,378.0
2025-03-14 11:39:00+00:00,67.02999877929688,67.06999969482422,67.01000213623047,67.06999969482422,691.0
2025-03-14 11:40:00+00:00,67.04000091552734,67.08000183105469,67.01000213623047,67.02999877929688,2305.0
2025-03-14 11:41:00+00:00,67.08000183105469,67.08999633789062,67.0199966430664,67.05000305175781,114.0
2025-03-14 11:42:00+00:00,67.08999633789062,67.0999984741211,67.06999969482422,67.06999969482422,61.0
2025-03-14 11:43:00+00:00,67.08999633789062,67.11000061035156,67.08000183105469,67.0999984741211,36.0
2025-03-14 11:44:00+00:00,67.08999633789062,67.0999984741211,67.08000183105469,67.08999633789062,36.0
2025-03-14 11:45:00+00:00,67.06999969482422,67.0999984741211,67.05999755859375,67.08999633789062,43.0
2025-03-14 11:46:00+00:00,67.0999984741211,67.0999984741211,67.05999755859375,67.06999969482422,35.0
2025-03-14 11:47:00+00:00,67.08999633789062,67.12999725341797,67.08999633789062,67.0999984741211,211.0
2025-03-14 11:48:00+00:00,67.06999969482422,67.12000274658203,67.05999755859375,67.0999984741211,118.0
2025-03-14 11:49:00+00:00,67.06999969482422,67.0999984741211,67.05000305175781,67.05999755859375,94.0
2025-03-14 11:50:00+00:00,67.04000091552734,67.06999969482422,67.04000091552734,67.05999755859375,101.0
2025-03-14 11:51:00+00:00,67.0199966430664,67.04000091552734,67.01000213623047,67.04000091552734,283.0
2025-03-14 11:52:00+00:00,67.01000213623047,67.04000091552734,67.0,67.0199966430664,382.0
2025-03-14 11:53:00+00:00,66.97000122070312,67.0199966430664,66.97000122070312,67.01000213623047,119.0
2025-03-14 11:54:00+00:00,66.97000122070312,66.9800033569336,66.95999908447266,66.97000122070312,115.0
2025-03-14 11:55:00+00:00,66.98999786376953,66.98999786376953,66.95999908447266,66.97000122070312,67.0
2025-03-14 11:56:00+00:00,66.97000122070312,67.0,66.97000122070312,67.0,93.0
2025-03-14 11:57:00+00:00,66.98999786376953,66.98999786376953,66.97000122070312,66.97000122070312,45.0
2025-03-14 11:58:00+00:00,67.01000213623047,67.01000213623047,66.98999786376953,66.98999786376953,81.0
2025-03-14 11:59:00+00:00,67.0199966430664,67.0199966430664,67.0,67.01000213623047,35.0
2025-03-14 12:00:00+00:00,67.04000091552734,67.05000305175781,67.0,67.01000213623047,383.0
2025-03-14 12:01:00+00:00,67.05000305175781,67.05999755859375,67.02999877929688,67.04000091552734,97.0
2025-03-14 12:02:00+00:00,67.08000183105469,67.08000183105469,67.04000091552734,67.04000091552734,65.0
2025-03-14 12:03:00+00:00,67.06999969482422,67.0999984741211,67.06999969482422,67.08999633789062,56.0
2025-03-14 12:04:00+00:00,67.05999755859375,67.05999755859375,67.0199966430664,67.05999755859375,59.0
2025-03-14 12:05:00+00:00,67.08000183105469,67.08000183105469,67.05000305175781,67.05999755859375,55.0
2025-03-14 12:06:00+00:00,67.06999969482422,67.08000183105469,67.05999755859375,67.06999969482422,41.0
2025-03-14 12:07:00+00:00,67.05999755859375,67.08000183105469,67.05999755859375,67.06999969482422,54.0
2025-03-14 12:08:00+00:00,67.05999755859375,67.08999633789062,67.05999755859375,67.06999969482422,76.0
2025-03-14 12:09:00+00:00,67.08000183105469,67.0999984741211,67.05000305175781,67.05999755859375,180.0
2025-03-14 12:10:00+00:00,67.08000183105469,67.08000183105469,67.05000305175781,67.08000183105469,98.0
2025-03-14 12:11:00+00:00,67.08999633789062,67.0999984741211,67.08000183105469,67.08999633789062,70.0
2025-03-14 12:12:00+00:00,67.0999984741211,67.11000061035156,67.06999969482422,67.08999633789062,95.0
2025-03-14 12:13:00+00:00,67.08000183105469,67.0999984741211,67.06999969482422,67.08999633789062,70.0
2025-03-14 12:14:00+00:00,67.11000061035156,67.13999938964844,67.06999969482422,67.08000183105469,206.0
2025-03-14 12:15:00+00:00,67.12000274658203,67.12999725341797,67.08999633789062,67.0999984741211,131.0
2025-03-14 12:16:00+00:00,67.11000061035156,67.12000274658203,67.08999633789062,67.12000274658203,118.0
2025-03-14 12:17:00+00:00,67.12999725341797,67.12999725341797,67.0999984741211,67.0999984741211,107.0
2025-03-14 12:18:00+00:00,67.13999938964844,67.1500015258789,67.0999984741211,67.12000274658203,166.0
2025-03-14 12:19:00+00:00,67.13999938964844,67.16000366210938,67.12999725341797,67.1500015258789,120.0
2025-03-14 12:20:00+00:00,67.11000061035156,67.1500015258789,67.0999984741211,67.13999938964844,202.0
2025-03-14 12:21:00+00:00,67.12000274658203,67.1500015258789,67.0999984741211,67.11000061035156,160.0
2025-03-14 12:22:00+00:00,67.12000274658203,67.13999938964844,67.12000274658203,67.12999725341797,82.0
2025-03-14 12:23:00+00:00,67.11000061035156,67.13999938964844,67.11000061035156,67.12999725341797,103.0
2025-03-14 12:24:00+00:00,67.1500015258789,67.1500015258789,67.12999725341797,67.12999725341797,103.0
2025-03-14 12:25:00+00:00,67.16999816894531,67.18000030517578,67.1500015258789,67.16000366210938,154.0
2025-03-14 12:26:00+00:00,67.1500015258789,67.16999816894531,67.13999938964844,67.16999816894531,191.0
2025-03-14 12:27:00+00:00,67.11000061035156,67.1500015258789,67.0999984741211,67.1500015258789,241.0
2025-03-14 12:28:00+00:00,67.11000061035156,67.11000061035156,67.08999633789062,67.11000061035156,122.0
2025-03-14 12:29:00+00:00,67.11000061035156,67.12999725341797,67.11000061035156,67.12999725341797,82.0
2025-03-14 12:30:00+00:00,67.12000274658203,67.12999725341797,67.11000061035156,67.11000061035156,117.0
2025-03-14 12:31:00+00:00,67.11000061035156,67.12999725341797,67.11000061035156,67.12999725341797,100.0
2025-03-14 12:32:00+00:00,67.12999725341797,67.12999725341797,67.11000061035156,67.11000061035156,113.0
2025-03-14 12:33:00+00:00,67.12999725341797,67.13999938964844,67.11000061035156,67.12999725341797,102.0
2025-03-14 12:34:00+00:00,67.12999725341797,67.1500015258789,67.12999725341797,67.12999725341797,51.0
2025-03-14 12:35:00+00:00,67.13999938964844,67.1500015258789,67.11000061035156,67.12999725341797,76.0
2025-03-14 12:36:00+00:00,67.12999725341797,67.1500015258789,67.12999725341797,67.13999938964844,37.0
2025-03-14 12:37:00+00:00,67.1500015258789,67.1500015258789,67.12999725341797,67.12999725341797,46.0
2025-03-14 12:38:00+00:00,67.18000030517578,67.19000244140625,67.1500015258789,67.1500015258789,93.0
2025-03-14 12:39:00+00:00,67.20999908447266,67.2300033569336,67.18000030517578,67.18000030517578,276.0
2025-03-14 12:40:00+00:00,67.22000122070312,67.2300033569336,67.19999694824219,67.20999908447266,93.0
2025-03-14 12:41:00+00:00,67.22000122070312,67.22000122070312,67.19999694824219,67.22000122070312,103.0
2025-03-14 12:42:00+00:00,67.2300033569336,67.23999786376953,67.19999694824219,67.20999908447266,71.0
2025-03-14 12:43:00+00:00,67.19000244140625,67.22000122070312,67.19000244140625,67.22000122070312,104.0
2025-03-14 12:44:00+00:00,67.22000122070312,67.22000122070312,67.18000030517578,67.18000030517578,85.0
2025-03-14 12:45:00+00:00,67.19000244140625,67.22000122070312,67.19000244140625,67.22000122070312,68.0
2025-03-14 12:46:00+00:00,67.18000030517578,67.19000244140625,67.18000030517578,67.19000244140625,44.0
2025-03-14 12:47:00+00:00,67.19999694824219,67.19999694824219,67.16999816894531,67.19000244140625,93.0
2025-03-14 12:48:00+00:00,67.19000244140625,67.20999908447266,67.19000244140625,67.19999694824219,79.0
2025-03-14 12:49:00+00:00,67.19000244140625,67.19999694824219,67.18000030517578,67.18000030517578,67.0
2025-03-14 12:50:00+00:00,67.18000030517578,67.18000030517578,67.16999816894531,67.18000030517578,35.0
2025-03-14 12:51:00+00:00,67.18000030517578,67.19999694824219,67.18000030517578,67.19000244140625,78.0
2025-03-14 12:52:00+00:00,67.16000366210938,67.18000030517578,67.13999938964844,67.18000030517578,122.0
2025-03-14 12:53:00+00:00,67.13999938964844,67.16000366210938,67.12999725341797,67.16000366210938,145.0
2025-03-14 12:54:00+00:00,67.16000366210938,67.16999816894531,67.12000274658203,67.13999938964844,698.0
2025-03-14 12:55:00+00:00,67.16999816894531,67.18000030517578,67.16000366210938,67.16999816894531,99.0
2025-03-14 12:56:00+00:00,67.18000030517578,67.19000244140625,67.16999816894531,67.18000030517578,130.0
2025-03-14 12:57:00+00:00,67.18000030517578,67.20999908447266,67.18000030517578,67.19000244140625,196.0
2025-03-14 12:58:00+00:00,67.19999694824219,67.19999694824219,67.18000030517578,67.18000030517578,588.0
2025-03-14 12:59:00+00:00,67.16000366210938,67.2300033569336,67.1500015258789,67.19000244140625,1308.0
2025-03-14 13:00:00+00:00,67.08000183105469,67.16999816894531,67.04000091552734,67.16000366210938,1051.0
2025-03-14 13:01:00+00:00,67.0,67.08999633789062,66.98999786376953,67.08999633789062,321.0
2025-03-14 13:02:00+00:00,66.91999816894531,67.0,66.87000274658203,67.0,794.0
2025-03-14 13:03:00+00:00,66.8499984741211,66.93000030517578,66.83999633789062,66.91999816894531,365.0
2025-03-14 13:04:00+00:00,66.91000366210938,66.91000366210938,66.8499984741211,66.8499984741211,452.0
2025-03-14 13:05:00+00:00,66.93000030517578,66.95999908447266,66.88999938964844,66.91000366210938,273.0
2025-03-14 13:06:00+00:00,66.91999816894531,66.95999908447266,66.9000015258789,66.94000244140625,185.0
2025-03-14 13:07:00+00:00,66.83999633789062,66.91999816894531,66.81999969482422,66.91999816894531,262.0
2025-03-14 13:08:00+00:00,66.86000061035156,66.86000061035156,66.80999755859375,66.83999633789062,218.0
2025-03-14 13:09:00+00:00,66.87999725341797,66.87999725341797,66.83999633789062,66.86000061035156,221.0
2025-03-14 13:10:00+00:00,66.83000183105469,66.87999725341797,66.80999755859375,66.87000274658203,189.0
2025-03-14 13:11:00+00:00,66.93000030517578,66.93000030517578,66.83000183105469,66.83000183105469,267.0
2025-03-14 13:12:00+00:00,66.94000244140625,66.9800033569336,66.93000030517578,66.93000030517578,1066.0
2025-03-14 13:13:00+00:00,66.88999938964844,66.94999694824219,66.87999725341797,66.94000244140625,201.0
2025-03-14 13:14:00+00:00,66.83999633789062,66.9000015258789,66.83999633789062,66.87999725341797,148.0
2025-03-14 13:15:00+00:00,66.81999969482422,66.8499984741211,66.80999755859375,66.83999633789062,528.0
2025-03-14 13:16:00+00:00,66.76000213623047,66.83000183105469,66.75,66.83000183105469,380.0
2025-03-14 13:17:00+00:00,66.79000091552734,66.79000091552734,66.75,66.76000213623047,228.0
2025-03-14 13:18:00+00:00,66.7699966430664,66.80000305175781,66.76000213623047,66.79000091552734,161.0
2025-03-14 13:19:00+00:00,66.79000091552734,66.80000305175781,66.75,66.76000213623047,132.0
2025-03-14 13:20:00+00:00,66.77999877929688,66.80999755859375,66.77999877929688,66.79000091552734,189.0
2025-03-14 13:21:00+00:00,66.79000091552734,66.80000305175781,66.76000213623047,66.77999877929688,202.0
2025-03-14 13:22:00+00:00,66.81999969482422,66.81999969482422,66.77999877929688,66.79000091552734,256.0
2025-03-14 13:23:00+00:00,66.73999786376953,66.80999755859375,66.73999786376953,66.80999755859375,145.0
2025-03-14 13:24:00+00:00,66.7699966430664,66.79000091552734,66.7300033569336,66.75,157.0
2025-03-14 13:25:00+00:00,66.76000213623047,66.80000305175781,66.76000213623047,66.7699966430664,131.0
2025-03-14 13:26:00+00:00,66.80999755859375,66.80999755859375,66.75,66.75,264.0
2025-03-14 13:27:00+00:00,66.77999877929688,66.80000305175781,66.7699966430664,66.80000305175781,59.0
2025-03-14 13:28:00+00:00,66.80999755859375,66.81999969482422,66.77999877929688,66.77999877929688,117.0
2025-03-14 13:29:00+00:00,66.79000091552734,66.81999969482422,66.77999877929688,66.80999755859375,124.0
2025-03-14 13:30:00+00:00,66.7300033569336,66.83999633789062,66.72000122070312,66.80000305175781,336.0
2025-03-14 13:31:00+00:00,66.79000091552734,66.80000305175781,66.69000244140625,66.73999786376953,497.0
2025-03-14 13:32:00+00:00,66.75,66.81999969482422,66.7300033569336,66.80000305175781,794.0
2025-03-14 13:33:00+00:00,66.6500015258789,66.76000213623047,66.62000274658203,66.75,2329.0
2025-03-14 13:34:00+00:00,66.7300033569336,66.75,66.63999938964844,66.66000366210938,765.0
2025-03-14 13:35:00+00:00,66.80999755859375,66.83000183105469,66.69999694824219,66.7300033569336,285.0
2025-03-14 13:36:00+00:00,66.7300033569336,66.81999969482422,66.7300033569336,66.80999755859375,232.0
2025-03-14 13:37:00+00:00,66.66999816894531,66.7300033569336,66.66999816894531,66.7300033569336,178.0
2025-03-14 13:38:00+00:00,66.66999816894531,66.69999694824219,66.63999938964844,66.66999816894531,260.0
2025-03-14 13:39:00+00:00,66.69000244140625,66.70999908447266,66.66999816894531,66.66999816894531,246.0
2025-03-14 13:40:00+00:00,66.7699966430664,66.80000305175781,66.69999694824219,66.69999694824219,1189.0
2025-03-14 13:41:00+00:00,66.7699966430664,66.80999755859375,66.76000213623047,66.77999877929688,151.0
2025-03-14 13:42:00+00:00,66.77999877929688,66.80000305175781,66.7699966430664,66.7699966430664,66.0
2025-03-14 13:43:00+00:00,66.7699966430664,66.79000091552734,66.75,66.77999877929688,143.0
2025-03-14 13:44:00+00:00,66.75,66.80000305175781,66.75,66.77999877929688,128.0
2025-03-14 13:45:00+00:00,66.80000305175781,66.83999633789062,66.73999786376953,66.73999786376953,419.0
2025-03-14 13:46:00+00:00,66.80999755859375,66.8499984741211,66.80000305175781,66.80999755859375,575.0
2025-03-14 13:47:00+00:00,66.79000091552734,66.81999969482422,66.7699966430664,66.81999969482422,131.0
2025-03-14 13:48:00+00:00,66.83999633789062,66.8499984741211,66.79000091552734,66.79000091552734,105.0
2025-03-14 13:49:00+00:00,66.9000015258789,66.9000015258789,66.8499984741211,66.8499984741211,414.0
2025-03-14 13:50:00+00:00,66.91000366210938,66.94000244140625,66.88999938964844,66.9000015258789,241.0
2025-03-14 13:51:00+00:00,66.94000244140625,66.97000122070312,66.9000015258789,66.91999816894531,230.0
2025-03-14 13:52:00+00:00,66.91999816894531,66.94999694824219,66.9000015258789,66.94000244140625,146.0
2025-03-14 13:53:00+00:00,66.9800033569336,66.9800033569336,66.91000366210938,66.93000030517578,292.0
2025-03-14 13:54:00+00:00,66.97000122070312,67.0,66.94999694824219,66.98999786376953,183.0
2025-03-14 13:55:00+00:00,66.94000244140625,66.9800033569336,66.91999816894531,66.9800033569336,229.0
2025-03-14 13:56:00+00:00,66.91999816894531,66.9800033569336,66.91000366210938,66.94999694824219,173.0
2025-03-14 13:57:00+00:00,66.91999816894531,66.94000244140625,66.91000366210938,66.91999816894531,127.0
2025-03-14 13:58:00+00:00,66.94000244140625,66.94999694824219,66.9000015258789,66.91000366210938,136.0
2025-03-14 13:59:00+00:00,66.97000122070312,66.98999786376953,66.94000244140625,66.94999694824219,353.0
2025-03-14 14:00:00+00:00,66.87999725341797,66.95999908447266,66.86000061035156,66.95999908447266,493.0
2025-03-14 14:01:00+00:00,66.7300033569336,66.87999725341797,66.7300033569336,66.87999725341797,2119.0
2025-03-14 14:02:00+00:00,66.75,66.77999877929688,66.7300033569336,66.73999786376953,343.0
2025-03-14 14:03:00+00:00,66.80000305175781,66.81999969482422,66.75,66.75,190.0
2025-03-14 14:04:00+00:00,66.80000305175781,66.80999755859375,66.7699966430664,66.80000305175781,285.0
2025-03-14 14:05:00+00:00,66.7300033569336,66.81999969482422,66.7300033569336,66.79000091552734,2236.0
2025-03-14 14:06:00+00:00,66.7699966430664,66.7699966430664,66.70999908447266,66.72000122070312,145.0
2025-03-14 14:07:00+00:00,66.73999786376953,66.76000213623047,66.70999908447266,66.76000213623047,117.0
2025-03-14 14:08:00+00:00,66.7300033569336,66.76000213623047,66.72000122070312,66.7300033569336,332.0
2025-03-14 14:09:00+00:00,66.75,66.7699966430664,66.72000122070312,66.7300033569336,816.0
2025-03-14 14:10:00+00:00,66.81999969482422,66.8499984741211,66.75,66.75,264.0
2025-03-14 14:11:00+00:00,66.79000091552734,66.81999969482422,66.79000091552734,66.80999755859375,185.0
2025-03-14 14:12:00+00:00,66.73999786376953,66.79000091552734,66.73999786376953,66.79000091552734,171.0
2025-03-14 14:13:00+00:00,66.7300033569336,66.73999786376953,66.66999816894531,66.73999786376953,344.0
2025-03-14 14:14:00+00:00,66.69999694824219,66.7300033569336,66.68000030517578,66.7300033569336,128.0
2025-03-14 14:15:00+00:00,66.69999694824219,66.70999908447266,66.66000366210938,66.69999694824219,232.0
2025-03-14 14:16:00+00:00,66.73999786376953,66.73999786376953,66.69999694824219,66.69999694824219,168.0
2025-03-14 14:17:00+00:00,66.66999816894531,66.75,66.66000366210938,66.73999786376953,532.0
2025-03-14 14:18:00+00:00,66.69000244140625,66.69000244140625,66.66000366210938,66.66999816894531,88.0
2025-03-14 14:19:00+00:00,66.69000244140625,66.69999694824219,66.66999816894531,66.69000244140625,102.0
2025-03-14 14:20:00+00:00,66.69999694824219,66.69999694824219,66.66999816894531,66.68000030517578,100.0
2025-03-14 14:21:00+00:00,66.72000122070312,66.75,66.68000030517578,66.69999694824219,471.0
2025-03-14 14:22:00+00:00,66.70999908447266,66.7300033569336,66.69000244140625,66.72000122070312,255.0
2025-03-14 14:23:00+00:00,66.72000122070312,66.7300033569336,66.69000244140625,66.72000122070312,115.0
2025-03-14 14:24:00+00:00,66.7300033569336,66.73999786376953,66.69999694824219,66.72000122070312,79.0
2025-03-14 14:25:00+00:00,66.75,66.7699966430664,66.72000122070312,66.73999786376953,143.0
2025-03-14 14:26:00+00:00,66.69000244140625,66.75,66.69000244140625,66.75,88.0
2025-03-14 14:27:00+00:00,66.68000030517578,66.69999694824219,66.68000030517578,66.69999694824219,71.0
2025-03-14 14:28:00+00:00,66.69000244140625,66.70999908447266,66.68000030517578,66.69000244140625,107.0
2025-03-14 14:29:00+00:00,66.66999816894531,66.69999694824219,66.66000366210938,66.69999694824219,150.0
2025-03-14 14:30:00+00:00,66.66000366210938,66.69000244140625,66.6500015258789,66.66000366210938,164.0
2025-03-14 14:31:00+00:00,66.63999938964844,66.69999694824219,66.63999938964844,66.66000366210938,135.0
2025-03-14 14:32:00+00:00,66.69999694824219,66.70999908447266,66.58999633789062,66.62999725341797,1131.0
2025-03-14 14:33:00+00:00,66.62999725341797,66.73999786376953,66.62999725341797,66.70999908447266,799.0
2025-03-14 14:34:00+00:00,66.62999725341797,66.66999816894531,66.62999725341797,66.62999725341797,145.0
2025-03-14 14:35:00+00:00,66.62000274658203,66.6500015258789,66.62000274658203,66.62000274658203,130.0
2025-03-14 14:36:00+00:00,66.6500015258789,66.6500015258789,66.5999984741211,66.62000274658203,281.0
2025-03-14 14:37:00+00:00,66.66999816894531,66.69000244140625,66.6500015258789,66.6500015258789,137.0
2025-03-14 14:38:00+00:00,66.69000244140625,66.69999694824219,66.66999816894531,66.66999816894531,78.0
2025-03-14 14:39:00+00:00,66.7300033569336,66.76000213623047,66.69999694824219,66.69999694824219,141.0
2025-03-14 14:40:00+00:00,66.77999877929688,66.77999877929688,66.72000122070312,66.72000122070312,138.0
2025-03-14 14:41:00+00:00,66.7699966430664,66.80000305175781,66.75,66.77999877929688,127.0
2025-03-14 14:42:00+00:00,66.73999786376953,66.7699966430664,66.73999786376953,66.76000213623047,248.0
2025-03-14 14:43:00+00:00,66.75,66.75,66.70999908447266,66.73999786376953,218.0
2025-03-14 14:44:00+00:00,66.80000305175781,66.80999755859375,66.75,66.75,115.0
2025-03-14 14:45:00+00:00,66.80000305175781,66.83999633789062,66.79000091552734,66.79000091552734,139.0
2025-03-14 14:46:00+00:00,66.7699966430664,66.83000183105469,66.75,66.81999969482422,490.0
2025-03-14 14:47:00+00:00,66.7699966430664,66.77999877929688,66.75,66.7699966430664,83.0
2025-03-14 14:48:00+00:00,66.7699966430664,66.7699966430664,66.75,66.76000213623047,63.0
2025-03-14 14:49:00+00:00,66.7300033569336,66.7699966430664,66.7300033569336,66.7699966430664,103.0
2025-03-14 14:50:00+00:00,66.80999755859375,66.81999969482422,66.70999908447266,66.7300033569336,353.0
2025-03-14 14:51:00+00:00,66.81999969482422,66.83999633789062,66.80999755859375,66.80999755859375,126.0
2025-03-14 14:52:00+00:00,66.86000061035156,66.86000061035156,66.81999969482422,66.81999969482422,182.0
2025-03-14 14:53:00+00:00,66.87000274658203,66.9000015258789,66.83999633789062,66.8499984741211,234.0
2025-03-14 14:55:00+00:00,66.94999694824219,66.95999908447266,66.94000244140625,66.94000244140625,1240.0
2025-03-14 14:56:00+00:00,66.97000122070312,66.97000122070312,66.93000030517578,66.94999694824219,419.0
2025-03-14 14:57:00+00:00,66.97000122070312,66.9800033569336,66.95999908447266,66.97000122070312,167.0
2025-03-14 14:58:00+00:00,66.9800033569336,66.98999786376953,66.94999694824219,66.95999908447266,251.0
2025-03-14 14:59:00+00:00,66.95999908447266,66.9800033569336,66.93000030517578,66.9800033569336,175.0
2025-03-14 15:00:00+00:00,66.94999694824219,66.9800033569336,66.93000030517578,66.95999908447266,262.0
2025-03-14 15:01:00+00:00,66.95999908447266,66.95999908447266,66.94000244140625,66.94999694824219,147.0
2025-03-14 15:02:00+00:00,67.01000213623047,67.01000213623047,66.95999908447266,66.95999908447266,993.0
2025-03-14 15:03:00+00:00,66.95999908447266,67.0199966430664,66.95999908447266,67.01000213623047,153.0
2025-03-14 15:04:00+00:00,67.01000213623047,67.01000213623047,66.97000122070312,66.97000122070312,100.0
2025-03-14 15:05:00+00:00,67.06999969482422,67.08000183105469,67.01000213623047,67.01000213623047,604.0
2025-03-14 15:06:00+00:00,67.05999755859375,67.08999633789062,67.05000305175781,67.06999969482422,236.0
2025-03-14 15:07:00+00:00,67.02999877929688,67.05999755859375,67.02999877929688,67.05000305175781,108.0
2025-03-14 15:08:00+00:00,67.02999877929688,67.04000091552734,67.0199966430664,67.02999877929688,120.0
2025-03-14 15:09:00+00:00,67.0199966430664,67.05999755859375,67.01000213623047,67.0199966430664,576.0
2025-03-14 15:10:00+00:00,66.98999786376953,67.01000213623047,66.94999694824219,67.01000213623047,382.0
2025-03-14 15:11:00+00:00,67.04000091552734,67.05999755859375,67.0,67.0,189.0
2025-03-14 15:12:00+00:00,67.05000305175781,67.06999969482422,67.02999877929688,67.04000091552734,105.0
2025-03-14 15:13:00+00:00,67.02999877929688,67.05000305175781,67.01000213623047,67.05000305175781,134.0
2025-03-14 15:14:00+00:00,67.01000213623047,67.02999877929688,67.0,67.02999877929688,99.0
2025-03-14 15:15:00+00:00,67.0,67.0199966430664,66.97000122070312,67.0199966430664,163.0
2025-03-14 15:16:00+00:00,66.98999786376953,67.0,66.95999908447266,66.98999786376953,114.0
2025-03-14 15:17:00+00:00,67.0,67.01000213623047,66.98999786376953,67.0,128.0
2025-03-14 15:18:00+00:00,66.9800033569336,67.0,66.95999908447266,67.0,218.0
2025-03-14 15:19:00+00:00,66.98999786376953,66.98999786376953,66.95999908447266,66.9800033569336,87.0
2025-03-14 15:20:00+00:00,66.98999786376953,67.0,66.9800033569336,66.98999786376953,68.0
2025-03-14 15:21:00+00:00,67.01000213623047,67.04000091552734,66.98999786376953,67.0,114.0
2025-03-14 15:22:00+00:00,66.98999786376953,67.01000213623047,66.97000122070312,67.01000213623047,183.0
2025-03-14 15:23:00+00:00,67.0199966430664,67.04000091552734,66.98999786376953,66.98999786376953,1326.0
2025-03-14 15:24:00+00:00,67.05000305175781,67.05999755859375,67.02999877929688,67.02999877929688,92.0
2025-03-14 15:25:00+00:00,67.04000091552734,67.06999969482422,67.02999877929688,67.05999755859375,197.0
2025-03-14 15:26:00+00:00,67.0199966430664,67.05999755859375,67.01000213623047,67.04000091552734,82.0
2025-03-14 15:27:00+00:00,66.98999786376953,67.02999877929688,66.9800033569336,67.0199966430664,99.0
2025-03-14 15:28:00+00:00,66.93000030517578,66.98999786376953,66.91000366210938,66.98999786376953,357.0
2025-03-14 15:29:00+00:00,66.91000366210938,66.94999694824219,66.88999938964844,66.91999816894531,345.0
2025-03-14 15:30:00+00:00,66.93000030517578,66.94999694824219,66.88999938964844,66.9000015258789,303.0
2025-03-14 15:31:00+00:00,66.91999816894531,66.94999694824219,66.91000366210938,66.91999816894531,194.0
2025-03-14 15:32:00+00:00,66.9000015258789,66.93000030517578,66.88999938964844,66.91999816894531,189.0
2025-03-14 15:33:00+00:00,66.9000015258789,66.9000015258789,66.88999938964844,66.9000015258789,49.0
2025-03-14 15:34:00+00:00,66.9000015258789,66.93000030517578,66.88999938964844,66.91000366210938,82.0
2025-03-14 15:35:00+00:00,66.9000015258789,66.91000366210938,66.88999938964844,66.9000015258789,134.0
2025-03-14 15:36:00+00:00,66.8499984741211,66.91000366210938,66.83999633789062,66.9000015258789,1368.0
2025-03-14 15:37:00+00:00,66.88999938964844,66.88999938964844,66.83000183105469,66.8499984741211,97.0
2025-03-14 15:38:00+00:00,66.94000244140625,66.94999694824219,66.9000015258789,66.9000015258789,428.0
2025-03-14 15:39:00+00:00,66.94000244140625,66.95999908447266,66.93000030517578,66.94000244140625,79.0
2025-03-14 15:40:00+00:00,66.97000122070312,66.98999786376953,66.94999694824219,66.94999694824219,179.0
2025-03-14 15:41:00+00:00,67.01000213623047,67.01000213623047,66.9800033569336,66.9800033569336,48.0
2025-03-14 15:42:00+00:00,67.01000213623047,67.0199966430664,66.98999786376953,67.0,56.0
2025-03-14 15:43:00+00:00,66.9800033569336,67.01000213623047,66.97000122070312,67.01000213623047,333.0
2025-03-14 15:44:00+00:00,66.95999908447266,66.97000122070312,66.94999694824219,66.97000122070312,70.0
2025-03-14 15:45:00+00:00,66.91999816894531,66.95999908447266,66.91999816894531,66.95999908447266,91.0
2025-03-14 15:46:00+00:00,66.97000122070312,66.97000122070312,66.93000030517578,66.93000030517578,75.0
2025-03-14 15:47:00+00:00,67.0,67.0,66.95999908447266,66.97000122070312,405.0
2025-03-14 15:48:00+00:00,67.02999877929688,67.04000091552734,66.98999786376953,66.98999786376953,321.0
2025-03-14 15:49:00+00:00,67.05999755859375,67.08000183105469,67.02999877929688,67.02999877929688,225.0
2025-03-14 15:50:00+00:00,67.02999877929688,67.06999969482422,67.01000213623047,67.05999755859375,105.0
2025-03-14 15:51:00+00:00,67.02999877929688,67.05000305175781,67.0199966430664,67.04000091552734,81.0
2025-03-14 15:52:00+00:00,67.0199966430664,67.04000091552734,67.0199966430664,67.02999877929688,60.0
2025-03-14 15:53:00+00:00,67.05000305175781,67.05000305175781,67.01000213623047,67.02999877929688,49.0
2025-03-14 15:54:00+00:00,67.04000091552734,67.05999755859375,67.01000213623047,67.05999755859375,128.0
2025-03-14 15:55:00+00:00,67.02999877929688,67.05000305175781,67.02999877929688,67.04000091552734,111.0
2025-03-14 15:56:00+00:00,67.04000091552734,67.04000091552734,67.04000091552734,67.04000091552734,11.0
2025-03-14 15:58:00+00:00,66.9800033569336,67.0199966430664,66.9800033569336,67.01000213623047,363.0
2025-03-14 15:59:00+00:00,67.01000213623047,67.0199966430664,66.98999786376953,66.98999786376953,69.0
2025-03-14 16:00:00+00:00,66.97000122070312,67.0199966430664,66.97000122070312,67.01000213623047,128.0
2025-03-14 16:01:00+00:00,66.97000122070312,66.98999786376953,66.94999694824219,66.95999908447266,269.0
2025-03-14 16:02:00+00:00,66.94999694824219,66.9800033569336,66.94000244140625,66.97000122070312,115.0
2025-03-14 16:03:00+00:00,66.9800033569336,66.9800033569336,66.94999694824219,66.94999694824219,85.0
2025-03-14 16:04:00+00:00,67.02999877929688,67.04000091552734,66.9800033569336,66.9800033569336,101.0
2025-03-14 16:05:00+00:00,66.97000122070312,67.02999877929688,66.94000244140625,67.0199966430664,151.0
2025-03-14 16:08:00+00:00,66.97000122070312,67.01000213623047,66.97000122070312,67.0,245.0
2025-03-14 16:09:00+00:00,66.97000122070312,66.97000122070312,66.97000122070312,66.97000122070312,32.0
2025-03-14 16:10:00+00:00,67.02999877929688,67.04000091552734,67.0199966430664,67.02999877929688,561.0
2025-03-14 16:11:00+00:00,66.95999908447266,67.02999877929688,66.95999908447266,67.0199966430664,205.0
2025-03-14 16:12:00+00:00,66.98999786376953,66.98999786376953,66.97000122070312,66.97000122070312,229.0
2025-03-14 16:13:00+00:00,67.04000091552734,67.05000305175781,66.94999694824219,66.98999786376953,149.0
2025-03-14 16:14:00+00:00,67.05000305175781,67.05999755859375,67.01000213623047,67.02999877929688,447.0
2025-03-14 16:15:00+00:00,67.02999877929688,67.05999755859375,67.0,67.04000091552734,314.0
2025-03-14 16:16:00+00:00,67.02999877929688,67.05000305175781,67.02999877929688,67.04000091552734,67.0
2025-03-14 16:17:00+00:00,67.05000305175781,67.05999755859375,67.0199966430664,67.0199966430664,90.0
2025-03-14 16:18:00+00:00,67.02999877929688,67.05999755859375,67.0199966430664,67.05000305175781,106.0
2025-03-14 16:19:00+00:00,67.04000091552734,67.05000305175781,67.02999877929688,67.02999877929688,64.0
2025-03-14 16:20:00+00:00,67.06999969482422,67.06999969482422,67.02999877929688,67.05000305175781,143.0
2025-03-14 16:21:00+00:00,67.08999633789062,67.0999984741211,67.05000305175781,67.05999755859375,145.0
2025-03-14 16:22:00+00:00,67.02999877929688,67.0999984741211,67.02999877929688,67.08999633789062,300.0
2025-03-14 16:23:00+00:00,67.05000305175781,67.05999755859375,67.0199966430664,67.02999877929688,95.0
2025-03-14 16:24:00+00:00,67.04000091552734,67.06999969482422,67.04000091552734,67.05000305175781,81.0
2025-03-14 16:25:00+00:00,67.01000213623047,67.04000091552734,67.0,67.04000091552734,251.0
2025-03-14 16:26:00+00:00,66.95999908447266,67.0,66.95999908447266,67.0,123.0
2025-03-14 16:27:00+00:00,66.97000122070312,66.9800033569336,66.94000244140625,66.95999908447266,364.0
2025-03-14 16:28:00+00:00,67.0,67.01000213623047,66.94999694824219,66.95999908447266,99.0
2025-03-14 16:29:00+00:00,67.0199966430664,67.0199966430664,66.98999786376953,67.01000213623047,182.0
2025-03-14 16:30:00+00:00,67.05000305175781,67.06999969482422,67.0199966430664,67.0199966430664,230.0
2025-03-14 16:31:00+00:00,67.08999633789062,67.12000274658203,67.05999755859375,67.05999755859375,363.0
2025-03-14 16:32:00+00:00,67.05999755859375,67.08999633789062,67.05000305175781,67.08000183105469,127.0
2025-03-14 16:33:00+00:00,67.05000305175781,67.06999969482422,67.02999877929688,67.05999755859375,142.0
2025-03-14 16:34:00+00:00,67.08000183105469,67.08999633789062,67.05999755859375,67.06999969482422,92.0
2025-03-14 16:35:00+00:00,67.0999984741211,67.0999984741211,67.08000183105469,67.08000183105469,97.0
2025-03-14 16:36:00+00:00,67.06999969482422,67.11000061035156,67.06999969482422,67.11000061035156,115.0
2025-03-14 16:37:00+00:00,67.05999755859375,67.08999633789062,67.05999755859375,67.08000183105469,185.0
2025-03-14 16:38:00+00:00,67.05999755859375,67.05999755859375,67.05000305175781,67.05999755859375,101.0
2025-03-14 16:39:00+00:00,67.06999969482422,67.06999969482422,67.05000305175781,67.05999755859375,88.0
2025-03-14 16:40:00+00:00,67.04000091552734,67.08000183105469,67.0199966430664,67.06999969482422,215.0
2025-03-14 16:41:00+00:00,67.04000091552734,67.04000091552734,67.0199966430664,67.04000091552734,56.0
2025-03-14 16:42:00+00:00,67.06999969482422,67.06999969482422,67.05000305175781,67.05000305175781,107.0
2025-03-14 16:43:00+00:00,67.04000091552734,67.08000183105469,67.02999877929688,67.06999969482422,307.0
2025-03-14 16:44:00+00:00,67.02999877929688,67.05000305175781,67.02999877929688,67.05000305175781,134.0
2025-03-14 16:45:00+00:00,67.02999877929688,67.05999755859375,67.0199966430664,67.02999877929688,121.0
2025-03-14 16:46:00+00:00,67.04000091552734,67.05000305175781,67.02999877929688,67.04000091552734,76.0
2025-03-14 16:47:00+00:00,67.05999755859375,67.05999755859375,67.04000091552734,67.04000091552734,84.0
2025-03-14 16:48:00+00:00,67.08999633789062,67.0999984741211,67.05999755859375,67.05999755859375,2217.0
2025-03-14 16:49:00+00:00,67.08000183105469,67.0999984741211,67.06999969482422,67.08999633789062,51.0
2025-03-14 16:50:00+00:00,67.06999969482422,67.08999633789062,67.06999969482422,67.08000183105469,78.0
2025-03-14 16:51:00+00:00,67.08999633789062,67.08999633789062,67.06999969482422,67.06999969482422,94.0
2025-03-14 16:52:00+00:00,67.08999633789062,67.11000061035156,67.06999969482422,67.08999633789062,130.0
2025-03-14 16:53:00+00:00,67.0999984741211,67.0999984741211,67.05000305175781,67.08999633789062,276.0
2025-03-14 16:54:00+00:00,67.0999984741211,67.0999984741211,67.08999633789062,67.08999633789062,92.0
2025-03-14 16:55:00+00:00,67.08000183105469,67.0999984741211,67.06999969482422,67.0999984741211,75.0
2025-03-14 16:56:00+00:00,67.06999969482422,67.08000183105469,67.05000305175781,67.05999755859375,353.0
2025-03-14 16:57:00+00:00,67.0999984741211,67.11000061035156,67.06999969482422,67.06999969482422,143.0
2025-03-14 16:58:00+00:00,67.0999984741211,67.11000061035156,67.08999633789062,67.11000061035156,213.0
2025-03-14 16:59:00+00:00,67.08999633789062,67.12000274658203,67.08000183105469,67.0999984741211,186.0
2025-03-14 17:00:00+00:00,67.11000061035156,67.12000274658203,67.08000183105469,67.08999633789062,168.0
2025-03-14 17:01:00+00:00,67.16999816894531,67.18000030517578,67.0999984741211,67.12000274658203,315.0
2025-03-14 17:02:00+00:00,67.2699966430664,67.2699966430664,67.16000366210938,67.16000366210938,591.0
2025-03-14 17:03:00+00:00,67.2699966430664,67.29000091552734,67.2300033569336,67.26000213623047,635.0
2025-03-14 17:04:00+00:00,67.2699966430664,67.27999877929688,67.26000213623047,67.27999877929688,166.0
2025-03-14 17:05:00+00:00,67.26000213623047,67.27999877929688,67.25,67.27999877929688,137.0
2025-03-14 17:06:00+00:00,67.25,67.31999969482422,67.25,67.2699966430664,320.0
2025-03-14 17:07:00+00:00,67.27999877929688,67.27999877929688,67.23999786376953,67.25,133.0
2025-03-14 17:08:00+00:00,67.2699966430664,67.30999755859375,67.2699966430664,67.29000091552734,117.0
2025-03-14 17:09:00+00:00,67.27999877929688,67.27999877929688,67.25,67.2699966430664,129.0
2025-03-14 17:10:00+00:00,67.29000091552734,67.31999969482422,67.27999877929688,67.27999877929688,135.0
2025-03-14 17:11:00+00:00,67.25,67.27999877929688,67.25,67.27999877929688,133.0
2025-03-14 17:12:00+00:00,67.23999786376953,67.26000213623047,67.23999786376953,67.26000213623047,94.0
2025-03-14 17:13:00+00:00,67.26000213623047,67.2699966430664,67.25,67.25,51.0
2025-03-14 17:14:00+00:00,67.26000213623047,67.2699966430664,67.23999786376953,67.26000213623047,73.0
2025-03-14 17:15:00+00:00,67.27999877929688,67.27999877929688,67.26000213623047,67.26000213623047,40.0
2025-03-14 17:16:00+00:00,67.27999877929688,67.29000091552734,67.26000213623047,67.27999877929688,112.0
2025-03-14 17:17:00+00:00,67.27999877929688,67.27999877929688,67.25,67.27999877929688,101.0
2025-03-14 17:18:00+00:00,67.26000213623047,67.29000091552734,67.25,67.2699966430664,139.0
2025-03-14 17:19:00+00:00,67.23999786376953,67.26000213623047,67.2300033569336,67.25,46.0
2025-03-14 17:20:00+00:00,67.23999786376953,67.26000213623047,67.23999786376953,67.23999786376953,75.0
2025-03-14 17:21:00+00:00,67.16000366210938,67.25,67.16000366210938,67.25,2221.0
2025-03-14 17:22:00+00:00,67.12000274658203,67.16999816894531,67.12000274658203,67.16000366210938,346.0
2025-03-14 17:23:00+00:00,67.13999938964844,67.1500015258789,67.12999725341797,67.13999938964844,252.0
2025-03-14 17:24:00+00:00,67.12000274658203,67.1500015258789,67.11000061035156,67.1500015258789,103.0
2025-03-14 17:25:00+00:00,67.13999938964844,67.1500015258789,67.12000274658203,67.12999725341797,182.0
2025-03-14 17:26:00+00:00,67.16000366210938,67.16000366210938,67.12999725341797,67.13999938964844,281.0
2025-03-14 17:27:00+00:00,67.19000244140625,67.19999694824219,67.1500015258789,67.1500015258789,298.0
2025-03-14 17:28:00+00:00,67.19000244140625,67.2300033569336,67.18000030517578,67.19000244140625,344.0
2025-03-14 17:29:00+00:00,67.22000122070312,67.2300033569336,67.19999694824219,67.19999694824219,195.0
2025-03-14 17:30:00+00:00,67.19000244140625,67.2300033569336,67.18000030517578,67.20999908447266,361.0
2025-03-14 17:31:00+00:00,67.19000244140625,67.19999694824219,67.16999816894531,67.19000244140625,194.0
2025-03-14 17:32:00+00:00,67.13999938964844,67.19000244140625,67.13999938964844,67.18000030517578,91.0
2025-03-14 17:33:00+00:00,67.13999938964844,67.1500015258789,67.12999725341797,67.13999938964844,82.0
2025-03-14 17:34:00+00:00,67.12000274658203,67.13999938964844,67.11000061035156,67.13999938964844,582.0
2025-03-14 17:35:00+00:00,67.12999725341797,67.1500015258789,67.11000061035156,67.12999725341797,183.0
2025-03-14 17:36:00+00:00,67.06999969482422,67.12999725341797,67.05000305175781,67.12999725341797,1421.0
2025-03-14 17:37:00+00:00,67.05000305175781,67.08999633789062,67.04000091552734,67.06999969482422,149.0
2025-03-14 17:38:00+00:00,67.05000305175781,67.06999969482422,67.05000305175781,67.05000305175781,111.0
2025-03-14 17:39:00+00:00,67.0999984741211,67.0999984741211,67.05000305175781,67.05999755859375,146.0
2025-03-14 17:40:00+00:00,67.11000061035156,67.12999725341797,67.08000183105469,67.0999984741211,320.0
2025-03-14 17:41:00+00:00,67.12000274658203,67.12000274658203,67.08000183105469,67.0999984741211,574.0
2025-03-14 17:42:00+00:00,67.13999938964844,67.13999938964844,67.12000274658203,67.12000274658203,70.0
2025-03-14 17:43:00+00:00,67.11000061035156,67.13999938964844,67.0999984741211,67.13999938964844,260.0
2025-03-14 17:44:00+00:00,67.08000183105469,67.12000274658203,67.08000183105469,67.11000061035156,149.0
2025-03-14 17:45:00+00:00,67.08000183105469,67.08999633789062,67.06999969482422,67.08999633789062,94.0
2025-03-14 17:46:00+00:00,67.08999633789062,67.08999633789062,67.06999969482422,67.06999969482422,67.0
2025-03-14 17:47:00+00:00,67.08000183105469,67.08999633789062,67.06999969482422,67.08999633789062,118.0
2025-03-14 17:48:00+00:00,67.08000183105469,67.08000183105469,67.05999755859375,67.08000183105469,95.0
2025-03-14 17:49:00+00:00,67.08999633789062,67.0999984741211,67.08000183105469,67.08999633789062,647.0
2025-03-14 17:50:00+00:00,67.11000061035156,67.12000274658203,67.08000183105469,67.08999633789062,260.0
2025-03-14 17:51:00+00:00,67.08999633789062,67.12000274658203,67.06999969482422,67.12000274658203,210.0
2025-03-14 17:52:00+00:00,67.04000091552734,67.08999633789062,67.02999877929688,67.08000183105469,239.0
2025-03-14 17:53:00+00:00,67.04000091552734,67.05000305175781,67.0,67.04000091552734,264.0
2025-03-14 17:54:00+00:00,67.05000305175781,67.06999969482422,67.04000091552734,67.05000305175781,128.0
2025-03-14 17:55:00+00:00,67.08000183105469,67.08999633789062,67.05999755859375,67.05999755859375,85.0
2025-03-14 17:56:00+00:00,67.06999969482422,67.08000183105469,67.06999969482422,67.08000183105469,78.0
2025-03-14 17:57:00+00:00,67.05999755859375,67.08999633789062,67.05999755859375,67.06999969482422,439.0
2025-03-14 17:58:00+00:00,67.06999969482422,67.06999969482422,67.05999755859375,67.05999755859375,159.0
2025-03-14 17:59:00+00:00,67.06999969482422,67.06999969482422,67.06999969482422,67.06999969482422,27.0
2025-03-14 18:00:00+00:00,67.0999984741211,67.0999984741211,67.05000305175781,67.05999755859375,109.0
2025-03-14 18:01:00+00:00,67.12000274658203,67.12999725341797,67.0999984741211,67.0999984741211,128.0
2025-03-14 18:02:00+00:00,67.12000274658203,67.12999725341797,67.0999984741211,67.12999725341797,84.0
2025-03-14 18:03:00+00:00,67.0999984741211,67.12000274658203,67.0999984741211,67.12000274658203,50.0
2025-03-14 18:04:00+00:00,67.12999725341797,67.13999938964844,67.11000061035156,67.11000061035156,498.0
2025-03-14 18:05:00+00:00,67.12000274658203,67.13999938964844,67.0999984741211,67.13999938964844,252.0
2025-03-14 18:07:00+00:00,67.0999984741211,67.0999984741211,67.0999984741211,67.0999984741211,121.0
2025-03-14 18:08:00+00:00,67.0999984741211,67.12000274658203,67.0999984741211,67.0999984741211,77.0
2025-03-14 18:09:00+00:00,67.08000183105469,67.0999984741211,67.08000183105469,67.0999984741211,87.0
2025-03-14 18:10:00+00:00,67.08999633789062,67.0999984741211,67.06999969482422,67.08000183105469,97.0
2025-03-14 18:11:00+00:00,67.12000274658203,67.12000274658203,67.08999633789062,67.08999633789062,58.0
2025-03-14 18:12:00+00:00,67.0999984741211,67.12000274658203,67.0999984741211,67.11000061035156,53.0
2025-03-14 18:13:00+00:00,67.0999984741211,67.11000061035156,67.0999984741211,67.0999984741211,34.0
2025-03-14 18:14:00+00:00,67.13999938964844,67.13999938964844,67.11000061035156,67.11000061035156,144.0
2025-03-14 18:15:00+00:00,67.1500015258789,67.16999816894531,67.13999938964844,67.13999938964844,426.0
2025-03-14 18:16:00+00:00,67.13999938964844,67.16000366210938,67.12999725341797,67.1500015258789,482.0
2025-03-14 18:17:00+00:00,67.16000366210938,67.16000366210938,67.13999938964844,67.13999938964844,77.0
2025-03-14 18:18:00+00:00,67.11000061035156,67.16000366210938,67.11000061035156,67.16000366210938,116.0
2025-03-14 18:19:00+00:00,67.12999725341797,67.13999938964844,67.11000061035156,67.11000061035156,116.0
2025-03-14 18:20:00+00:00,67.12999725341797,67.13999938964844,67.12000274658203,67.12999725341797,88.0
2025-03-14 18:21:00+00:00,67.13999938964844,67.1500015258789,67.13999938964844,67.13999938964844,85.0
2025-03-14 18:22:00+00:00,67.16000366210938,67.16000366210938,67.13999938964844,67.13999938964844,114.0
2025-03-14 18:23:00+00:00,67.13999938964844,67.16000366210938,67.12000274658203,67.16000366210938,2819.0
2025-03-14 18:24:00+00:00,67.11000061035156,67.16999816894531,67.11000061035156,67.12999725341797,1851.0
2025-03-14 18:25:00+00:00,67.19000244140625,67.19000244140625,67.11000061035156,67.12000274658203,429.0
2025-03-14 18:26:00+00:00,67.18000030517578,67.20999908447266,67.16000366210938,67.19000244140625,977.0
2025-03-14 18:27:00+00:00,67.22000122070312,67.2300033569336,67.18000030517578,67.18000030517578,559.0
2025-03-14 18:28:00+00:00,67.19000244140625,67.22000122070312,67.16999816894531,67.22000122070312,2450.0
2025-03-14 18:29:00+00:00,67.16999816894531,67.19000244140625,67.16000366210938,67.19000244140625,3474.0
2025-03-14 18:30:00+00:00,67.19000244140625,67.19999694824219,67.16999816894531,67.16999816894531,690.0
2025-03-14 18:31:00+00:00,67.2300033569336,67.23999786376953,67.19000244140625,67.19999694824219,743.0
2025-03-14 18:32:00+00:00,67.26000213623047,67.26000213623047,67.23999786376953,67.23999786376953,216.0
2025-03-14 18:33:00+00:00,67.26000213623047,67.26000213623047,67.25,67.26000213623047,120.0
2025-03-14 18:34:00+00:00,67.23999786376953,67.26000213623047,67.2300033569336,67.26000213623047,442.0
2025-03-14 18:35:00+00:00,67.20999908447266,67.23999786376953,67.20999908447266,67.23999786376953,163.0
2025-03-14 18:36:00+00:00,67.22000122070312,67.2300033569336,67.19999694824219,67.19999694824219,277.0
2025-03-14 18:37:00+00:00,67.22000122070312,67.22000122070312,67.20999908447266,67.22000122070312,87.0
2025-03-14 18:38:00+00:00,67.2300033569336,67.2300033569336,67.20999908447266,67.20999908447266,178.0
2025-03-14 18:39:00+00:00,67.2300033569336,67.2300033569336,67.22000122070312,67.22000122070312,72.0
2025-03-14 18:40:00+00:00,67.22000122070312,67.22000122070312,67.20999908447266,67.22000122070312,77.0
2025-03-14 18:41:00+00:00,67.2300033569336,67.23999786376953,67.22000122070312,67.22000122070312,50.0
2025-03-14 18:42:00+00:00,67.26000213623047,67.26000213623047,67.2300033569336,67.23999786376953,97.0
2025-03-14 18:43:00+00:00,67.26000213623047,67.2699966430664,67.26000213623047,67.26000213623047,49.0
2025-03-14 18:44:00+00:00,67.26000213623047,67.2699966430664,67.26000213623047,67.26000213623047,57.0
2025-03-14 18:45:00+00:00,67.26000213623047,67.26000213623047,67.2300033569336,67.26000213623047,133.0
2025-03-14 18:46:00+00:00,67.2699966430664,67.27999877929688,67.25,67.25,56.0
2025-03-14 18:47:00+00:00,67.2699966430664,67.2699966430664,67.2699966430664,67.2699966430664,14.0
2025-03-14 18:48:00+00:00,67.26000213623047,67.2699966430664,67.25,67.2699966430664,115.0
2025-03-14 18:49:00+00:00,67.2300033569336,67.26000213623047,67.2300033569336,67.25,135.0
2025-03-14 18:50:00+00:00,67.2300033569336,67.23999786376953,67.2300033569336,67.2300033569336,57.0
2025-03-14 18:51:00+00:00,67.20999908447266,67.23999786376953,67.20999908447266,67.23999786376953,177.0
2025-03-14 18:52:00+00:00,67.19000244140625,67.20999908447266,67.19000244140625,67.19999694824219,80.0
2025-03-14 18:53:00+00:00,67.20999908447266,67.20999908447266,67.19999694824219,67.19999694824219,56.0
2025-03-14 18:54:00+00:00,67.19999694824219,67.20999908447266,67.19999694824219,67.20999908447266,24.0
2025-03-14 18:55:00+00:00,67.22000122070312,67.22000122070312,67.19999694824219,67.19999694824219,39.0
2025-03-14 18:56:00+00:00,67.19000244140625,67.22000122070312,67.19000244140625,67.22000122070312,30.0
2025-03-14 18:57:00+00:00,67.19000244140625,67.19000244140625,67.16999816894531,67.19000244140625,53.0
2025-03-14 18:58:00+00:00,67.19999694824219,67.19999694824219,67.19000244140625,67.19999694824219,17.0
2025-03-14 18:59:00+00:00,67.20999908447266,67.22000122070312,67.19999694824219,67.19999694824219,33.0
2025-03-14 19:00:00+00:00,67.23999786376953,67.23999786376953,67.20999908447266,67.22000122070312,693.0
2025-03-14 19:01:00+00:00,67.2300033569336,67.23999786376953,67.2300033569336,67.2300033569336,25.0
2025-03-14 19:02:00+00:00,67.2300033569336,67.2300033569336,67.22000122070312,67.2300033569336,23.0
2025-03-14 19:03:00+00:00,67.22000122070312,67.2300033569336,67.19999694824219,67.22000122070312,74.0
2025-03-14 19:04:00+00:00,67.2300033569336,67.2300033569336,67.22000122070312,67.22000122070312,91.0
2025-03-14 19:05:00+00:00,67.25,67.25,67.2300033569336,67.2300033569336,93.0
2025-03-14 19:06:00+00:00,67.25,67.25,67.25,67.25,9.0
2025-03-14 19:07:00+00:00,67.26000213623047,67.26000213623047,67.25,67.25,16.0
2025-03-14 19:08:00+00:00,67.26000213623047,67.2699966430664,67.25,67.26000213623047,73.0
2025-03-14 19:09:00+00:00,67.2699966430664,67.2699966430664,67.26000213623047,67.26000213623047,31.0
2025-03-14 19:10:00+00:00,67.27999877929688,67.27999877929688,67.2699966430664,67.2699966430664,5.0
2025-03-14 19:11:00+00:00,67.2699966430664,67.27999877929688,67.26000213623047,67.27999877929688,24.0
2025-03-14 19:12:00+00:00,67.26000213623047,67.2699966430664,67.25,67.26000213623047,88.0
2025-03-14 19:13:00+00:00,67.25,67.2699966430664,67.23999786376953,67.26000213623047,41.0
2025-03-14 19:14:00+00:00,67.25,67.25,67.25,67.25,1.0
2025-03-14 19:15:00+00:00,67.2300033569336,67.23999786376953,67.22000122070312,67.23999786376953,44.0
2025-03-14 19:16:00+00:00,67.22000122070312,67.2300033569336,67.22000122070312,67.2300033569336,10.0
2025-03-14 19:17:00+00:00,67.23999786376953,67.23999786376953,67.2300033569336,67.2300033569336,28.0
2025-03-14 19:18:00+00:00,67.2300033569336,67.23999786376953,67.2300033569336,67.23999786376953,42.0
2025-03-14 19:19:00+00:00,67.20999908447266,67.2300033569336,67.20999908447266,67.2300033569336,50.0
2025-03-14 19:20:00+00:00,67.20999908447266,67.22000122070312,67.20999908447266,67.22000122070312,35.0
2025-03-14 19:21:00+00:00,67.2300033569336,67.23999786376953,67.22000122070312,67.22000122070312,24.0
2025-03-14 19:22:00+00:00,67.20999908447266,67.22000122070312,67.20999908447266,67.22000122070312,14.0
2025-03-14 19:24:00+00:00,67.20999908447266,67.20999908447266,67.20999908447266,67.20999908447266,4.0
2025-03-14 19:25:00+00:00,67.20999908447266,67.22000122070312,67.20999908447266,67.20999908447266,43.0
2025-03-14 19:26:00+00:00,67.2300033569336,67.2300033569336,67.22000122070312,67.22000122070312,49.0
2025-03-14 19:27:00+00:00,67.22000122070312,67.23999786376953,67.22000122070312,67.23999786376953,25.0
2025-03-14 19:28:00+00:00,67.19999694824219,67.22000122070312,67.19999694824219,67.22000122070312,87.0
2025-03-14 19:29:00+00:00,67.22000122070312,67.22000122070312,67.19999694824219,67.19999694824219,71.0
2025-03-14 19:31:00+00:00,67.20999908447266,67.2300033569336,67.20999908447266,67.22000122070312,45.0
2025-03-14 19:32:00+00:00,67.20999908447266,67.20999908447266,67.19999694824219,67.20999908447266,148.0
2025-03-14 19:33:00+00:00,67.22000122070312,67.22000122070312,67.20999908447266,67.20999908447266,49.0
2025-03-14 19:34:00+00:00,67.20999908447266,67.22000122070312,67.20999908447266,67.20999908447266,151.0
2025-03-14 19:35:00+00:00,67.20999908447266,67.22000122070312,67.20999908447266,67.22000122070312,10.0
2025-03-14 19:36:00+00:00,67.22000122070312,67.22000122070312,67.20999908447266,67.20999908447266,67.0
2025-03-14 19:37:00+00:00,67.2300033569336,67.2300033569336,67.22000122070312,67.22000122070312,16.0
2025-03-14 19:38:00+00:00,67.22000122070312,67.2300033569336,67.20999908447266,67.2300033569336,13.0
2025-03-14 19:39:00+00:00,67.22000122070312,67.22000122070312,67.22000122070312,67.22000122070312,15.0
2025-03-14 19:40:00+00:00,67.20999908447266,67.22000122070312,67.19999694824219,67.22000122070312,347.0
2025-03-14 19:41:00+00:00,67.19000244140625,67.19999694824219,67.19000244140625,67.19999694824219,29.0
2025-03-14 19:42:00+00:00,67.18000030517578,67.19000244140625,67.16999816894531,67.18000030517578,81.0
2025-03-14 19:43:00+00:00,67.16999816894531,67.19000244140625,67.16999816894531,67.19000244140625,59.0
2025-03-14 19:44:00+00:00,67.16999816894531,67.16999816894531,67.1500015258789,67.16999816894531,114.0
2025-03-14 19:45:00+00:00,67.16999816894531,67.18000030517578,67.16000366210938,67.16999816894531,37.0
2025-03-14 19:47:00+00:00,67.18000030517578,67.18000030517578,67.16999816894531,67.16999816894531,13.0
2025-03-14 19:48:00+00:00,67.19999694824219,67.19999694824219,67.18000030517578,67.19000244140625,153.0
2025-03-14 19:49:00+00:00,67.2300033569336,67.2300033569336,67.19999694824219,67.19999694824219,87.0
2025-03-14 19:50:00+00:00,67.22000122070312,67.22000122070312,67.20999908447266,67.22000122070312,19.0
2025-03-14 19:51:00+00:00,67.2300033569336,67.2300033569336,67.22000122070312,67.22000122070312,37.0
2025-03-14 19:52:00+00:00,67.2300033569336,67.23999786376953,67.22000122070312,67.23999786376953,212.0
2025-03-14 19:53:00+00:00,67.2300033569336,67.23999786376953,67.2300033569336,67.2300033569336,23.0
2025-03-14 19:54:00+00:00,67.2300033569336,67.23999786376953,67.2300033569336,67.23999786376953,40.0
2025-03-14 19:55:00+00:00,67.22000122070312,67.23999786376953,67.22000122070312,67.2300033569336,48.0
2025-03-14 19:56:00+00:00,67.22000122070312,67.2300033569336,67.20999908447266,67.22000122070312,48.0
2025-03-14 19:57:00+00:00,67.19999694824219,67.22000122070312,67.19000244140625,67.22000122070312,44.0
2025-03-14 19:58:00+00:00,67.18000030517578,67.19000244140625,67.18000030517578,67.19000244140625,66.0
2025-03-14 19:59:00+00:00,67.16999816894531,67.19000244140625,67.16999816894531,67.18000030517578,85.0
2025-03-14 20:00:00+00:00,67.12999725341797,67.16999816894531,67.12000274658203,67.16999816894531,68.0
2025-03-14 20:01:00+00:00,67.1500015258789,67.1500015258789,67.12000274658203,67.12000274658203,35.0
2025-03-14 20:02:00+00:00,67.13999938964844,67.16000366210938,67.12999725341797,67.1500015258789,14.0
2025-03-14 20:03:00+00:00,67.13999938964844,67.13999938964844,67.12999725341797,67.12999725341797,12.0
2025-03-14 20:04:00+00:00,67.12999725341797,67.13999938964844,67.12999725341797,67.12999725341797,22.0
2025-03-14 20:05:00+00:00,67.1500015258789,67.1500015258789,67.12999725341797,67.12999725341797,6.0
2025-03-14 20:06:00+00:00,67.1500015258789,67.16999816894531,67.1500015258789,67.1500015258789,32.0
2025-03-14 20:07:00+00:00,67.16000366210938,67.16999816894531,67.1500015258789,67.16000366210938,16.0
2025-03-14 20:08:00+00:00,67.16000366210938,67.16000366210938,67.16000366210938,67.16000366210938,3.0
2025-03-14 20:09:00+00:00,67.1500015258789,67.16000366210938,67.13999938964844,67.1500015258789,17.0
2025-03-14 20:10:00+00:00,67.1500015258789,67.16000366210938,67.1500015258789,67.16000366210938,10.0
2025-03-14 20:11:00+00:00,67.16000366210938,67.16999816894531,67.1500015258789,67.16000366210938,17.0
2025-03-14 20:12:00+00:00,67.16999816894531,67.16999816894531,67.16000366210938,67.16999816894531,24.0
2025-03-14 20:13:00+00:00,67.16999816894531,67.16999816894531,67.16000366210938,67.16000366210938,91.0
2025-03-14 20:14:00+00:00,67.18000030517578,67.18000030517578,67.16999816894531,67.16999816894531,63.0
2025-03-14 20:15:00+00:00,67.18000030517578,67.18000030517578,67.16999816894531,67.16999816894531,11.0
2025-03-14 20:16:00+00:00,67.18000030517578,67.19000244140625,67.16999816894531,67.18000030517578,17.0
2025-03-14 20:17:00+00:00,67.18000030517578,67.18000030517578,67.18000030517578,67.18000030517578,11.0
2025-03-14 20:19:00+00:00,67.18000030517578,67.18000030517578,67.18000030517578,67.18000030517578,1.0
2025-03-14 20:21:00+00:00,67.18000030517578,67.18000030517578,67.18000030517578,67.18000030517578,6.0
2025-03-14 20:22:00+00:00,67.16999816894531,67.19000244140625,67.16999816894531,67.19000244140625,10.0
2025-03-14 20:23:00+00:00,67.16000366210938,67.16999816894531,67.16000366210938,67.16999816894531,26.0
2025-03-14 20:24:00+00:00,67.18000030517578,67.19000244140625,67.1500015258789,67.16000366210938,42.0
2025-03-14 20:25:00+00:00,67.19999694824219,67.19999694824219,67.18000030517578,67.18000030517578,26.0
2025-03-14 20:26:00+00:00,67.19000244140625,67.19000244140625,67.19000244140625,67.19000244140625,6.0
2025-03-14 20:27:00+00:00,67.19000244140625,67.19000244140625,67.18000030517578,67.18000030517578,9.0
2025-03-14 20:28:00+00:00,67.18000030517578,67.18000030517578,67.18000030517578,67.18000030517578,22.0
2025-03-14 20:29:00+00:00,67.19000244140625,67.19000244140625,67.19000244140625,67.19000244140625,42.0
2025-03-14 20:30:00+00:00,67.19000244140625,67.19000244140625,67.18000030517578,67.19000244140625,25.0
2025-03-14 20:31:00+00:00,67.19000244140625,67.19000244140625,67.19000244140625,67.19000244140625,4.0
2025-03-14 20:32:00+00:00,67.19000244140625,67.19000244140625,67.18000030517578,67.19000244140625,11.0
2025-03-14 20:33:00+00:00,67.18000030517578,67.18000030517578,67.18000030517578,67.18000030517578,10.0
2025-03-14 20:34:00+00:00,67.18000030517578,67.19000244140625,67.18000030517578,67.19000244140625,8.0
2025-03-14 20:35:00+00:00,67.16999816894531,67.19000244140625,67.16999816894531,67.18000030517578,10.0
2025-03-14 20:36:00+00:00,67.19999694824219,67.19999694824219,67.16999816894531,67.16999816894531,16.0
2025-03-14 20:37:00+00:00,67.19000244140625,67.19999694824219,67.19000244140625,67.19000244140625,52.0
2025-03-14 20:38:00+00:00,67.19999694824219,67.19999694824219,67.19000244140625,67.19000244140625,14.0
2025-03-14 20:39:00+00:00,67.19999694824219,67.19999694824219,67.19000244140625,67.19000244140625,6.0
2025-03-14 20:40:00+00:00,67.19999694824219,67.20999908447266,67.19000244140625,67.19999694824219,41.0
2025-03-14 20:41:00+00:00,67.19000244140625,67.19999694824219,67.19000244140625,67.19999694824219,215.0
2025-03-14 20:42:00+00:00,67.20999908447266,67.20999908447266,67.16999816894531,67.18000030517578,83.0
2025-03-14 20:43:00+00:00,67.18000030517578,67.20999908447266,67.18000030517578,67.20999908447266,12.0
2025-03-14 20:44:00+00:00,67.1500015258789,67.18000030517578,67.1500015258789,67.18000030517578,1093.0
2025-03-14 20:45:00+00:00,67.12999725341797,67.1500015258789,67.12000274658203,67.1500015258789,66.0
2025-03-14 20:46:00+00:00,67.12000274658203,67.13999938964844,67.11000061035156,67.13999938964844,43.0
2025-03-14 20:47:00+00:00,67.12999725341797,67.13999938964844,67.12999725341797,67.12999725341797,30.0
2025-03-14 20:48:00+00:00,67.1500015258789,67.1500015258789,67.12999725341797,67.12999725341797,37.0
2025-03-14 20:49:00+00:00,67.12999725341797,67.13999938964844,67.12999725341797,67.13999938964844,36.0
2025-03-14 20:50:00+00:00,67.16000366210938,67.16000366210938,67.12999725341797,67.13999938964844,42.0
2025-03-14 20:51:00+00:00,67.16000366210938,67.16999816894531,67.1500015258789,67.1500015258789,218.0
2025-03-14 20:53:00+00:00,67.18000030517578,67.18000030517578,67.18000030517578,67.18000030517578,2.0
2025-03-14 20:54:00+00:00,67.18000030517578,67.18000030517578,67.18000030517578,67.18000030517578,8.0
2025-03-14 20:55:00+00:00,67.16999816894531,67.19000244140625,67.16999816894531,67.16999816894531,7.0
2025-03-14 20:56:00+00:00,67.1500015258789,67.16000366210938,67.1500015258789,67.16000366210938,9.0
2025-03-14 20:57:00+00:00,67.1500015258789,67.1500015258789,67.13999938964844,67.1500015258789,27.0
2025-03-14 20:58:00+00:00,67.16000366210938,67.16000366210938,67.1500015258789,67.1500015258789,18.0
2025-03-14 20:59:00+00:00,67.19000244140625,67.19999694824219,67.16000366210938,67.16000366210938,130.0
2025-03-16 22:00:00+00:00,67.58000183105469,67.58999633789062,67.29000091552734,67.3499984741211,0.0
2025-03-16 22:01:00+00:00,67.5199966430664,67.61000061035156,67.5,67.58999633789062,140.0
2025-03-16 22:02:00+00:00,67.55000305175781,67.55000305175781,67.51000213623047,67.51000213623047,61.0
2025-03-16 22:03:00+00:00,67.5999984741211,67.5999984741211,67.52999877929688,67.54000091552734,120.0
2025-03-16 22:04:00+00:00,67.58000183105469,67.5999984741211,67.56999969482422,67.58999633789062,68.0
2025-03-16 22:05:00+00:00,67.58000183105469,67.61000061035156,67.58000183105469,67.58999633789062,84.0
2025-03-16 22:06:00+00:00,67.62000274658203,67.66000366210938,67.58999633789062,67.58999633789062,216.0
2025-03-16 22:07:00+00:00,67.63999938964844,67.6500015258789,67.62999725341797,67.62999725341797,30.0
2025-03-16 22:08:00+00:00,67.56999969482422,67.6500015258789,67.55999755859375,67.6500015258789,68.0
2025-03-16 22:09:00+00:00,67.69000244140625,67.69999694824219,67.56999969482422,67.56999969482422,204.0
2025-03-16 22:10:00+00:00,67.68000030517578,67.69000244140625,67.66000366210938,67.68000030517578,41.0
2025-03-16 22:11:00+00:00,67.69999694824219,67.69999694824219,67.68000030517578,67.69000244140625,9.0
2025-03-16 22:12:00+00:00,67.69000244140625,67.69000244140625,67.66000366210938,67.68000030517578,43.0
2025-03-16 22:13:00+00:00,67.63999938964844,67.68000030517578,67.63999938964844,67.68000030517578,24.0
2025-03-16 22:14:00+00:00,67.69000244140625,67.69999694824219,67.6500015258789,67.6500015258789,24.0
2025-03-16 22:15:00+00:00,67.68000030517578,67.70999908447266,67.66999816894531,67.69000244140625,586.0
2025-03-16 22:16:00+00:00,67.63999938964844,67.66000366210938,67.63999938964844,67.66000366210938,304.0
2025-03-16 22:17:00+00:00,67.58999633789062,67.62999725341797,67.58999633789062,67.62999725341797,49.0
2025-03-16 22:18:00+00:00,67.62999725341797,67.66000366210938,67.58999633789062,67.58999633789062,94.0
2025-03-16 22:19:00+00:00,67.6500015258789,67.6500015258789,67.62999725341797,67.62999725341797,8.0
2025-03-16 22:20:00+00:00,67.63999938964844,67.6500015258789,67.63999938964844,67.6500015258789,4.0
2025-03-16 22:21:00+00:00,67.75,67.76000213623047,67.6500015258789,67.6500015258789,85.0
2025-03-16 22:22:00+00:00,67.73999786376953,67.76000213623047,67.7300033569336,67.75,22.0
2025-03-16 22:23:00+00:00,67.72000122070312,67.73999786376953,67.70999908447266,67.7300033569336,23.0
2025-03-16 22:24:00+00:00,67.69999694824219,67.72000122070312,67.69999694824219,67.72000122070312,10.0
2025-03-16 22:25:00+00:00,67.7300033569336,67.75,67.72000122070312,67.72000122070312,12.0
2025-03-16 22:26:00+00:00,67.75,67.76000213623047,67.7300033569336,67.7300033569336,96.0
2025-03-16 22:27:00+00:00,67.70999908447266,67.73999786376953,67.70999908447266,67.73999786376953,151.0
2025-03-16 22:28:00+00:00,67.69000244140625,67.7300033569336,67.69000244140625,67.70999908447266,29.0
2025-03-16 22:29:00+00:00,67.66000366210938,67.69000244140625,67.66000366210938,67.69000244140625,33.0
2025-03-16 22:30:00+00:00,67.76000213623047,67.76000213623047,67.68000030517578,67.68000030517578,95.0
2025-03-16 22:31:00+00:00,67.80000305175781,67.80999755859375,67.75,67.75,68.0
2025-03-16 22:32:00+00:00,67.75,67.80999755859375,67.73999786376953,67.80000305175781,37.0
2025-03-16 22:33:00+00:00,67.7300033569336,67.75,67.7300033569336,67.7300033569336,23.0
2025-03-16 22:34:00+00:00,67.69000244140625,67.73999786376953,67.68000030517578,67.73999786376953,23.0
2025-03-16 22:35:00+00:00,67.69999694824219,67.70999908447266,67.66999816894531,67.66999816894531,13.0
2025-03-16 22:36:00+00:00,67.69999694824219,67.69999694824219,67.66999816894531,67.68000030517578,18.0
2025-03-16 22:37:00+00:00,67.69000244140625,67.7300033569336,67.69000244140625,67.70999908447266,19.0
2025-03-16 22:38:00+00:00,67.66000366210938,67.69000244140625,67.63999938964844,67.69000244140625,58.0
2025-03-16 22:39:00+00:00,67.66000366210938,67.66000366210938,67.63999938964844,67.6500015258789,59.0
2025-03-16 22:40:00+00:00,67.62000274658203,67.66000366210938,67.62000274658203,67.66000366210938,32.0
2025-03-16 22:41:00+00:00,67.6500015258789,67.6500015258789,67.62000274658203,67.62999725341797,47.0
2025-03-16 22:42:00+00:00,67.66000366210938,67.69000244140625,67.6500015258789,67.6500015258789,26.0
2025-03-16 22:43:00+00:00,67.66999816894531,67.66999816894531,67.6500015258789,67.6500015258789,8.0
2025-03-16 22:44:00+00:00,67.66999816894531,67.69000244140625,67.66999816894531,67.66999816894531,15.0
2025-03-16 22:45:00+00:00,67.66999816894531,67.68000030517578,67.66999816894531,67.68000030517578,4.0
2025-03-16 22:46:00+00:00,67.69999694824219,67.69999694824219,67.66000366210938,67.66999816894531,13.0
2025-03-16 22:47:00+00:00,67.69000244140625,67.69999694824219,67.69000244140625,67.69999694824219,9.0
2025-03-16 22:48:00+00:00,67.69999694824219,67.69999694824219,67.69999694824219,67.69999694824219,1.0
2025-03-16 22:49:00+00:00,67.68000030517578,67.69999694824219,67.68000030517578,67.68000030517578,15.0
2025-03-16 22:50:00+00:00,67.66000366210938,67.66999816894531,67.66000366210938,67.66999816894531,15.0
2025-03-16 22:51:00+00:00,67.6500015258789,67.66999816894531,67.6500015258789,67.66999816894531,84.0
2025-03-16 22:52:00+00:00,67.63999938964844,67.6500015258789,67.62999725341797,67.6500015258789,12.0
2025-03-16 22:53:00+00:00,67.62999725341797,67.63999938964844,67.62000274658203,67.63999938964844,25.0
2025-03-16 22:54:00+00:00,67.62999725341797,67.62999725341797,67.62999725341797,67.62999725341797,3.0
2025-03-16 22:55:00+00:00,67.6500015258789,67.66000366210938,67.62999725341797,67.62999725341797,68.0
2025-03-16 22:56:00+00:00,67.58999633789062,67.66000366210938,67.58000183105469,67.66000366210938,84.0
2025-03-16 22:57:00+00:00,67.58999633789062,67.5999984741211,67.58999633789062,67.5999984741211,6.0
2025-03-16 22:58:00+00:00,67.5999984741211,67.61000061035156,67.5999984741211,67.61000061035156,3.0
2025-03-16 22:59:00+00:00,67.58999633789062,67.58999633789062,67.58999633789062,67.58999633789062,3.0
2025-03-16 23:00:00+00:00,67.56999969482422,67.5999984741211,67.55999755859375,67.58999633789062,85.0
2025-03-16 23:01:00+00:00,67.5999984741211,67.5999984741211,67.58000183105469,67.58000183105469,33.0
2025-03-16 23:02:00+00:00,67.58999633789062,67.62000274658203,67.58999633789062,67.61000061035156,10.0
2025-03-16 23:03:00+00:00,67.58999633789062,67.58999633789062,67.58000183105469,67.58000183105469,8.0
2025-03-16 23:05:00+00:00,67.63999938964844,67.63999938964844,67.5999984741211,67.61000061035156,40.0
2025-03-16 23:06:00+00:00,67.62999725341797,67.66000366210938,67.61000061035156,67.62000274658203,95.0
2025-03-16 23:07:00+00:00,67.61000061035156,67.62999725341797,67.61000061035156,67.62999725341797,9.0
2025-03-16 23:08:00+00:00,67.62000274658203,67.62000274658203,67.5999984741211,67.5999984741211,7.0
2025-03-16 23:09:00+00:00,67.61000061035156,67.62000274658203,67.61000061035156,67.62000274658203,3.0
2025-03-16 23:10:00+00:00,67.5999984741211,67.5999984741211,67.58999633789062,67.5999984741211,20.0
2025-03-16 23:11:00+00:00,67.58999633789062,67.61000061035156,67.56999969482422,67.61000061035156,38.0
2025-03-16 23:12:00+00:00,67.58000183105469,67.58999633789062,67.56999969482422,67.58000183105469,6.0
2025-03-16 23:14:00+00:00,67.69000244140625,67.69000244140625,67.58000183105469,67.58000183105469,69.0
2025-03-16 23:15:00+00:00,67.69999694824219,67.69999694824219,67.68000030517578,67.68000030517578,18.0
2025-03-16 23:16:00+00:00,67.68000030517578,67.69000244140625,67.68000030517578,67.69000244140625,7.0
2025-03-16 23:17:00+00:00,67.69000244140625,67.69000244140625,67.66999816894531,67.66999816894531,8.0
2025-03-16 23:18:00+00:00,67.70999908447266,67.70999908447266,67.69999694824219,67.69999694824219,21.0
2025-03-16 23:19:00+00:00,67.69000244140625,67.70999908447266,67.69000244140625,67.70999908447266,11.0
2025-03-16 23:20:00+00:00,67.68000030517578,67.69000244140625,67.68000030517578,67.69000244140625,6.0
2025-03-16 23:22:00+00:00,67.68000030517578,67.68000030517578,67.68000030517578,67.68000030517578,1.0
2025-03-16 23:23:00+00:00,67.69999694824219,67.69999694824219,67.69000244140625,67.69000244140625,17.0
2025-03-16 23:24:00+00:00,67.7300033569336,67.7300033569336,67.72000122070312,67.72000122070312,16.0
2025-03-16 23:25:00+00:00,67.73999786376953,67.73999786376953,67.72000122070312,67.7300033569336,29.0
2025-03-16 23:26:00+00:00,67.75,67.75,67.7300033569336,67.73999786376953,6.0
2025-03-16 23:27:00+00:00,67.7300033569336,67.73999786376953,67.7300033569336,67.73999786376953,18.0
2025-03-16 23:28:00+00:00,67.7300033569336,67.7300033569336,67.72000122070312,67.72000122070312,3.0
2025-03-16 23:29:00+00:00,67.7300033569336,67.7300033569336,67.7300033569336,67.7300033569336,6.0
2025-03-16 23:30:00+00:00,67.7699966430664,67.77999877929688,67.72000122070312,67.72000122070312,109.0
2025-03-16 23:31:00+00:00,67.76000213623047,67.77999877929688,67.76000213623047,67.76000213623047,17.0
2025-03-16 23:32:00+00:00,67.75,67.77999877929688,67.72000122070312,67.76000213623047,112.0
2025-03-16 23:33:00+00:00,67.75,67.75,67.75,67.75,6.0
2025-03-16 23:34:00+00:00,67.72000122070312,67.75,67.72000122070312,67.75,13.0
2025-03-16 23:35:00+00:00,67.72000122070312,67.72000122070312,67.70999908447266,67.70999908447266,6.0
2025-03-16 23:36:00+00:00,67.77999877929688,67.77999877929688,67.7300033569336,67.7300033569336,24.0
2025-03-16 23:37:00+00:00,67.77999877929688,67.79000091552734,67.77999877929688,67.77999877929688,6.0
2025-03-16 23:38:00+00:00,67.73999786376953,67.77999877929688,67.73999786376953,67.77999877929688,17.0
2025-03-16 23:39:00+00:00,67.72000122070312,67.76000213623047,67.72000122070312,67.75,9.0
2025-03-16 23:40:00+00:00,67.72000122070312,67.72000122070312,67.72000122070312,67.72000122070312,1.0
2025-03-16 23:41:00+00:00,67.70999908447266,67.7300033569336,67.70999908447266,67.7300033569336,26.0
2025-03-16 23:42:00+00:00,67.72000122070312,67.72000122070312,67.70999908447266,67.70999908447266,5.0
2025-03-16 23:43:00+00:00,67.70999908447266,67.70999908447266,67.70999908447266,67.70999908447266,2.0
2025-03-16 23:44:00+00:00,67.69999694824219,67.69999694824219,67.69000244140625,67.69000244140625,9.0
2025-03-16 23:45:00+00:00,67.70999908447266,67.70999908447266,67.70999908447266,67.70999908447266,1.0
2025-03-16 23:46:00+00:00,67.70999908447266,67.70999908447266,67.70999908447266,67.70999908447266,6.0
2025-03-16 23:48:00+00:00,67.69000244140625,67.69999694824219,67.69000244140625,67.69000244140625,10.0
2025-03-16 23:49:00+00:00,67.69999694824219,67.69999694824219,67.69000244140625,67.69000244140625,27.0
2025-03-16 23:50:00+00:00,67.69000244140625,67.69999694824219,67.68000030517578,67.69000244140625,43.0
2025-03-16 23:51:00+00:00,67.69999694824219,67.69999694824219,67.69999694824219,67.69999694824219,3.0
2025-03-16 23:52:00+00:00,67.72000122070312,67.7300033569336,67.69999694824219,67.69999694824219,30.0
2025-03-16 23:53:00+00:00,67.69000244140625,67.72000122070312,67.69000244140625,67.72000122070312,17.0
2025-03-16 23:54:00+00:00,67.68000030517578,67.69000244140625,67.68000030517578,67.69000244140625,4.0
2025-03-16 23:55:00+00:00,67.66999816894531,67.66999816894531,67.66000366210938,67.66999816894531,6.0
2025-03-16 23:56:00+00:00,67.66999816894531,67.66999816894531,67.66999816894531,67.66999816894531,1.0
2025-03-16 23:57:00+00:00,67.69000244140625,67.69999694824219,67.66999816894531,67.66999816894531,14.0
2025-03-17 00:00:00+00:00,67.66000366210938,67.69000244140625,67.66000366210938,67.68000030517578,26.0
2025-03-17 00:01:00+00:00,67.68000030517578,67.69000244140625,67.66000366210938,67.66000366210938,21.0
2025-03-17 00:02:00+00:00,67.73999786376953,67.73999786376953,67.68000030517578,67.68000030517578,32.0
2025-03-17 00:03:00+00:00,67.7699966430664,67.7699966430664,67.72000122070312,67.72000122070312,38.0
2025-03-17 00:04:00+00:00,67.77999877929688,67.77999877929688,67.73999786376953,67.77999877929688,106.0
2025-03-17 00:05:00+00:00,67.80000305175781,67.83999633789062,67.79000091552734,67.79000091552734,99.0
2025-03-17 00:06:00+00:00,67.8499984741211,67.8499984741211,67.80999755859375,67.80999755859375,74.0
2025-03-17 00:07:00+00:00,67.83999633789062,67.87000274658203,67.83000183105469,67.8499984741211,214.0
2025-03-17 00:08:00+00:00,67.83999633789062,67.86000061035156,67.83000183105469,67.8499984741211,63.0
2025-03-17 00:09:00+00:00,67.8499984741211,67.86000061035156,67.83999633789062,67.8499984741211,47.0
2025-03-17 00:10:00+00:00,67.87000274658203,67.87000274658203,67.83000183105469,67.8499984741211,114.0
2025-03-17 00:11:00+00:00,67.87000274658203,67.87999725341797,67.8499984741211,67.87999725341797,41.0
2025-03-17 00:12:00+00:00,67.87000274658203,67.87999725341797,67.86000061035156,67.87000274658203,41.0
2025-03-17 00:13:00+00:00,67.86000061035156,67.87999725341797,67.86000061035156,67.87000274658203,39.0
2025-03-17 00:14:00+00:00,67.9000015258789,67.9000015258789,67.87000274658203,67.87000274658203,99.0
2025-03-17 00:15:00+00:00,67.91000366210938,67.91000366210938,67.87999725341797,67.9000015258789,75.0
2025-03-17 00:16:00+00:00,67.91000366210938,67.93000030517578,67.9000015258789,67.91999816894531,92.0
2025-03-17 00:17:00+00:00,67.9000015258789,67.91000366210938,67.88999938964844,67.9000015258789,53.0
2025-03-17 00:18:00+00:00,67.91999816894531,67.91999816894531,67.88999938964844,67.88999938964844,50.0
2025-03-17 00:19:00+00:00,67.91999816894531,67.93000030517578,67.91000366210938,67.91999816894531,56.0
2025-03-17 00:20:00+00:00,67.93000030517578,67.93000030517578,67.9000015258789,67.91000366210938,74.0
2025-03-17 00:21:00+00:00,67.94999694824219,67.94999694824219,67.91999816894531,67.91999816894531,135.0
2025-03-17 00:22:00+00:00,67.94000244140625,67.94999694824219,67.94000244140625,67.94999694824219,66.0
2025-03-17 00:23:00+00:00,67.93000030517578,67.94000244140625,67.91999816894531,67.94000244140625,77.0
2025-03-17 00:24:00+00:00,67.93000030517578,67.93000030517578,67.91000366210938,67.91999816894531,29.0
2025-03-17 00:25:00+00:00,67.93000030517578,67.93000030517578,67.91999816894531,67.93000030517578,8.0
2025-03-17 00:26:00+00:00,67.93000030517578,67.93000030517578,67.91999816894531,67.93000030517578,20.0
2025-03-17 00:27:00+00:00,67.88999938964844,67.91999816894531,67.88999938964844,67.91999816894531,41.0
2025-03-17 00:28:00+00:00,67.91000366210938,67.91000366210938,67.88999938964844,67.9000015258789,27.0
2025-03-17 00:29:00+00:00,67.91000366210938,67.91999816894531,67.91000366210938,67.91999816894531,44.0
2025-03-17 00:30:00+00:00,67.91000366210938,67.91999816894531,67.9000015258789,67.91000366210938,34.0
2025-03-17 00:31:00+00:00,67.88999938964844,67.9000015258789,67.88999938964844,67.9000015258789,16.0
2025-03-17 00:32:00+00:00,67.87999725341797,67.88999938964844,67.87999725341797,67.88999938964844,25.0
2025-03-17 00:33:00+00:00,67.9000015258789,67.9000015258789,67.87999725341797,67.87999725341797,22.0
2025-03-17 00:34:00+00:00,67.87000274658203,67.9000015258789,67.87000274658203,67.9000015258789,17.0
2025-03-17 00:35:00+00:00,67.86000061035156,67.87000274658203,67.86000061035156,67.87000274658203,8.0
2025-03-17 00:36:00+00:00,67.86000061035156,67.86000061035156,67.86000061035156,67.86000061035156,3.0
2025-03-17 00:37:00+00:00,67.86000061035156,67.87999725341797,67.83999633789062,67.87000274658203,47.0
2025-03-17 00:38:00+00:00,67.87999725341797,67.87999725341797,67.87999725341797,67.87999725341797,4.0
2025-03-17 00:39:00+00:00,67.86000061035156,67.87999725341797,67.86000061035156,67.87000274658203,19.0
2025-03-17 00:40:00+00:00,67.87999725341797,67.87999725341797,67.87000274658203,67.87000274658203,55.0
2025-03-17 00:41:00+00:00,67.87999725341797,67.88999938964844,67.87999725341797,67.88999938964844,11.0
2025-03-17 00:42:00+00:00,67.87000274658203,67.87999725341797,67.86000061035156,67.87999725341797,14.0
2025-03-17 00:43:00+00:00,67.87000274658203,67.87999725341797,67.87000274658203,67.87000274658203,11.0
2025-03-17 00:46:00+00:00,67.91000366210938,67.91000366210938,67.88999938964844,67.88999938964844,19.0
2025-03-17 00:47:00+00:00,67.91000366210938,67.91000366210938,67.9000015258789,67.91000366210938,13.0
2025-03-17 00:49:00+00:00,67.91000366210938,67.91000366210938,67.9000015258789,67.9000015258789,4.0
2025-03-17 00:50:00+00:00,67.91000366210938,67.91000366210938,67.88999938964844,67.91000366210938,14.0
2025-03-17 00:51:00+00:00,67.94000244140625,67.94000244140625,67.91000366210938,67.91000366210938,252.0
2025-03-17 00:52:00+00:00,67.94000244140625,67.94999694824219,67.94000244140625,67.94000244140625,151.0
2025-03-17 00:53:00+00:00,67.94000244140625,67.94000244140625,67.93000030517578,67.93000030517578,20.0
2025-03-17 00:54:00+00:00,67.94999694824219,67.94999694824219,67.93000030517578,67.93000030517578,22.0
2025-03-17 00:55:00+00:00,67.94000244140625,67.94999694824219,67.93000030517578,67.94999694824219,43.0
2025-03-17 00:56:00+00:00,67.94999694824219,67.94999694824219,67.94000244140625,67.94000244140625,36.0
2025-03-17 00:57:00+00:00,67.97000122070312,67.97000122070312,67.94999694824219,67.94999694824219,46.0
2025-03-17 00:58:00+00:00,67.9800033569336,67.98999786376953,67.97000122070312,67.9800033569336,28.0
2025-03-17 00:59:00+00:00,67.97000122070312,67.9800033569336,67.95999908447266,67.97000122070312,38.0
2025-03-17 01:00:00+00:00,68.1500015258789,68.1500015258789,67.95999908447266,67.95999908447266,640.0
2025-03-17 01:01:00+00:00,68.3499984741211,68.37000274658203,68.13999938964844,68.1500015258789,931.0
2025-03-17 01:02:00+00:00,68.31999969482422,68.37000274658203,68.30999755859375,68.36000061035156,223.0
2025-03-17 01:03:00+00:00,68.29000091552734,68.31999969482422,68.27999877929688,68.31999969482422,151.0
2025-03-17 01:04:00+00:00,68.31999969482422,68.33999633789062,68.27999877929688,68.27999877929688,113.0
2025-03-17 01:05:00+00:00,68.31999969482422,68.3499984741211,68.30999755859375,68.31999969482422,82.0
2025-03-17 01:06:00+00:00,68.29000091552734,68.30999755859375,68.26000213623047,68.30999755859375,82.0
2025-03-17 01:07:00+00:00,68.29000091552734,68.30000305175781,68.2699966430664,68.27999877929688,40.0
2025-03-17 01:10:00+00:00,68.25,68.26000213623047,68.23999786376953,68.26000213623047,622.0
2025-03-17 01:11:00+00:00,68.19999694824219,68.2699966430664,68.19999694824219,68.26000213623047,93.0
2025-03-17 01:12:00+00:00,68.16999816894531,68.20999908447266,68.16000366210938,68.19999694824219,89.0
2025-03-17 01:13:00+00:00,68.19999694824219,68.20999908447266,68.18000030517578,68.18000030517578,101.0
2025-03-17 01:14:00+00:00,68.19999694824219,68.20999908447266,68.19000244140625,68.19000244140625,49.0
2025-03-17 01:15:00+00:00,68.19999694824219,68.20999908447266,68.19000244140625,68.19999694824219,45.0
2025-03-17 01:16:00+00:00,68.16999816894531,68.19000244140625,68.16999816894531,68.19000244140625,40.0
2025-03-17 01:17:00+00:00,68.19000244140625,68.19999694824219,68.16999816894531,68.16999816894531,65.0
2025-03-17 01:18:00+00:00,68.16999816894531,68.19999694824219,68.16999816894531,68.18000030517578,21.0
2025-03-17 01:19:00+00:00,68.18000030517578,68.18000030517578,68.12999725341797,68.16000366210938,51.0
2025-03-17 01:20:00+00:00,68.16999816894531,68.19000244140625,68.16000366210938,68.16999816894531,16.0
2025-03-17 01:21:00+00:00,68.13999938964844,68.16999816894531,68.12999725341797,68.16999816894531,34.0
2025-03-17 01:22:00+00:00,68.0999984741211,68.13999938964844,68.0999984741211,68.13999938964844,51.0
2025-03-17 01:23:00+00:00,68.12000274658203,68.12000274658203,68.11000061035156,68.11000061035156,27.0
2025-03-17 01:24:00+00:00,68.12000274658203,68.12999725341797,68.0999984741211,68.11000061035156,27.0
2025-03-17 01:25:00+00:00,68.12000274658203,68.12999725341797,68.0999984741211,68.12999725341797,35.0
2025-03-17 01:26:00+00:00,68.12000274658203,68.12999725341797,68.12000274658203,68.12999725341797,35.0
2025-03-17 01:27:00+00:00,68.0999984741211,68.12999725341797,68.0999984741211,68.12000274658203,50.0
2025-03-17 01:28:00+00:00,68.12000274658203,68.13999938964844,68.0999984741211,68.0999984741211,49.0
2025-03-17 01:29:00+00:00,68.12999725341797,68.12999725341797,68.12000274658203,68.12000274658203,11.0
2025-03-17 01:30:00+00:00,68.05999755859375,68.12000274658203,68.05999755859375,68.12000274658203,38.0
2025-03-17 01:31:00+00:00,68.02999877929688,68.05999755859375,68.0199966430664,68.05999755859375,49.0
2025-03-17 01:32:00+00:00,68.01000213623047,68.04000091552734,68.0,68.04000091552734,63.0
2025-03-17 01:33:00+00:00,68.0199966430664,68.0199966430664,68.01000213623047,68.0199966430664,42.0
2025-03-17 01:34:00+00:00,68.0,68.0199966430664,68.0,68.0199966430664,23.0
2025-03-17 01:35:00+00:00,67.98999786376953,68.01000213623047,67.98999786376953,67.98999786376953,34.0
2025-03-17 01:36:00+00:00,67.98999786376953,67.98999786376953,67.9800033569336,67.9800033569336,6.0
2025-03-17 01:37:00+00:00,67.94999694824219,67.98999786376953,67.94000244140625,67.98999786376953,82.0
2025-03-17 01:38:00+00:00,67.93000030517578,67.94000244140625,67.91999816894531,67.94000244140625,12.0
2025-03-17 01:39:00+00:00,67.93000030517578,67.93000030517578,67.93000030517578,67.93000030517578,5.0
2025-03-17 01:40:00+00:00,67.93000030517578,67.93000030517578,67.9000015258789,67.93000030517578,57.0
2025-03-17 01:41:00+00:00,67.94000244140625,67.95999908447266,67.94000244140625,67.94000244140625,16.0
2025-03-17 01:42:00+00:00,67.93000030517578,67.94999694824219,67.91999816894531,67.94999694824219,10.0
2025-03-17 01:43:00+00:00,67.95999908447266,67.95999908447266,67.93000030517578,67.93000030517578,16.0
2025-03-17 01:44:00+00:00,67.94000244140625,67.95999908447266,67.94000244140625,67.95999908447266,4.0
2025-03-17 01:45:00+00:00,67.94000244140625,67.94000244140625,67.93000030517578,67.93000030517578,2.0
2025-03-17 01:46:00+00:00,67.91999816894531,67.94000244140625,67.91000366210938,67.94000244140625,13.0
2025-03-17 01:47:00+00:00,67.97000122070312,67.97000122070312,67.91999816894531,67.91999816894531,49.0
2025-03-17 01:48:00+00:00,67.97000122070312,67.97000122070312,67.94999694824219,67.97000122070312,46.0
2025-03-17 01:49:00+00:00,67.95999908447266,67.97000122070312,67.95999908447266,67.95999908447266,6.0
2025-03-17 01:50:00+00:00,67.97000122070312,67.97000122070312,67.95999908447266,67.95999908447266,9.0
2025-03-17 01:51:00+00:00,67.9800033569336,67.9800033569336,67.97000122070312,67.97000122070312,27.0
2025-03-17 01:52:00+00:00,67.94000244140625,67.97000122070312,67.94000244140625,67.97000122070312,16.0
2025-03-17 01:53:00+00:00,67.95999908447266,67.95999908447266,67.94999694824219,67.95999908447266,9.0
2025-03-17 01:54:00+00:00,67.94999694824219,67.94999694824219,67.94000244140625,67.94999694824219,10.0
2025-03-17 01:55:00+00:00,67.97000122070312,67.97000122070312,67.93000030517578,67.94999694824219,14.0
2025-03-17 01:56:00+00:00,67.97000122070312,67.97000122070312,67.94999694824219,67.95999908447266,23.0
2025-03-17 01:57:00+00:00,67.97000122070312,67.97000122070312,67.94999694824219,67.94999694824219,15.0
2025-03-17 01:58:00+00:00,67.98999786376953,68.0,67.9800033569336,67.9800033569336,85.0
2025-03-17 01:59:00+00:00,67.9800033569336,67.9800033569336,67.97000122070312,67.9800033569336,18.0
2025-03-17 02:00:00+00:00,67.95999908447266,67.9800033569336,67.94000244140625,67.97000122070312,39.0
2025-03-17 02:01:00+00:00,67.95999908447266,67.9800033569336,67.95999908447266,67.97000122070312,15.0
2025-03-17 02:02:00+00:00,67.91999816894531,67.98999786376953,67.91999816894531,67.97000122070312,43.0
2025-03-17 02:03:00+00:00,67.88999938964844,67.91000366210938,67.87999725341797,67.91000366210938,27.0
2025-03-17 02:04:00+00:00,67.9000015258789,67.93000030517578,67.9000015258789,67.91999816894531,37.0
2025-03-17 02:05:00+00:00,67.91000366210938,67.91000366210938,67.88999938964844,67.9000015258789,7.0
2025-03-17 02:06:00+00:00,67.91000366210938,67.91000366210938,67.87999725341797,67.91000366210938,32.0
2025-03-17 02:07:00+00:00,67.93000030517578,67.93000030517578,67.91000366210938,67.91000366210938,16.0
2025-03-17 02:08:00+00:00,67.91000366210938,67.91999816894531,67.91000366210938,67.91999816894531,7.0
2025-03-17 02:09:00+00:00,67.9000015258789,67.9000015258789,67.88999938964844,67.9000015258789,6.0
2025-03-17 02:10:00+00:00,67.91999816894531,67.91999816894531,67.9000015258789,67.9000015258789,29.0
2025-03-17 02:11:00+00:00,67.91999816894531,67.91999816894531,67.91000366210938,67.91000366210938,53.0
2025-03-17 02:12:00+00:00,67.91000366210938,67.91999816894531,67.91000366210938,67.91000366210938,11.0
2025-03-17 02:13:00+00:00,67.87999725341797,67.91000366210938,67.87000274658203,67.91000366210938,21.0
2025-03-17 02:14:00+00:00,67.87999725341797,67.87999725341797,67.83000183105469,67.86000061035156,146.0
2025-03-17 02:15:00+00:00,67.9000015258789,67.9000015258789,67.9000015258789,67.9000015258789,11.0
2025-03-17 02:16:00+00:00,67.88999938964844,67.9000015258789,67.88999938964844,67.9000015258789,193.0
2025-03-17 02:17:00+00:00,67.91000366210938,67.91000366210938,67.9000015258789,67.9000015258789,9.0
2025-03-17 02:19:00+00:00,67.91999816894531,67.91999816894531,67.91000366210938,67.91000366210938,6.0
2025-03-17 02:20:00+00:00,67.91000366210938,67.91000366210938,67.91000366210938,67.91000366210938,1.0
2025-03-17 02:21:00+00:00,67.88999938964844,67.9000015258789,67.88999938964844,67.9000015258789,8.0
2025-03-17 02:22:00+00:00,67.91000366210938,67.91000366210938,67.87999725341797,67.87999725341797,16.0
2025-03-17 02:23:00+00:00,67.91000366210938,67.91999816894531,67.91000366210938,67.91000366210938,7.0
2025-03-17 02:25:00+00:00,67.9000015258789,67.91000366210938,67.87999725341797,67.9000015258789,36.0
2025-03-17 02:26:00+00:00,67.87999725341797,67.9000015258789,67.87999725341797,67.9000015258789,7.0
2025-03-17 02:27:00+00:00,67.88999938964844,67.88999938964844,67.87999725341797,67.87999725341797,8.0
2025-03-17 02:28:00+00:00,67.88999938964844,67.88999938964844,67.88999938964844,67.88999938964844,3.0
2025-03-17 02:29:00+00:00,67.9000015258789,67.9000015258789,67.9000015258789,67.9000015258789,3.0
2025-03-17 02:30:00+00:00,67.83999633789062,67.9000015258789,67.83999633789062,67.88999938964844,13.0
2025-03-17 02:31:00+00:00,67.8499984741211,67.8499984741211,67.83999633789062,67.8499984741211,7.0
2025-03-17 02:32:00+00:00,67.83999633789062,67.86000061035156,67.83000183105469,67.8499984741211,21.0
2025-03-17 02:33:00+00:00,67.8499984741211,67.8499984741211,67.83999633789062,67.83999633789062,11.0
2025-03-17 02:34:00+00:00,67.86000061035156,67.86000061035156,67.83999633789062,67.83999633789062,12.0
2025-03-17 02:35:00+00:00,67.86000061035156,67.86000061035156,67.86000061035156,67.86000061035156,6.0
2025-03-17 02:36:00+00:00,67.8499984741211,67.8499984741211,67.83999633789062,67.8499984741211,10.0
2025-03-17 02:37:00+00:00,67.83999633789062,67.83999633789062,67.83000183105469,67.83000183105469,10.0
2025-03-17 02:38:00+00:00,67.83999633789062,67.83999633789062,67.83000183105469,67.83000183105469,15.0
2025-03-17 02:40:00+00:00,67.8499984741211,67.86000061035156,67.83999633789062,67.86000061035156,18.0
2025-03-17 02:41:00+00:00,67.83000183105469,67.83999633789062,67.83000183105469,67.83999633789062,55.0
2025-03-17 02:42:00+00:00,67.80000305175781,67.8499984741211,67.80000305175781,67.83999633789062,50.0
2025-03-17 02:43:00+00:00,67.80999755859375,67.80999755859375,67.77999877929688,67.80999755859375,41.0
2025-03-17 02:44:00+00:00,67.81999969482422,67.81999969482422,67.81999969482422,67.81999969482422,15.0
2025-03-17 02:45:00+00:00,67.80999755859375,67.80999755859375,67.80000305175781,67.80999755859375,6.0
2025-03-17 02:46:00+00:00,67.81999969482422,67.81999969482422,67.80999755859375,67.80999755859375,6.0
2025-03-17 02:47:00+00:00,67.77999877929688,67.83000183105469,67.7699966430664,67.83000183105469,38.0
2025-03-17 02:48:00+00:00,67.7300033569336,67.79000091552734,67.7300033569336,67.79000091552734,27.0
2025-03-17 02:49:00+00:00,67.73999786376953,67.76000213623047,67.7300033569336,67.73999786376953,41.0
2025-03-17 02:50:00+00:00,67.75,67.75,67.7300033569336,67.73999786376953,37.0
2025-03-17 02:51:00+00:00,67.75,67.75,67.75,67.75,3.0
2025-03-17 02:52:00+00:00,67.75,67.7699966430664,67.75,67.75,14.0
2025-03-17 02:53:00+00:00,67.7300033569336,67.75,67.7300033569336,67.73999786376953,9.0
2025-03-17 02:54:00+00:00,67.73999786376953,67.73999786376953,67.7300033569336,67.7300033569336,4.0
2025-03-17 02:55:00+00:00,67.7300033569336,67.75,67.7300033569336,67.75,7.0
2025-03-17 02:56:00+00:00,67.70999908447266,67.73999786376953,67.69999694824219,67.7300033569336,56.0
2025-03-17 02:57:00+00:00,67.72000122070312,67.72000122070312,67.70999908447266,67.72000122070312,12.0
2025-03-17 02:58:00+00:00,67.7300033569336,67.7300033569336,67.69999694824219,67.7300033569336,53.0
2025-03-17 02:59:00+00:00,67.70999908447266,67.7300033569336,67.70999908447266,67.7300033569336,4.0
2025-03-17 03:00:00+00:00,67.69999694824219,67.72000122070312,67.69000244140625,67.72000122070312,13.0
2025-03-17 03:01:00+00:00,67.66000366210938,67.69999694824219,67.6500015258789,67.69999694824219,51.0
2025-03-17 03:02:00+00:00,67.63999938964844,67.66000366210938,67.62999725341797,67.66000366210938,52.0
2025-03-17 03:03:00+00:00,67.62999725341797,67.6500015258789,67.62999725341797,67.63999938964844,16.0
2025-03-17 03:04:00+00:00,67.63999938964844,67.63999938964844,67.62999725341797,67.62999725341797,14.0
2025-03-17 03:05:00+00:00,67.62000274658203,67.62999725341797,67.62000274658203,67.62999725341797,33.0
2025-03-17 03:06:00+00:00,67.61000061035156,67.62000274658203,67.61000061035156,67.62000274658203,12.0
2025-03-17 03:07:00+00:00,67.6500015258789,67.6500015258789,67.62000274658203,67.62000274658203,38.0
2025-03-17 03:08:00+00:00,67.6500015258789,67.66000366210938,67.6500015258789,67.66000366210938,4.0
2025-03-17 03:09:00+00:00,67.6500015258789,67.6500015258789,67.6500015258789,67.6500015258789,13.0
2025-03-17 03:10:00+00:00,67.6500015258789,67.66000366210938,67.63999938964844,67.6500015258789,18.0
2025-03-17 03:11:00+00:00,67.62999725341797,67.6500015258789,67.62999725341797,67.6500015258789,30.0
2025-03-17 03:12:00+00:00,67.62999725341797,67.62999725341797,67.62000274658203,67.62999725341797,16.0
2025-03-17 03:13:00+00:00,67.58999633789062,67.62000274658203,67.58000183105469,67.62000274658203,135.0
2025-03-17 03:14:00+00:00,67.5999984741211,67.5999984741211,67.58000183105469,67.58000183105469,18.0
2025-03-17 03:15:00+00:00,67.58999633789062,67.61000061035156,67.58000183105469,67.61000061035156,20.0
2025-03-17 03:16:00+00:00,67.58000183105469,67.58999633789062,67.58000183105469,67.58999633789062,45.0
2025-03-17 03:17:00+00:00,67.58000183105469,67.58000183105469,67.56999969482422,67.58000183105469,34.0
2025-03-17 03:18:00+00:00,67.56999969482422,67.56999969482422,67.55999755859375,67.56999969482422,22.0
2025-03-17 03:19:00+00:00,67.56999969482422,67.56999969482422,67.56999969482422,67.56999969482422,15.0
2025-03-17 03:20:00+00:00,67.58999633789062,67.58999633789062,67.56999969482422,67.56999969482422,15.0
2025-03-17 03:21:00+00:00,67.61000061035156,67.61000061035156,67.58999633789062,67.58999633789062,25.0
2025-03-17 03:22:00+00:00,67.62999725341797,67.63999938964844,67.61000061035156,67.61000061035156,36.0
2025-03-17 03:23:00+00:00,67.62000274658203,67.62999725341797,67.61000061035156,67.62999725341797,31.0
2025-03-17 03:24:00+00:00,67.63999938964844,67.63999938964844,67.62000274658203,67.62000274658203,21.0
2025-03-17 03:25:00+00:00,67.63999938964844,67.63999938964844,67.62999725341797,67.63999938964844,21.0
2025-03-17 03:26:00+00:00,67.66000366210938,67.66000366210938,67.63999938964844,67.63999938964844,16.0
2025-03-17 03:27:00+00:00,67.63999938964844,67.6500015258789,67.63999938964844,67.6500015258789,16.0
2025-03-17 03:29:00+00:00,67.62999725341797,67.62999725341797,67.62999725341797,67.62999725341797,16.0
2025-03-17 03:30:00+00:00,67.58999633789062,67.62999725341797,67.58000183105469,67.62999725341797,61.0
2025-03-17 03:31:00+00:00,67.58000183105469,67.58999633789062,67.56999969482422,67.58000183105469,47.0
2025-03-17 03:32:00+00:00,67.56999969482422,67.56999969482422,67.56999969482422,67.56999969482422,32.0
2025-03-17 03:33:00+00:00,67.54000091552734,67.56999969482422,67.52999877929688,67.56999969482422,102.0
2025-03-17 03:34:00+00:00,67.55000305175781,67.55000305175781,67.5199966430664,67.54000091552734,243.0
2025-03-17 03:35:00+00:00,67.56999969482422,67.56999969482422,67.55999755859375,67.55999755859375,43.0
2025-03-17 03:36:00+00:00,67.58000183105469,67.58000183105469,67.58000183105469,67.58000183105469,10.0
2025-03-17 03:37:00+00:00,67.58000183105469,67.5999984741211,67.58000183105469,67.58000183105469,37.0
2025-03-17 03:38:00+00:00,67.55999755859375,67.58000183105469,67.55999755859375,67.58000183105469,17.0
2025-03-17 03:39:00+00:00,67.55000305175781,67.55999755859375,67.55000305175781,67.55999755859375,4.0
2025-03-17 03:40:00+00:00,67.55000305175781,67.55999755859375,67.54000091552734,67.55999755859375,27.0
2025-03-17 03:41:00+00:00,67.55000305175781,67.55999755859375,67.55000305175781,67.55000305175781,25.0
2025-03-17 03:42:00+00:00,67.56999969482422,67.56999969482422,67.54000091552734,67.54000091552734,29.0
2025-03-17 03:43:00+00:00,67.58000183105469,67.58000183105469,67.56999969482422,67.56999969482422,27.0
2025-03-17 03:44:00+00:00,67.58000183105469,67.58000183105469,67.58000183105469,67.58000183105469,9.0
2025-03-17 03:46:00+00:00,67.5999984741211,67.5999984741211,67.58000183105469,67.58999633789062,15.0
2025-03-17 03:47:00+00:00,67.5999984741211,67.5999984741211,67.58999633789062,67.5999984741211,9.0
2025-03-17 03:48:00+00:00,67.5999984741211,67.5999984741211,67.58999633789062,67.58999633789062,8.0
2025-03-17 03:49:00+00:00,67.58000183105469,67.61000061035156,67.58000183105469,67.61000061035156,90.0
2025-03-17 03:50:00+00:00,67.58000183105469,67.58000183105469,67.56999969482422,67.58000183105469,9.0
2025-03-17 03:53:00+00:00,67.5999984741211,67.5999984741211,67.5999984741211,67.5999984741211,2.0
2025-03-17 03:54:00+00:00,67.5999984741211,67.61000061035156,67.5999984741211,67.61000061035156,4.0
2025-03-17 03:55:00+00:00,67.5999984741211,67.5999984741211,67.5999984741211,67.5999984741211,9.0
2025-03-17 03:56:00+00:00,67.5999984741211,67.5999984741211,67.5999984741211,67.5999984741211,1.0
2025-03-17 03:57:00+00:00,67.61000061035156,67.61000061035156,67.61000061035156,67.61000061035156,9.0
2025-03-17 04:00:00+00:00,67.63999938964844,67.66000366210938,67.61000061035156,67.61000061035156,46.0
2025-03-17 04:02:00+00:00,67.66999816894531,67.66999816894531,67.6500015258789,67.6500015258789,20.0
2025-03-17 04:03:00+00:00,67.68000030517578,67.68000030517578,67.66000366210938,67.68000030517578,48.0
2025-03-17 04:04:00+00:00,67.66999816894531,67.68000030517578,67.66999816894531,67.68000030517578,28.0
2025-03-17 04:05:00+00:00,67.66999816894531,67.66999816894531,67.6500015258789,67.6500015258789,12.0
2025-03-17 04:06:00+00:00,67.66000366210938,67.66999816894531,67.66000366210938,67.66999816894531,11.0
2025-03-17 04:07:00+00:00,67.66000366210938,67.66000366210938,67.66000366210938,67.66000366210938,6.0
2025-03-17 04:08:00+00:00,67.63999938964844,67.66999816894531,67.63999938964844,67.66000366210938,9.0
2025-03-17 04:09:00+00:00,67.6500015258789,67.6500015258789,67.62999725341797,67.62999725341797,13.0
2025-03-17 04:10:00+00:00,67.66000366210938,67.66000366210938,67.6500015258789,67.6500015258789,6.0
2025-03-17 04:11:00+00:00,67.66000366210938,67.66000366210938,67.66000366210938,67.66000366210938,1.0
2025-03-17 04:12:00+00:00,67.66000366210938,67.66999816894531,67.66000366210938,67.66000366210938,37.0
2025-03-17 04:13:00+00:00,67.6500015258789,67.6500015258789,67.6500015258789,67.6500015258789,10.0
2025-03-17 04:15:00+00:00,67.66000366210938,67.66999816894531,67.66000366210938,67.66000366210938,6.0
2025-03-17 04:16:00+00:00,67.66000366210938,67.66000366210938,67.66000366210938,67.66000366210938,4.0
2025-03-17 04:18:00+00:00,67.68000030517578,67.68000030517578,67.66000366210938,67.66000366210938,7.0
2025-03-17 04:19:00+00:00,67.66000366210938,67.66999816894531,67.66000366210938,67.66999816894531,6.0
2025-03-17 04:20:00+00:00,67.66999816894531,67.66999816894531,67.66999816894531,67.66999816894531,3.0
2025-03-17 04:21:00+00:00,67.66999816894531,67.66999816894531,67.66999816894531,67.66999816894531,4.0
2025-03-17 04:22:00+00:00,67.68000030517578,67.69000244140625,67.68000030517578,67.68000030517578,10.0
2025-03-17 04:23:00+00:00,67.69999694824219,67.70999908447266,67.69000244140625,67.69000244140625,18.0
2025-03-17 04:24:00+00:00,67.70999908447266,67.72000122070312,67.69999694824219,67.69999694824219,31.0
2025-03-17 04:25:00+00:00,67.69999694824219,67.70999908447266,67.69999694824219,67.70999908447266,10.0
2025-03-17 04:26:00+00:00,67.69000244140625,67.69999694824219,67.68000030517578,67.69999694824219,9.0
2025-03-17 04:27:00+00:00,67.68000030517578,67.69000244140625,67.68000030517578,67.68000030517578,8.0
2025-03-17 04:28:00+00:00,67.66999816894531,67.66999816894531,67.66999816894531,67.66999816894531,2.0
2025-03-17 04:30:00+00:00,67.69000244140625,67.69000244140625,67.68000030517578,67.68000030517578,5.0
2025-03-17 04:31:00+00:00,67.68000030517578,67.68000030517578,67.68000030517578,67.68000030517578,4.0
2025-03-17 04:34:00+00:00,67.68000030517578,67.68000030517578,67.68000030517578,67.68000030517578,3.0
2025-03-17 04:35:00+00:00,67.66999816894531,67.69000244140625,67.66999816894531,67.69000244140625,14.0
2025-03-17 04:36:00+00:00,67.66999816894531,67.66999816894531,67.66999816894531,67.66999816894531,5.0
2025-03-17 04:37:00+00:00,67.66000366210938,67.66999816894531,67.66000366210938,67.66999816894531,17.0
2025-03-17 04:38:00+00:00,67.69000244140625,67.69000244140625,67.68000030517578,67.68000030517578,12.0
2025-03-17 04:39:00+00:00,67.68000030517578,67.68000030517578,67.68000030517578,67.68000030517578,10.0
2025-03-17 04:41:00+00:00,67.66999816894531,67.66999816894531,67.66999816894531,67.66999816894531,12.0
2025-03-17 04:42:00+00:00,67.66999816894531,67.68000030517578,67.66999816894531,67.66999816894531,12.0
2025-03-17 04:44:00+00:00,67.66999816894531,67.66999816894531,67.6500015258789,67.66999816894531,60.0
2025-03-17 04:48:00+00:00,67.68000030517578,67.68000030517578,67.66999816894531,67.66999816894531,8.0
2025-03-17 04:49:00+00:00,67.69999694824219,67.69999694824219,67.68000030517578,67.68000030517578,7.0
2025-03-17 04:50:00+00:00,67.69999694824219,67.69999694824219,67.69999694824219,67.69999694824219,10.0
2025-03-17 04:52:00+00:00,67.69000244140625,67.69000244140625,67.68000030517578,67.69000244140625,7.0
2025-03-17 04:55:00+00:00,67.69000244140625,67.69000244140625,67.66999816894531,67.68000030517578,7.0
2025-03-17 04:56:00+00:00,67.68000030517578,67.69000244140625,67.68000030517578,67.69000244140625,12.0
2025-03-17 04:57:00+00:00,67.66999816894531,67.66999816894531,67.66000366210938,67.66000366210938,15.0
2025-03-17 05:00:00+00:00,67.69000244140625,67.69999694824219,67.66999816894531,67.66999816894531,24.0
2025-03-17 05:01:00+00:00,67.69000244140625,67.69000244140625,67.69000244140625,67.69000244140625,2.0
2025-03-17 05:02:00+00:00,67.69999694824219,67.70999908447266,67.69999694824219,67.70999908447266,2.0
2025-03-17 05:04:00+00:00,67.70999908447266,67.70999908447266,67.69999694824219,67.69999694824219,6.0
2025-03-17 05:05:00+00:00,67.69000244140625,67.69000244140625,67.69000244140625,67.69000244140625,6.0
2025-03-17 05:10:00+00:00,67.70999908447266,67.70999908447266,67.69000244140625,67.69000244140625,6.0
2025-03-17 05:11:00+00:00,67.70999908447266,67.73999786376953,67.70999908447266,67.72000122070312,21.0
2025-03-17 05:13:00+00:00,67.68000030517578,67.68000030517578,67.68000030517578,67.68000030517578,6.0
2025-03-17 05:16:00+00:00,67.66999816894531,67.69000244140625,67.66999816894531,67.69000244140625,12.0
2025-03-17 05:18:00+00:00,67.68000030517578,67.68000030517578,67.68000030517578,67.68000030517578,5.0
2025-03-17 05:19:00+00:00,67.69000244140625,67.69000244140625,67.66999816894531,67.66999816894531,31.0
2025-03-17 05:22:00+00:00,67.69000244140625,67.69999694824219,67.68000030517578,67.69999694824219,14.0
2025-03-17 05:23:00+00:00,67.68000030517578,67.68000030517578,67.68000030517578,67.68000030517578,2.0
2025-03-17 05:24:00+00:00,67.69000244140625,67.69000244140625,67.68000030517578,67.68000030517578,6.0
2025-03-17 05:26:00+00:00,67.69000244140625,67.69000244140625,67.69000244140625,67.69000244140625,1.0
2025-03-17 05:27:00+00:00,67.69000244140625,67.69999694824219,67.69000244140625,67.69999694824219,3.0
2025-03-17 05:28:00+00:00,67.68000030517578,67.69000244140625,67.68000030517578,67.69000244140625,3.0
2025-03-17 05:29:00+00:00,67.68000030517578,67.69000244140625,67.68000030517578,67.68000030517578,4.0
2025-03-17 05:30:00+00:00,67.68000030517578,67.69999694824219,67.66999816894531,67.68000030517578,39.0
2025-03-17 05:31:00+00:00,67.68000030517578,67.68000030517578,67.68000030517578,67.68000030517578,8.0
2025-03-17 05:32:00+00:00,67.72000122070312,67.72000122070312,67.69000244140625,67.69000244140625,14.0
2025-03-17 05:33:00+00:00,67.72000122070312,67.72000122070312,67.69999694824219,67.70999908447266,14.0
2025-03-17 05:34:00+00:00,67.73999786376953,67.73999786376953,67.72000122070312,67.72000122070312,18.0
2025-03-17 05:35:00+00:00,67.73999786376953,67.76000213623047,67.73999786376953,67.73999786376953,20.0
2025-03-17 05:36:00+00:00,67.7300033569336,67.73999786376953,67.7300033569336,67.73999786376953,8.0
2025-03-17 05:37:00+00:00,67.76000213623047,67.76000213623047,67.73999786376953,67.73999786376953,22.0
2025-03-17 05:38:00+00:00,67.76000213623047,67.7699966430664,67.76000213623047,67.76000213623047,25.0
2025-03-17 05:39:00+00:00,67.76000213623047,67.7699966430664,67.75,67.7699966430664,17.0
2025-03-17 05:40:00+00:00,67.75,67.76000213623047,67.73999786376953,67.75,19.0
2025-03-17 05:41:00+00:00,67.76000213623047,67.76000213623047,67.76000213623047,67.76000213623047,6.0
2025-03-17 05:42:00+00:00,67.7699966430664,67.7699966430664,67.76000213623047,67.76000213623047,17.0
2025-03-17 05:43:00+00:00,67.7699966430664,67.7699966430664,67.76000213623047,67.7699966430664,11.0
2025-03-17 05:44:00+00:00,67.7699966430664,67.79000091552734,67.7699966430664,67.77999877929688,7.0
2025-03-17 05:45:00+00:00,67.76000213623047,67.76000213623047,67.75,67.76000213623047,8.0
2025-03-17 05:46:00+00:00,67.76000213623047,67.7699966430664,67.76000213623047,67.76000213623047,12.0
2025-03-17 05:48:00+00:00,67.76000213623047,67.76000213623047,67.76000213623047,67.76000213623047,4.0
2025-03-17 05:49:00+00:00,67.72000122070312,67.75,67.72000122070312,67.75,119.0
2025-03-17 05:50:00+00:00,67.66999816894531,67.72000122070312,67.66999816894531,67.70999908447266,49.0
2025-03-17 05:51:00+00:00,67.63999938964844,67.66999816894531,67.62999725341797,67.66999816894531,27.0
2025-03-17 05:52:00+00:00,67.63999938964844,67.6500015258789,67.63999938964844,67.63999938964844,7.0
2025-03-17 05:53:00+00:00,67.63999938964844,67.63999938964844,67.62999725341797,67.63999938964844,10.0
2025-03-17 05:54:00+00:00,67.63999938964844,67.63999938964844,67.62999725341797,67.63999938964844,17.0
2025-03-17 05:55:00+00:00,67.63999938964844,67.63999938964844,67.62999725341797,67.62999725341797,20.0
2025-03-17 05:56:00+00:00,67.63999938964844,67.63999938964844,67.63999938964844,67.63999938964844,6.0
2025-03-17 05:57:00+00:00,67.66000366210938,67.66999816894531,67.63999938964844,67.6500015258789,33.0
2025-03-17 05:58:00+00:00,67.6500015258789,67.66000366210938,67.6500015258789,67.66000366210938,9.0
2025-03-17 05:59:00+00:00,67.6500015258789,67.6500015258789,67.6500015258789,67.6500015258789,29.0
2025-03-17 06:00:00+00:00,67.66000366210938,67.66999816894531,67.61000061035156,67.6500015258789,124.0
2025-03-17 06:01:00+00:00,67.6500015258789,67.6500015258789,67.6500015258789,67.6500015258789,5.0
2025-03-17 06:02:00+00:00,67.6500015258789,67.6500015258789,67.6500015258789,67.6500015258789,4.0
2025-03-17 06:04:00+00:00,67.62000274658203,67.62999725341797,67.62000274658203,67.62000274658203,11.0
2025-03-17 06:05:00+00:00,67.62000274658203,67.62999725341797,67.62000274658203,67.62000274658203,5.0
2025-03-17 06:07:00+00:00,67.5999984741211,67.61000061035156,67.5999984741211,67.61000061035156,16.0
2025-03-17 06:09:00+00:00,67.5999984741211,67.5999984741211,67.58000183105469,67.58000183105469,6.0
2025-03-17 06:10:00+00:00,67.5999984741211,67.5999984741211,67.5999984741211,67.5999984741211,6.0
2025-03-17 06:11:00+00:00,67.5999984741211,67.61000061035156,67.5999984741211,67.61000061035156,9.0
2025-03-17 06:12:00+00:00,67.58000183105469,67.5999984741211,67.58000183105469,67.5999984741211,21.0
2025-03-17 06:13:00+00:00,67.61000061035156,67.61000061035156,67.58000183105469,67.58000183105469,19.0
2025-03-17 06:14:00+00:00,67.5999984741211,67.5999984741211,67.5999984741211,67.5999984741211,7.0
2025-03-17 06:15:00+00:00,67.58999633789062,67.58999633789062,67.58999633789062,67.58999633789062,5.0
2025-03-17 06:16:00+00:00,67.5999984741211,67.62000274658203,67.5999984741211,67.61000061035156,6.0
2025-03-17 06:18:00+00:00,67.5999984741211,67.5999984741211,67.5999984741211,67.5999984741211,12.0
2025-03-17 06:19:00+00:00,67.5999984741211,67.5999984741211,67.5999984741211,67.5999984741211,3.0
2025-03-17 06:20:00+00:00,67.56999969482422,67.58999633789062,67.56999969482422,67.58999633789062,5.0
2025-03-17 06:22:00+00:00,67.56999969482422,67.56999969482422,67.55999755859375,67.55999755859375,16.0
2025-03-17 06:25:00+00:00,67.5999984741211,67.5999984741211,67.56999969482422,67.56999969482422,7.0
2025-03-17 06:26:00+00:00,67.61000061035156,67.61000061035156,67.5999984741211,67.5999984741211,12.0
2025-03-17 06:27:00+00:00,67.58000183105469,67.5999984741211,67.58000183105469,67.5999984741211,11.0
2025-03-17 06:28:00+00:00,67.55999755859375,67.56999969482422,67.55999755859375,67.56999969482422,6.0
2025-03-17 06:29:00+00:00,67.55999755859375,67.55999755859375,67.55999755859375,67.55999755859375,2.0
2025-03-17 06:30:00+00:00,67.58000183105469,67.58000183105469,67.56999969482422,67.56999969482422,28.0
2025-03-17 06:32:00+00:00,67.56999969482422,67.58000183105469,67.56999969482422,67.58000183105469,11.0
2025-03-17 06:36:00+00:00,67.58000183105469,67.58000183105469,67.56999969482422,67.56999969482422,15.0
2025-03-17 06:37:00+00:00,67.58000183105469,67.58000183105469,67.56999969482422,67.56999969482422,8.0
2025-03-17 06:38:00+00:00,67.58000183105469,67.58000183105469,67.56999969482422,67.58000183105469,16.0
2025-03-17 06:40:00+00:00,67.58000183105469,67.58000183105469,67.58000183105469,67.58000183105469,2.0
2025-03-17 06:41:00+00:00,67.58000183105469,67.58000183105469,67.56999969482422,67.58000183105469,15.0
2025-03-17 06:42:00+00:00,67.58000183105469,67.58000183105469,67.56999969482422,67.58000183105469,7.0
2025-03-17 06:43:00+00:00,67.58000183105469,67.58000183105469,67.58000183105469,67.58000183105469,1.0
2025-03-17 06:44:00+00:00,67.58000183105469,67.58000183105469,67.56999969482422,67.58000183105469,5.0
2025-03-17 06:45:00+00:00,67.62999725341797,67.62999725341797,67.58999633789062,67.58999633789062,19.0
2025-03-17 06:46:00+00:00,67.62999725341797,67.62999725341797,67.62000274658203,67.62000274658203,23.0
2025-03-17 06:47:00+00:00,67.62999725341797,67.63999938964844,67.62999725341797,67.62999725341797,10.0
2025-03-17 06:48:00+00:00,67.62000274658203,67.62999725341797,67.61000061035156,67.62999725341797,22.0
2025-03-17 06:49:00+00:00,67.62000274658203,67.62000274658203,67.5999984741211,67.61000061035156,22.0
2025-03-17 06:50:00+00:00,67.63999938964844,67.63999938964844,67.63999938964844,67.63999938964844,5.0
2025-03-17 06:51:00+00:00,67.63999938964844,67.63999938964844,67.62000274658203,67.62999725341797,49.0
2025-03-17 06:52:00+00:00,67.6500015258789,67.6500015258789,67.63999938964844,67.6500015258789,21.0
2025-03-17 06:53:00+00:00,67.66000366210938,67.66000366210938,67.63999938964844,67.63999938964844,6.0
2025-03-17 06:54:00+00:00,67.66000366210938,67.66000366210938,67.6500015258789,67.6500015258789,12.0
2025-03-17 06:55:00+00:00,67.69000244140625,67.69000244140625,67.66000366210938,67.66000366210938,25.0
2025-03-17 06:56:00+00:00,67.69999694824219,67.70999908447266,67.69000244140625,67.69999694824219,26.0
2025-03-17 06:57:00+00:00,67.73999786376953,67.73999786376953,67.70999908447266,67.70999908447266,30.0
2025-03-17 06:58:00+00:00,67.69999694824219,67.75,67.69999694824219,67.73999786376953,17.0
2025-03-17 06:59:00+00:00,67.72000122070312,67.72000122070312,67.70999908447266,67.70999908447266,12.0
2025-03-17 07:00:00+00:00,67.73999786376953,67.75,67.72000122070312,67.72000122070312,23.0
2025-03-17 07:01:00+00:00,67.80000305175781,67.80000305175781,67.75,67.76000213623047,38.0
2025-03-17 07:02:00+00:00,67.79000091552734,67.80999755859375,67.79000091552734,67.80000305175781,32.0
2025-03-17 07:03:00+00:00,67.79000091552734,67.79000091552734,67.77999877929688,67.79000091552734,21.0
2025-03-17 07:04:00+00:00,67.77999877929688,67.79000091552734,67.77999877929688,67.79000091552734,26.0
2025-03-17 07:05:00+00:00,67.77999877929688,67.79000091552734,67.7699966430664,67.7699966430664,27.0
2025-03-17 07:06:00+00:00,67.7699966430664,67.7699966430664,67.7699966430664,67.7699966430664,31.0
2025-03-17 07:07:00+00:00,67.7699966430664,67.79000091552734,67.76000213623047,67.76000213623047,45.0
2025-03-17 07:08:00+00:00,67.77999877929688,67.77999877929688,67.7699966430664,67.7699966430664,31.0
2025-03-17 07:09:00+00:00,67.76000213623047,67.77999877929688,67.76000213623047,67.77999877929688,25.0
2025-03-17 07:10:00+00:00,67.76000213623047,67.76000213623047,67.75,67.76000213623047,17.0
2025-03-17 07:11:00+00:00,67.73999786376953,67.7699966430664,67.7300033569336,67.7699966430664,71.0
2025-03-17 07:12:00+00:00,67.73999786376953,67.73999786376953,67.72000122070312,67.73999786376953,10.0
2025-03-17 07:14:00+00:00,67.72000122070312,67.7300033569336,67.72000122070312,67.7300033569336,8.0
2025-03-17 07:15:00+00:00,67.75,67.76000213623047,67.72000122070312,67.7300033569336,39.0
2025-03-17 07:16:00+00:00,67.75,67.76000213623047,67.75,67.76000213623047,8.0
2025-03-17 07:17:00+00:00,67.73999786376953,67.76000213623047,67.73999786376953,67.75,11.0
2025-03-17 07:18:00+00:00,67.7300033569336,67.76000213623047,67.7300033569336,67.75,39.0
2025-03-17 07:19:00+00:00,67.7300033569336,67.73999786376953,67.72000122070312,67.73999786376953,18.0
2025-03-17 07:20:00+00:00,67.70999908447266,67.7300033569336,67.69999694824219,67.7300033569336,59.0
2025-03-17 07:21:00+00:00,67.68000030517578,67.69999694824219,67.66000366210938,67.69999694824219,200.0
2025-03-17 07:22:00+00:00,67.66000366210938,67.66999816894531,67.66000366210938,67.66999816894531,10.0
2025-03-17 07:23:00+00:00,67.69000244140625,67.70999908447266,67.66000366210938,67.66000366210938,28.0
2025-03-17 07:24:00+00:00,67.69999694824219,67.69999694824219,67.68000030517578,67.68000030517578,36.0
2025-03-17 07:25:00+00:00,67.69000244140625,67.69000244140625,67.68000030517578,67.69000244140625,10.0
2025-03-17 07:26:00+00:00,67.70999908447266,67.70999908447266,67.69000244140625,67.69999694824219,45.0
2025-03-17 07:27:00+00:00,67.72000122070312,67.72000122070312,67.69999694824219,67.69999694824219,25.0
2025-03-17 07:28:00+00:00,67.69999694824219,67.70999908447266,67.69000244140625,67.70999908447266,26.0
2025-03-17 07:29:00+00:00,67.69000244140625,67.69999694824219,67.69000244140625,67.69999694824219,5.0
2025-03-17 07:30:00+00:00,67.68000030517578,67.68000030517578,67.68000030517578,67.68000030517578,7.0
2025-03-17 07:39:00+00:00,67.72000122070312,67.7300033569336,67.69999694824219,67.72000122070312,215.0
2025-03-17 07:40:00+00:00,67.70999908447266,67.7300033569336,67.70999908447266,67.7300033569336,23.0
2025-03-17 07:41:00+00:00,67.7300033569336,67.7300033569336,67.72000122070312,67.72000122070312,13.0
2025-03-17 07:42:00+00:00,67.73999786376953,67.75,67.7300033569336,67.73999786376953,21.0
2025-03-17 07:43:00+00:00,67.75,67.75,67.73999786376953,67.73999786376953,7.0
2025-03-17 07:44:00+00:00,67.7300033569336,67.75,67.7300033569336,67.75,17.0
2025-03-17 07:45:00+00:00,67.69999694824219,67.7300033569336,67.69999694824219,67.7300033569336,18.0
2025-03-17 07:47:00+00:00,67.70999908447266,67.7300033569336,67.70999908447266,67.70999908447266,10.0
2025-03-17 07:49:00+00:00,67.72000122070312,67.7300033569336,67.70999908447266,67.70999908447266,10.0
2025-03-17 07:50:00+00:00,67.75,67.75,67.72000122070312,67.72000122070312,41.0
2025-03-17 07:51:00+00:00,67.75,67.75,67.75,67.75,2.0
2025-03-17 07:53:00+00:00,67.70999908447266,67.70999908447266,67.69999694824219,67.70999908447266,49.0
2025-03-17 07:54:00+00:00,67.77999877929688,67.77999877929688,67.72000122070312,67.72000122070312,80.0
2025-03-17 07:55:00+00:00,67.76000213623047,67.77999877929688,67.76000213623047,67.77999877929688,15.0
2025-03-17 07:56:00+00:00,67.7300033569336,67.75,67.7300033569336,67.75,19.0
2025-03-17 07:57:00+00:00,67.72000122070312,67.73999786376953,67.72000122070312,67.72000122070312,39.0
2025-03-17 07:58:00+00:00,67.72000122070312,67.72000122070312,67.69999694824219,67.70999908447266,11.0
2025-03-17 07:59:00+00:00,67.73999786376953,67.75,67.7300033569336,67.73999786376953,20.0
2025-03-17 08:00:00+00:00,67.75,67.76000213623047,67.69000244140625,67.73999786376953,100.0
2025-03-17 08:01:00+00:00,67.73999786376953,67.75,67.72000122070312,67.73999786376953,35.0
2025-03-17 08:02:00+00:00,67.76000213623047,67.76000213623047,67.73999786376953,67.73999786376953,14.0
2025-03-17 08:03:00+00:00,67.77999877929688,67.79000091552734,67.76000213623047,67.7699966430664,65.0
2025-03-17 08:04:00+00:00,67.7300033569336,67.77999877929688,67.7300033569336,67.77999877929688,223.0
2025-03-17 08:05:00+00:00,67.76000213623047,67.7699966430664,67.73999786376953,67.73999786376953,59.0
2025-03-17 08:06:00+00:00,67.76000213623047,67.76000213623047,67.76000213623047,67.76000213623047,10.0
2025-03-17 08:07:00+00:00,67.76000213623047,67.77999877929688,67.76000213623047,67.7699966430664,14.0
2025-03-17 08:08:00+00:00,67.75,67.76000213623047,67.75,67.76000213623047,10.0
2025-03-17 08:09:00+00:00,67.72000122070312,67.7300033569336,67.70999908447266,67.7300033569336,125.0
2025-03-17 08:10:00+00:00,67.69999694824219,67.72000122070312,67.68000030517578,67.72000122070312,35.0
2025-03-17 08:11:00+00:00,67.7300033569336,67.7300033569336,67.68000030517578,67.70999908447266,377.0
2025-03-17 08:12:00+00:00,67.75,67.75,67.70999908447266,67.72000122070312,77.0
2025-03-17 08:13:00+00:00,67.70999908447266,67.75,67.70999908447266,67.75,33.0
2025-03-17 08:14:00+00:00,67.73999786376953,67.75,67.69999694824219,67.69999694824219,25.0
2025-03-17 08:15:00+00:00,67.73999786376953,67.75,67.7300033569336,67.73999786376953,35.0
2025-03-17 08:16:00+00:00,67.69000244140625,67.72000122070312,67.69000244140625,67.72000122070312,34.0
2025-03-17 08:17:00+00:00,67.69999694824219,67.69999694824219,67.68000030517578,67.68000030517578,24.0
2025-03-17 08:18:00+00:00,67.62000274658203,67.66999816894531,67.62000274658203,67.66999816894531,294.0
2025-03-17 08:19:00+00:00,67.58000183105469,67.62000274658203,67.58000183105469,67.62000274658203,86.0
2025-03-17 08:20:00+00:00,67.62999725341797,67.62999725341797,67.58000183105469,67.58999633789062,90.0
2025-03-17 08:21:00+00:00,67.62000274658203,67.63999938964844,67.62000274658203,67.63999938964844,20.0
2025-03-17 08:22:00+00:00,67.5999984741211,67.62000274658203,67.5999984741211,67.62000274658203,127.0
2025-03-17 08:23:00+00:00,67.5999984741211,67.5999984741211,67.58000183105469,67.58999633789062,48.0
2025-03-17 08:24:00+00:00,67.58999633789062,67.5999984741211,67.58000183105469,67.5999984741211,130.0
2025-03-17 08:25:00+00:00,67.5999984741211,67.61000061035156,67.58000183105469,67.58999633789062,251.0
2025-03-17 08:26:00+00:00,67.61000061035156,67.61000061035156,67.58999633789062,67.61000061035156,17.0
2025-03-17 08:27:00+00:00,67.58000183105469,67.61000061035156,67.58000183105469,67.61000061035156,40.0
2025-03-17 08:28:00+00:00,67.55999755859375,67.58999633789062,67.55000305175781,67.58000183105469,95.0
2025-03-17 08:29:00+00:00,67.62999725341797,67.62999725341797,67.55000305175781,67.55999755859375,293.0
2025-03-17 08:30:00+00:00,67.62000274658203,67.62999725341797,67.58000183105469,67.62999725341797,149.0
2025-03-17 08:31:00+00:00,67.5999984741211,67.62999725341797,67.58000183105469,67.62999725341797,634.0
2025-03-17 08:32:00+00:00,67.61000061035156,67.63999938964844,67.5999984741211,67.62000274658203,48.0
2025-03-17 08:33:00+00:00,67.5999984741211,67.5999984741211,67.58000183105469,67.5999984741211,89.0
2025-03-17 08:34:00+00:00,67.56999969482422,67.5999984741211,67.56999969482422,67.58999633789062,65.0
2025-03-17 08:35:00+00:00,67.58000183105469,67.58999633789062,67.56999969482422,67.56999969482422,28.0
2025-03-17 08:36:00+00:00,67.68000030517578,67.69000244140625,67.58000183105469,67.58999633789062,92.0
2025-03-17 08:37:00+00:00,67.66000366210938,67.66999816894531,67.6500015258789,67.66999816894531,29.0
2025-03-17 08:38:00+00:00,67.72000122070312,67.7300033569336,67.66000366210938,67.66000366210938,251.0
2025-03-17 08:39:00+00:00,67.75,67.76000213623047,67.7300033569336,67.7300033569336,58.0
2025-03-17 08:40:00+00:00,67.72000122070312,67.75,67.69999694824219,67.73999786376953,82.0
2025-03-17 08:41:00+00:00,67.69999694824219,67.70999908447266,67.69000244140625,67.70999908447266,18.0
2025-03-17 08:42:00+00:00,67.70999908447266,67.70999908447266,67.69000244140625,67.69999694824219,26.0
2025-03-17 08:43:00+00:00,67.69000244140625,67.70999908447266,67.69000244140625,67.70999908447266,31.0
2025-03-17 08:44:00+00:00,67.72000122070312,67.72000122070312,67.69999694824219,67.69999694824219,43.0
2025-03-17 08:45:00+00:00,67.7300033569336,67.73999786376953,67.72000122070312,67.7300033569336,23.0
2025-03-17 08:46:00+00:00,67.75,67.75,67.70999908447266,67.7300033569336,53.0
2025-03-17 08:47:00+00:00,67.76000213623047,67.77999877929688,67.75,67.75,132.0
2025-03-17 08:48:00+00:00,67.79000091552734,67.80000305175781,67.76000213623047,67.76000213623047,74.0
2025-03-17 08:49:00+00:00,67.80000305175781,67.80999755859375,67.79000091552734,67.79000091552734,153.0
2025-03-17 08:50:00+00:00,67.76000213623047,67.80000305175781,67.76000213623047,67.80000305175781,173.0
2025-03-17 08:51:00+00:00,67.70999908447266,67.7699966430664,67.69999694824219,67.76000213623047,58.0
2025-03-17 08:52:00+00:00,67.7300033569336,67.76000213623047,67.72000122070312,67.72000122070312,41.0
2025-03-17 08:53:00+00:00,67.75,67.77999877929688,67.73999786376953,67.73999786376953,109.0
2025-03-17 08:54:00+00:00,67.75,67.80000305175781,67.75,67.76000213623047,127.0
2025-03-17 08:55:00+00:00,67.7699966430664,67.7699966430664,67.7699966430664,67.7699966430664,17.0
2025-03-17 08:56:00+00:00,67.7699966430664,67.77999877929688,67.76000213623047,67.76000213623047,30.0
2025-03-17 08:57:00+00:00,67.76000213623047,67.79000091552734,67.76000213623047,67.7699966430664,83.0
2025-03-17 08:58:00+00:00,67.75,67.7699966430664,67.73999786376953,67.7699966430664,22.0
2025-03-17 08:59:00+00:00,67.73999786376953,67.77999877929688,67.73999786376953,67.73999786376953,34.0
2025-03-17 09:00:00+00:00,67.7699966430664,67.77999877929688,67.72000122070312,67.73999786376953,76.0
2025-03-17 09:01:00+00:00,67.75,67.77999877929688,67.75,67.7699966430664,21.0
2025-03-17 09:02:00+00:00,67.76000213623047,67.7699966430664,67.73999786376953,67.73999786376953,21.0
2025-03-17 09:03:00+00:00,67.76000213623047,67.76000213623047,67.73999786376953,67.73999786376953,11.0
2025-03-17 09:04:00+00:00,67.73999786376953,67.75,67.7300033569336,67.75,20.0
2025-03-17 09:05:00+00:00,67.6500015258789,67.76000213623047,67.6500015258789,67.75,60.0
2025-03-17 09:06:00+00:00,67.73999786376953,67.75,67.66000366210938,67.66000366210938,43.0
2025-03-17 09:07:00+00:00,67.76000213623047,67.76000213623047,67.73999786376953,67.75,16.0
2025-03-17 09:08:00+00:00,67.77999877929688,67.77999877929688,67.7699966430664,67.7699966430664,13.0
2025-03-17 09:09:00+00:00,67.80999755859375,67.81999969482422,67.73999786376953,67.7699966430664,149.0
2025-03-17 09:10:00+00:00,67.83000183105469,67.83000183105469,67.80999755859375,67.81999969482422,24.0
2025-03-17 09:11:00+00:00,67.83000183105469,67.8499984741211,67.81999969482422,67.83000183105469,54.0
2025-03-17 09:12:00+00:00,67.8499984741211,67.8499984741211,67.81999969482422,67.83000183105469,28.0
2025-03-17 09:13:00+00:00,67.86000061035156,67.87999725341797,67.83000183105469,67.8499984741211,126.0
2025-03-17 09:14:00+00:00,67.87999725341797,67.87999725341797,67.8499984741211,67.87000274658203,66.0
2025-03-17 09:15:00+00:00,67.88999938964844,67.91000366210938,67.87000274658203,67.87999725341797,83.0
2025-03-17 09:16:00+00:00,67.87999725341797,67.87999725341797,67.86000061035156,67.87999725341797,35.0
2025-03-17 09:17:00+00:00,67.87999725341797,67.88999938964844,67.87000274658203,67.87999725341797,34.0
2025-03-17 09:18:00+00:00,67.88999938964844,67.9000015258789,67.87000274658203,67.87999725341797,71.0
2025-03-17 09:19:00+00:00,67.9000015258789,67.91000366210938,67.87000274658203,67.88999938964844,76.0
2025-03-17 09:20:00+00:00,67.91000366210938,67.91999816894531,67.88999938964844,67.9000015258789,39.0
2025-03-17 09:22:00+00:00,67.87999725341797,67.9000015258789,67.87999725341797,67.9000015258789,23.0
2025-03-17 09:23:00+00:00,67.87000274658203,67.87999725341797,67.87000274658203,67.87999725341797,49.0
2025-03-17 09:24:00+00:00,67.88999938964844,67.88999938964844,67.87999725341797,67.87999725341797,18.0
2025-03-17 09:25:00+00:00,67.87999725341797,67.88999938964844,67.87000274658203,67.88999938964844,34.0
2025-03-17 09:26:00+00:00,67.88999938964844,67.88999938964844,67.86000061035156,67.87999725341797,414.0
2025-03-17 09:27:00+00:00,67.87999725341797,67.88999938964844,67.87000274658203,67.88999938964844,12.0
2025-03-17 09:28:00+00:00,67.9000015258789,67.9000015258789,67.87999725341797,67.87999725341797,21.0
2025-03-17 09:29:00+00:00,67.9000015258789,67.91000366210938,67.88999938964844,67.9000015258789,69.0
2025-03-17 09:30:00+00:00,67.91000366210938,67.91000366210938,67.91000366210938,67.91000366210938,31.0
2025-03-17 09:31:00+00:00,67.91000366210938,67.93000030517578,67.9000015258789,67.91000366210938,76.0
2025-03-17 09:32:00+00:00,67.94000244140625,67.94000244140625,67.91000366210938,67.91000366210938,39.0
2025-03-17 09:33:00+00:00,67.91999816894531,67.94000244140625,67.91999816894531,67.94000244140625,44.0
2025-03-17 09:34:00+00:00,67.91000366210938,67.93000030517578,67.88999938964844,67.93000030517578,20.0
2025-03-17 09:35:00+00:00,67.88999938964844,67.91999816894531,67.87999725341797,67.9000015258789,52.0
2025-03-17 09:36:00+00:00,67.87999725341797,67.88999938964844,67.87999725341797,67.88999938964844,52.0
2025-03-17 09:37:00+00:00,67.8499984741211,67.88999938964844,67.83999633789062,67.88999938964844,40.0
2025-03-17 09:38:00+00:00,67.86000061035156,67.86000061035156,67.83999633789062,67.83999633789062,26.0
2025-03-17 09:39:00+00:00,67.80000305175781,67.87000274658203,67.79000091552734,67.87000274658203,113.0
2025-03-17 09:40:00+00:00,67.79000091552734,67.80000305175781,67.76000213623047,67.80000305175781,169.0
2025-03-17 09:41:00+00:00,67.83000183105469,67.83000183105469,67.79000091552734,67.80000305175781,27.0
2025-03-17 09:42:00+00:00,67.80000305175781,67.83999633789062,67.79000091552734,67.83999633789062,38.0
2025-03-17 09:43:00+00:00,67.79000091552734,67.80999755859375,67.7699966430664,67.80999755859375,63.0
2025-03-17 09:44:00+00:00,67.80000305175781,67.80999755859375,67.77999877929688,67.79000091552734,33.0
2025-03-17 09:45:00+00:00,67.80999755859375,67.80999755859375,67.76000213623047,67.80000305175781,68.0
2025-03-17 09:46:00+00:00,67.7699966430664,67.83000183105469,67.7699966430664,67.83000183105469,66.0
2025-03-17 09:47:00+00:00,67.80000305175781,67.80999755859375,67.79000091552734,67.79000091552734,44.0
2025-03-17 09:48:00+00:00,67.79000091552734,67.81999969482422,67.7699966430664,67.80999755859375,81.0
2025-03-17 09:49:00+00:00,67.80000305175781,67.80000305175781,67.79000091552734,67.79000091552734,18.0
2025-03-17 09:50:00+00:00,67.77999877929688,67.80000305175781,67.77999877929688,67.79000091552734,50.0
2025-03-17 09:51:00+00:00,67.80000305175781,67.80000305175781,67.75,67.77999877929688,62.0
2025-03-17 09:52:00+00:00,67.79000091552734,67.80000305175781,67.77999877929688,67.80000305175781,43.0
2025-03-17 09:53:00+00:00,67.79000091552734,67.79000091552734,67.7699966430664,67.77999877929688,25.0
2025-03-17 09:54:00+00:00,67.80999755859375,67.80999755859375,67.79000091552734,67.80000305175781,12.0
2025-03-17 09:55:00+00:00,67.81999969482422,67.81999969482422,67.80000305175781,67.80000305175781,18.0
2025-03-17 09:56:00+00:00,67.81999969482422,67.8499984741211,67.80999755859375,67.81999969482422,90.0
2025-03-17 09:57:00+00:00,67.80000305175781,67.83000183105469,67.79000091552734,67.81999969482422,228.0
2025-03-17 09:58:00+00:00,67.87000274658203,67.87000274658203,67.80000305175781,67.80000305175781,74.0
2025-03-17 09:59:00+00:00,67.87000274658203,67.87000274658203,67.83999633789062,67.87000274658203,80.0
2025-03-17 10:00:00+00:00,67.86000061035156,67.88999938964844,67.86000061035156,67.87000274658203,48.0
2025-03-17 10:01:00+00:00,67.83999633789062,67.86000061035156,67.83000183105469,67.8499984741211,23.0
2025-03-17 10:02:00+00:00,67.81999969482422,67.83000183105469,67.81999969482422,67.81999969482422,26.0
2025-03-17 10:03:00+00:00,67.79000091552734,67.80999755859375,67.79000091552734,67.80999755859375,56.0
2025-03-17 10:04:00+00:00,67.76000213623047,67.80000305175781,67.76000213623047,67.77999877929688,179.0
2025-03-17 10:05:00+00:00,67.7699966430664,67.77999877929688,67.75,67.76000213623047,51.0
2025-03-17 10:06:00+00:00,67.80000305175781,67.80000305175781,67.76000213623047,67.77999877929688,37.0
2025-03-17 10:07:00+00:00,67.80000305175781,67.80999755859375,67.79000091552734,67.80000305175781,33.0
2025-03-17 10:08:00+00:00,67.79000091552734,67.79000091552734,67.77999877929688,67.77999877929688,24.0
2025-03-17 10:09:00+00:00,67.77999877929688,67.79000091552734,67.77999877929688,67.79000091552734,23.0
2025-03-17 10:10:00+00:00,67.81999969482422,67.81999969482422,67.77999877929688,67.79000091552734,27.0
2025-03-17 10:11:00+00:00,67.86000061035156,67.87000274658203,67.81999969482422,67.81999969482422,328.0
2025-03-17 10:12:00+00:00,67.83999633789062,67.87000274658203,67.83999633789062,67.87000274658203,57.0
2025-03-17 10:13:00+00:00,67.86000061035156,67.86000061035156,67.83000183105469,67.83000183105469,29.0
2025-03-17 10:14:00+00:00,67.88999938964844,67.88999938964844,67.86000061035156,67.86000061035156,50.0
2025-03-17 10:15:00+00:00,67.88999938964844,67.9000015258789,67.87999725341797,67.88999938964844,114.0
2025-03-17 10:16:00+00:00,67.87000274658203,67.87999725341797,67.87000274658203,67.87999725341797,18.0
2025-03-17 10:17:00+00:00,67.87000274658203,67.87000274658203,67.86000061035156,67.86000061035156,14.0
2025-03-17 10:18:00+00:00,67.9000015258789,67.91000366210938,67.87999725341797,67.87999725341797,21.0
2025-03-17 10:19:00+00:00,67.87999725341797,67.9000015258789,67.87999725341797,67.88999938964844,18.0
2025-03-17 10:20:00+00:00,67.87000274658203,67.87999725341797,67.87000274658203,67.87999725341797,25.0
2025-03-17 10:21:00+00:00,67.87000274658203,67.87999725341797,67.87000274658203,67.87000274658203,18.0
2025-03-17 10:22:00+00:00,67.9000015258789,67.9000015258789,67.86000061035156,67.86000061035156,21.0
2025-03-17 10:23:00+00:00,67.87000274658203,67.88999938964844,67.87000274658203,67.88999938964844,11.0
2025-03-17 10:24:00+00:00,67.80000305175781,67.87000274658203,67.80000305175781,67.87000274658203,51.0
2025-03-17 10:25:00+00:00,67.81999969482422,67.83999633789062,67.80000305175781,67.80000305175781,41.0
2025-03-17 10:26:00+00:00,67.81999969482422,67.83000183105469,67.80999755859375,67.83000183105469,20.0
2025-03-17 10:27:00+00:00,67.83999633789062,67.83999633789062,67.83000183105469,67.83000183105469,6.0
2025-03-17 10:28:00+00:00,67.81999969482422,67.8499984741211,67.81999969482422,67.8499984741211,15.0
2025-03-17 10:29:00+00:00,67.81999969482422,67.81999969482422,67.80999755859375,67.81999969482422,42.0
2025-03-17 10:30:00+00:00,67.80999755859375,67.83000183105469,67.80999755859375,67.83000183105469,9.0
2025-03-17 10:31:00+00:00,67.80000305175781,67.80999755859375,67.79000091552734,67.80999755859375,49.0
2025-03-17 10:32:00+00:00,67.80999755859375,67.80999755859375,67.79000091552734,67.80999755859375,29.0
2025-03-17 10:33:00+00:00,67.81999969482422,67.83000183105469,67.80000305175781,67.80000305175781,40.0
2025-03-17 10:34:00+00:00,67.83000183105469,67.83999633789062,67.81999969482422,67.83000183105469,37.0
2025-03-17 10:35:00+00:00,67.80999755859375,67.83999633789062,67.80000305175781,67.83000183105469,428.0
2025-03-17 10:36:00+00:00,67.86000061035156,67.86000061035156,67.80999755859375,67.81999969482422,24.0
2025-03-17 10:37:00+00:00,67.87000274658203,67.87000274658203,67.87000274658203,67.87000274658203,4.0
2025-03-17 10:39:00+00:00,67.87999725341797,67.87999725341797,67.87000274658203,67.87000274658203,59.0
2025-03-17 10:40:00+00:00,67.87999725341797,67.88999938964844,67.86000061035156,67.88999938964844,26.0
2025-03-17 10:41:00+00:00,67.87999725341797,67.91000366210938,67.87999725341797,67.87999725341797,31.0
2025-03-17 10:42:00+00:00,67.95999908447266,67.97000122070312,67.88999938964844,67.88999938964844,497.0
2025-03-17 10:43:00+00:00,68.01000213623047,68.01000213623047,67.95999908447266,67.95999908447266,114.0
2025-03-17 10:44:00+00:00,67.98999786376953,67.98999786376953,67.9800033569336,67.98999786376953,54.0
2025-03-17 10:45:00+00:00,68.01000213623047,68.0199966430664,67.98999786376953,67.98999786376953,62.0
2025-03-17 10:46:00+00:00,68.04000091552734,68.04000091552734,68.0,68.01000213623047,73.0
2025-03-17 10:47:00+00:00,68.01000213623047,68.04000091552734,68.01000213623047,68.02999877929688,45.0
2025-03-17 10:48:00+00:00,68.04000091552734,68.04000091552734,67.9800033569336,68.0,123.0
2025-03-17 10:49:00+00:00,68.04000091552734,68.06999969482422,68.0199966430664,68.02999877929688,154.0
2025-03-17 10:50:00+00:00,68.0,68.02999877929688,68.0,68.02999877929688,79.0
2025-03-17 10:51:00+00:00,68.01000213623047,68.02999877929688,68.01000213623047,68.01000213623047,22.0
2025-03-17 10:52:00+00:00,68.0199966430664,68.02999877929688,68.01000213623047,68.01000213623047,39.0
2025-03-17 10:53:00+00:00,68.01000213623047,68.0199966430664,68.01000213623047,68.0199966430664,15.0
2025-03-17 10:54:00+00:00,68.01000213623047,68.04000091552734,68.01000213623047,68.01000213623047,42.0
2025-03-17 10:55:00+00:00,68.0199966430664,68.0199966430664,68.01000213623047,68.01000213623047,9.0
2025-03-17 10:56:00+00:00,68.02999877929688,68.02999877929688,68.01000213623047,68.01000213623047,223.0
2025-03-17 10:57:00+00:00,68.05999755859375,68.06999969482422,68.02999877929688,68.02999877929688,74.0
2025-03-17 10:58:00+00:00,68.04000091552734,68.05999755859375,68.02999877929688,68.05999755859375,66.0
2025-03-17 10:59:00+00:00,68.05000305175781,68.05000305175781,68.04000091552734,68.05000305175781,34.0
2025-03-17 11:00:00+00:00,68.06999969482422,68.06999969482422,68.04000091552734,68.04000091552734,69.0
2025-03-17 11:01:00+00:00,68.06999969482422,68.08000183105469,68.05999755859375,68.06999969482422,427.0
2025-03-17 11:02:00+00:00,68.06999969482422,68.06999969482422,68.05999755859375,68.06999969482422,32.0
2025-03-17 11:03:00+00:00,68.05999755859375,68.06999969482422,68.05000305175781,68.06999969482422,41.0
2025-03-17 11:04:00+00:00,68.05999755859375,68.0999984741211,68.05999755859375,68.05999755859375,180.0
2025-03-17 11:05:00+00:00,68.01000213623047,68.05999755859375,68.01000213623047,68.05000305175781,35.0
2025-03-17 11:06:00+00:00,68.05000305175781,68.05999755859375,68.0199966430664,68.0199966430664,36.0
2025-03-17 11:07:00+00:00,68.04000091552734,68.05000305175781,68.02999877929688,68.05000305175781,27.0
2025-03-17 11:08:00+00:00,68.04000091552734,68.05999755859375,68.02999877929688,68.02999877929688,87.0
2025-03-17 11:09:00+00:00,68.04000091552734,68.04000091552734,68.04000091552734,68.04000091552734,13.0
2025-03-17 11:10:00+00:00,68.01000213623047,68.04000091552734,67.98999786376953,68.04000091552734,73.0
2025-03-17 11:11:00+00:00,68.02999877929688,68.02999877929688,68.0199966430664,68.0199966430664,10.0
2025-03-17 11:12:00+00:00,68.0199966430664,68.05000305175781,68.0199966430664,68.02999877929688,76.0
2025-03-17 11:13:00+00:00,68.0199966430664,68.0199966430664,68.01000213623047,68.0199966430664,140.0
2025-03-17 11:14:00+00:00,68.06999969482422,68.06999969482422,68.02999877929688,68.02999877929688,112.0
2025-03-17 11:15:00+00:00,68.0999984741211,68.13999938964844,68.06999969482422,68.08000183105469,156.0
2025-03-17 11:16:00+00:00,68.11000061035156,68.12999725341797,68.11000061035156,68.11000061035156,54.0
2025-03-17 11:17:00+00:00,68.12000274658203,68.13999938964844,68.0999984741211,68.11000061035156,527.0
2025-03-17 11:18:00+00:00,68.12000274658203,68.12000274658203,68.11000061035156,68.11000061035156,184.0
2025-03-17 11:19:00+00:00,68.11000061035156,68.12000274658203,68.11000061035156,68.12000274658203,26.0
2025-03-17 11:20:00+00:00,68.08999633789062,68.0999984741211,68.08000183105469,68.0999984741211,36.0
2025-03-17 11:21:00+00:00,68.0999984741211,68.0999984741211,68.08999633789062,68.08999633789062,48.0
2025-03-17 11:22:00+00:00,68.08999633789062,68.0999984741211,68.06999969482422,68.08000183105469,851.0
2025-03-17 11:23:00+00:00,68.0999984741211,68.0999984741211,68.0999984741211,68.0999984741211,20.0
2025-03-17 11:24:00+00:00,68.11000061035156,68.12999725341797,68.11000061035156,68.11000061035156,35.0
2025-03-17 11:25:00+00:00,68.12000274658203,68.12999725341797,68.0999984741211,68.0999984741211,95.0
2025-03-17 11:26:00+00:00,68.13999938964844,68.13999938964844,68.12000274658203,68.12000274658203,59.0
2025-03-17 11:27:00+00:00,68.13999938964844,68.1500015258789,68.12999725341797,68.13999938964844,146.0
2025-03-17 11:28:00+00:00,68.12999725341797,68.13999938964844,68.12000274658203,68.13999938964844,49.0
2025-03-17 11:29:00+00:00,68.12000274658203,68.12999725341797,68.11000061035156,68.12000274658203,157.0
2025-03-17 11:30:00+00:00,68.1500015258789,68.1500015258789,68.11000061035156,68.12000274658203,389.0
2025-03-17 11:31:00+00:00,68.1500015258789,68.16000366210938,68.1500015258789,68.1500015258789,176.0
2025-03-17 11:32:00+00:00,68.13999938964844,68.16000366210938,68.13999938964844,68.16000366210938,61.0
2025-03-17 11:33:00+00:00,68.12999725341797,68.13999938964844,68.11000061035156,68.13999938964844,91.0
2025-03-17 11:34:00+00:00,68.12000274658203,68.12999725341797,68.12000274658203,68.12999725341797,36.0
2025-03-17 11:35:00+00:00,68.12000274658203,68.12999725341797,68.08000183105469,68.12999725341797,141.0
2025-03-17 11:36:00+00:00,68.12000274658203,68.12000274658203,68.12000274658203,68.12000274658203,22.0
2025-03-17 11:37:00+00:00,68.12000274658203,68.12999725341797,68.12000274658203,68.12999725341797,32.0
2025-03-17 11:38:00+00:00,68.11000061035156,68.12999725341797,68.11000061035156,68.12999725341797,14.0
2025-03-17 11:39:00+00:00,68.0999984741211,68.11000061035156,68.08999633789062,68.11000061035156,39.0
2025-03-17 11:40:00+00:00,68.11000061035156,68.11000061035156,68.0999984741211,68.0999984741211,82.0
2025-03-17 11:41:00+00:00,68.0999984741211,68.12000274658203,68.0999984741211,68.11000061035156,62.0
2025-03-17 11:42:00+00:00,68.12000274658203,68.12000274658203,68.0999984741211,68.11000061035156,30.0
2025-03-17 11:43:00+00:00,68.11000061035156,68.12000274658203,68.11000061035156,68.12000274658203,16.0
2025-03-17 11:44:00+00:00,68.12000274658203,68.12000274658203,68.11000061035156,68.11000061035156,13.0
2025-03-17 11:45:00+00:00,68.11000061035156,68.12000274658203,68.11000061035156,68.12000274658203,87.0
2025-03-17 11:46:00+00:00,68.13999938964844,68.13999938964844,68.12000274658203,68.12000274658203,63.0
2025-03-17 11:47:00+00:00,68.18000030517578,68.18000030517578,68.13999938964844,68.13999938964844,195.0
2025-03-17 11:48:00+00:00,68.1500015258789,68.16999816894531,68.13999938964844,68.16999816894531,67.0
2025-03-17 11:49:00+00:00,68.1500015258789,68.1500015258789,68.1500015258789,68.1500015258789,27.0
2025-03-17 11:50:00+00:00,68.13999938964844,68.16000366210938,68.12000274658203,68.1500015258789,69.0
2025-03-17 11:51:00+00:00,68.1500015258789,68.1500015258789,68.13999938964844,68.13999938964844,42.0
2025-03-17 11:52:00+00:00,68.12999725341797,68.13999938964844,68.12999725341797,68.13999938964844,33.0
2025-03-17 11:53:00+00:00,68.12000274658203,68.12999725341797,68.12000274658203,68.12000274658203,22.0
2025-03-17 11:54:00+00:00,68.12000274658203,68.12999725341797,68.12000274658203,68.12000274658203,36.0
2025-03-17 11:55:00+00:00,68.0999984741211,68.12000274658203,68.0999984741211,68.12000274658203,64.0
2025-03-17 11:56:00+00:00,68.0999984741211,68.11000061035156,68.08999633789062,68.08999633789062,153.0
2025-03-17 11:57:00+00:00,68.0999984741211,68.0999984741211,68.08000183105469,68.0999984741211,22.0
2025-03-17 11:58:00+00:00,68.08999633789062,68.11000061035156,68.08000183105469,68.11000061035156,128.0
2025-03-17 11:59:00+00:00,68.08999633789062,68.0999984741211,68.08999633789062,68.0999984741211,26.0
2025-03-17 12:00:00+00:00,68.0999984741211,68.11000061035156,68.08000183105469,68.08999633789062,60.0
2025-03-17 12:01:00+00:00,68.08000183105469,68.12000274658203,68.08000183105469,68.08999633789062,59.0
2025-03-17 12:02:00+00:00,68.05000305175781,68.06999969482422,68.05000305175781,68.05999755859375,61.0
2025-03-17 12:03:00+00:00,68.02999877929688,68.05999755859375,68.0199966430664,68.05000305175781,109.0
2025-03-17 12:04:00+00:00,68.04000091552734,68.04000091552734,68.02999877929688,68.02999877929688,34.0
2025-03-17 12:05:00+00:00,68.05999755859375,68.06999969482422,68.04000091552734,68.04000091552734,54.0
2025-03-17 12:06:00+00:00,68.04000091552734,68.05000305175781,68.02999877929688,68.04000091552734,40.0
2025-03-17 12:07:00+00:00,68.05000305175781,68.05000305175781,68.04000091552734,68.04000091552734,47.0
2025-03-17 12:08:00+00:00,68.04000091552734,68.04000091552734,68.02999877929688,68.04000091552734,27.0
2025-03-17 12:09:00+00:00,68.05000305175781,68.05000305175781,68.04000091552734,68.04000091552734,54.0
2025-03-17 12:10:00+00:00,68.08000183105469,68.08000183105469,68.05000305175781,68.05000305175781,21.0
2025-03-17 12:11:00+00:00,68.05000305175781,68.08000183105469,68.04000091552734,68.06999969482422,114.0
2025-03-17 12:12:00+00:00,68.05000305175781,68.05999755859375,68.02999877929688,68.05000305175781,134.0
2025-03-17 12:14:00+00:00,68.04000091552734,68.05999755859375,68.04000091552734,68.05999755859375,209.0
2025-03-17 12:15:00+00:00,68.02999877929688,68.04000091552734,68.02999877929688,68.04000091552734,58.0
2025-03-17 12:16:00+00:00,68.04000091552734,68.04000091552734,68.02999877929688,68.02999877929688,32.0
2025-03-17 12:17:00+00:00,68.0199966430664,68.05000305175781,68.0,68.04000091552734,134.0
2025-03-17 12:18:00+00:00,67.9800033569336,68.0199966430664,67.9800033569336,68.0199966430664,177.0
2025-03-17 12:19:00+00:00,67.97000122070312,67.9800033569336,67.97000122070312,67.9800033569336,21.0
2025-03-17 12:20:00+00:00,67.97000122070312,67.97000122070312,67.94000244140625,67.95999908447266,90.0
2025-03-17 12:21:00+00:00,68.01000213623047,68.01000213623047,67.9800033569336,67.9800033569336,70.0
2025-03-17 12:22:00+00:00,68.01000213623047,68.01000213623047,68.0,68.01000213623047,101.0
2025-03-17 12:23:00+00:00,68.01000213623047,68.02999877929688,68.01000213623047,68.01000213623047,44.0
2025-03-17 12:24:00+00:00,68.01000213623047,68.02999877929688,68.01000213623047,68.0199966430664,79.0
2025-03-17 12:25:00+00:00,68.02999877929688,68.02999877929688,68.0,68.01000213623047,45.0
2025-03-17 12:26:00+00:00,68.02999877929688,68.05999755859375,68.02999877929688,68.02999877929688,92.0
2025-03-17 12:27:00+00:00,68.02999877929688,68.02999877929688,68.0199966430664,68.02999877929688,30.0
2025-03-17 12:28:00+00:00,68.0,68.0199966430664,68.0,68.0199966430664,82.0
2025-03-17 12:29:00+00:00,67.98999786376953,68.0,67.9800033569336,68.0,47.0
2025-03-17 12:30:00+00:00,67.9800033569336,68.0199966430664,67.95999908447266,67.98999786376953,168.0
2025-03-17 12:31:00+00:00,68.02999877929688,68.02999877929688,67.9800033569336,67.9800033569336,65.0
2025-03-17 12:32:00+00:00,68.0199966430664,68.04000091552734,68.0199966430664,68.04000091552734,97.0
2025-03-17 12:33:00+00:00,68.02999877929688,68.02999877929688,68.01000213623047,68.0199966430664,46.0
2025-03-17 12:34:00+00:00,68.01000213623047,68.04000091552734,68.01000213623047,68.04000091552734,31.0
2025-03-17 12:35:00+00:00,68.01000213623047,68.02999877929688,68.0,68.01000213623047,52.0
2025-03-17 12:36:00+00:00,68.0199966430664,68.04000091552734,68.01000213623047,68.01000213623047,44.0
2025-03-17 12:37:00+00:00,68.0199966430664,68.0199966430664,68.0,68.0199966430664,74.0
2025-03-17 12:38:00+00:00,68.02999877929688,68.02999877929688,68.0199966430664,68.0199966430664,25.0
2025-03-17 12:39:00+00:00,68.05999755859375,68.05999755859375,68.02999877929688,68.02999877929688,57.0
2025-03-17 12:40:00+00:00,68.04000091552734,68.05999755859375,68.02999877929688,68.05999755859375,106.0
2025-03-17 12:41:00+00:00,68.02999877929688,68.04000091552734,68.0199966430664,68.04000091552734,87.0
2025-03-17 12:42:00+00:00,68.05000305175781,68.05000305175781,68.0199966430664,68.02999877929688,63.0
2025-03-17 12:43:00+00:00,68.02999877929688,68.05000305175781,68.0199966430664,68.05000305175781,422.0
2025-03-17 12:44:00+00:00,68.01000213623047,68.02999877929688,68.01000213623047,68.02999877929688,172.0
2025-03-17 12:45:00+00:00,67.98999786376953,68.01000213623047,67.98999786376953,68.01000213623047,141.0
2025-03-17 12:46:00+00:00,68.0,68.01000213623047,67.98999786376953,68.0,527.0
2025-03-17 12:47:00+00:00,68.0199966430664,68.0199966430664,67.98999786376953,68.0,32.0
2025-03-17 12:48:00+00:00,67.98999786376953,68.02999877929688,67.98999786376953,68.02999877929688,45.0
2025-03-17 12:49:00+00:00,67.97000122070312,67.98999786376953,67.95999908447266,67.98999786376953,205.0
2025-03-17 12:50:00+00:00,67.98999786376953,68.0,67.9800033569336,67.9800033569336,33.0
2025-03-17 12:51:00+00:00,68.04000091552734,68.04000091552734,68.0,68.01000213623047,239.0
2025-03-17 12:52:00+00:00,68.02999877929688,68.04000091552734,68.0199966430664,68.04000091552734,32.0
2025-03-17 12:53:00+00:00,68.0199966430664,68.04000091552734,68.0199966430664,68.02999877929688,37.0
2025-03-17 12:54:00+00:00,68.05000305175781,68.05000305175781,68.02999877929688,68.02999877929688,91.0
2025-03-17 12:55:00+00:00,68.08999633789062,68.0999984741211,68.05000305175781,68.05000305175781,246.0
2025-03-17 12:56:00+00:00,68.08000183105469,68.08999633789062,68.06999969482422,68.08999633789062,70.0
2025-03-17 12:57:00+00:00,68.05999755859375,68.08000183105469,68.05000305175781,68.08000183105469,56.0
2025-03-17 12:58:00+00:00,68.0999984741211,68.0999984741211,68.08000183105469,68.08000183105469,474.0
2025-03-17 12:59:00+00:00,68.06999969482422,68.0999984741211,68.05999755859375,68.0999984741211,89.0
2025-03-17 13:00:00+00:00,68.0199966430664,68.08999633789062,67.9800033569336,68.06999969482422,359.0
2025-03-17 13:01:00+00:00,67.94999694824219,68.04000091552734,67.94000244140625,68.0199966430664,183.0
2025-03-17 13:02:00+00:00,67.86000061035156,67.95999908447266,67.8499984741211,67.95999908447266,841.0
2025-03-17 13:03:00+00:00,67.83999633789062,67.87000274658203,67.81999969482422,67.86000061035156,325.0
2025-03-17 13:04:00+00:00,67.83999633789062,67.87000274658203,67.81999969482422,67.83999633789062,238.0
2025-03-17 13:05:00+00:00,67.83000183105469,67.8499984741211,67.83000183105469,67.83000183105469,87.0
2025-03-17 13:06:00+00:00,67.87999725341797,67.87999725341797,67.83000183105469,67.83999633789062,100.0
2025-03-17 13:07:00+00:00,67.91999816894531,67.91999816894531,67.87999725341797,67.87999725341797,313.0
2025-03-17 13:08:00+00:00,67.87999725341797,67.91999816894531,67.87999725341797,67.91999816894531,96.0
2025-03-17 13:09:00+00:00,67.91999816894531,67.93000030517578,67.88999938964844,67.88999938964844,53.0
2025-03-17 13:10:00+00:00,67.94999694824219,67.97000122070312,67.94000244140625,67.94000244140625,135.0
2025-03-17 13:11:00+00:00,67.91000366210938,67.95999908447266,67.9000015258789,67.94999694824219,90.0
2025-03-17 13:12:00+00:00,67.91999816894531,67.93000030517578,67.91000366210938,67.91999816894531,64.0
2025-03-17 13:13:00+00:00,67.91999816894531,67.94000244140625,67.91999816894531,67.91999816894531,43.0
2025-03-17 13:14:00+00:00,67.87999725341797,67.93000030517578,67.87999725341797,67.91999816894531,96.0
2025-03-17 13:15:00+00:00,67.80000305175781,67.9000015258789,67.79000091552734,67.87999725341797,816.0
2025-03-17 13:16:00+00:00,67.81999969482422,67.83000183105469,67.80000305175781,67.80000305175781,565.0
2025-03-17 13:17:00+00:00,67.83000183105469,67.83000183105469,67.80000305175781,67.81999969482422,213.0
2025-03-17 13:18:00+00:00,67.81999969482422,67.86000061035156,67.81999969482422,67.83999633789062,50.0
2025-03-17 13:19:00+00:00,67.83000183105469,67.8499984741211,67.83000183105469,67.83000183105469,92.0
2025-03-17 13:20:00+00:00,67.8499984741211,67.8499984741211,67.80000305175781,67.83000183105469,45.0
2025-03-17 13:21:00+00:00,67.80000305175781,67.8499984741211,67.80000305175781,67.8499984741211,70.0
2025-03-17 13:22:00+00:00,67.81999969482422,67.81999969482422,67.79000091552734,67.80000305175781,225.0
2025-03-17 13:23:00+00:00,67.79000091552734,67.83000183105469,67.79000091552734,67.81999969482422,92.0
2025-03-17 13:24:00+00:00,67.75,67.80999755859375,67.72000122070312,67.79000091552734,528.0
2025-03-17 13:25:00+00:00,67.72000122070312,67.75,67.70999908447266,67.73999786376953,214.0
2025-03-17 13:26:00+00:00,67.77999877929688,67.79000091552734,67.69999694824219,67.72000122070312,480.0
2025-03-17 13:27:00+00:00,67.7699966430664,67.81999969482422,67.7699966430664,67.79000091552734,147.0
2025-03-17 13:28:00+00:00,67.76000213623047,67.79000091552734,67.75,67.77999877929688,50.0
2025-03-17 13:29:00+00:00,67.76000213623047,67.7699966430664,67.73999786376953,67.76000213623047,102.0
2025-03-17 13:30:00+00:00,67.81999969482422,67.8499984741211,67.76000213623047,67.76000213623047,115.0
2025-03-17 13:31:00+00:00,67.83000183105469,67.8499984741211,67.81999969482422,67.83000183105469,76.0
2025-03-17 13:32:00+00:00,67.87999725341797,67.88999938964844,67.80999755859375,67.83000183105469,303.0
2025-03-17 13:33:00+00:00,67.88999938964844,67.88999938964844,67.87000274658203,67.88999938964844,134.0
2025-03-17 13:34:00+00:00,67.91999816894531,67.94999694824219,67.87999725341797,67.88999938964844,782.0
2025-03-17 13:35:00+00:00,67.93000030517578,67.94000244140625,67.88999938964844,67.91999816894531,149.0
2025-03-17 13:36:00+00:00,67.94999694824219,67.95999908447266,67.93000030517578,67.93000030517578,69.0
2025-03-17 13:39:00+00:00,67.91999816894531,67.94000244140625,67.91999816894531,67.91999816894531,370.0
2025-03-17 13:40:00+00:00,67.91999816894531,67.94000244140625,67.91000366210938,67.91000366210938,115.0
2025-03-17 13:41:00+00:00,67.93000030517578,67.94000244140625,67.91999816894531,67.93000030517578,43.0
2025-03-17 13:42:00+00:00,67.9000015258789,67.91999816894531,67.88999938964844,67.91999816894531,116.0
2025-03-17 13:43:00+00:00,67.87000274658203,67.91000366210938,67.87000274658203,67.9000015258789,101.0
2025-03-17 13:44:00+00:00,67.9000015258789,67.91000366210938,67.87999725341797,67.87999725341797,115.0
2025-03-17 13:45:00+00:00,67.9000015258789,67.93000030517578,67.88999938964844,67.91000366210938,188.0
2025-03-17 13:46:00+00:00,67.88999938964844,67.91000366210938,67.87000274658203,67.9000015258789,457.0
2025-03-17 13:47:00+00:00,67.91999816894531,67.94000244140625,67.88999938964844,67.88999938964844,146.0
2025-03-17 13:48:00+00:00,67.87000274658203,67.91999816894531,67.87000274658203,67.91999816894531,38.0
2025-03-17 13:49:00+00:00,67.8499984741211,67.87999725341797,67.8499984741211,67.86000061035156,151.0
2025-03-17 13:50:00+00:00,67.86000061035156,67.88999938964844,67.83999633789062,67.86000061035156,188.0
2025-03-17 13:51:00+00:00,67.9000015258789,67.9000015258789,67.83999633789062,67.8499984741211,148.0
2025-03-17 13:52:00+00:00,67.86000061035156,67.91000366210938,67.86000061035156,67.9000015258789,128.0
2025-03-17 13:53:00+00:00,67.86000061035156,67.87000274658203,67.86000061035156,67.86000061035156,65.0
2025-03-17 13:54:00+00:00,67.9000015258789,67.9000015258789,67.87000274658203,67.87000274658203,61.0
2025-03-17 13:55:00+00:00,67.91000366210938,67.91000366210938,67.88999938964844,67.88999938964844,44.0
2025-03-17 13:56:00+00:00,67.91000366210938,67.93000030517578,67.9000015258789,67.91000366210938,89.0
2025-03-17 13:57:00+00:00,67.88999938964844,67.91999816894531,67.88999938964844,67.9000015258789,56.0
2025-03-17 13:58:00+00:00,67.86000061035156,67.88999938964844,67.86000061035156,67.88999938964844,52.0
2025-03-17 13:59:00+00:00,67.87000274658203,67.88999938964844,67.86000061035156,67.86000061035156,104.0
2025-03-17 14:00:00+00:00,67.83000183105469,67.86000061035156,67.7699966430664,67.86000061035156,185.0
2025-03-17 14:01:00+00:00,67.77999877929688,67.8499984741211,67.7699966430664,67.83999633789062,197.0
2025-03-17 14:02:00+00:00,67.80000305175781,67.80999755859375,67.77999877929688,67.77999877929688,231.0
2025-03-17 14:03:00+00:00,67.7699966430664,67.80999755859375,67.7699966430664,67.80000305175781,158.0
2025-03-17 14:04:00+00:00,67.80999755859375,67.83000183105469,67.7699966430664,67.7699966430664,859.0
2025-03-17 14:05:00+00:00,67.83000183105469,67.87999725341797,67.81999969482422,67.81999969482422,103.0
2025-03-17 14:06:00+00:00,67.81999969482422,67.83999633789062,67.80999755859375,67.83999633789062,62.0
2025-03-17 14:07:00+00:00,67.75,67.81999969482422,67.75,67.81999969482422,132.0
2025-03-17 14:08:00+00:00,67.73999786376953,67.77999877929688,67.73999786376953,67.76000213623047,170.0
2025-03-17 14:09:00+00:00,67.79000091552734,67.80000305175781,67.72000122070312,67.73999786376953,296.0
2025-03-17 14:10:00+00:00,67.8499984741211,67.8499984741211,67.79000091552734,67.79000091552734,96.0
2025-03-17 14:11:00+00:00,67.83999633789062,67.8499984741211,67.77999877929688,67.8499984741211,1095.0
2025-03-17 14:12:00+00:00,67.86000061035156,67.86000061035156,67.83999633789062,67.83999633789062,141.0
2025-03-17 14:13:00+00:00,67.87999725341797,67.87999725341797,67.8499984741211,67.86000061035156,348.0
2025-03-17 14:14:00+00:00,67.83999633789062,67.88999938964844,67.83999633789062,67.88999938964844,61.0
2025-03-17 14:15:00+00:00,67.87999725341797,67.9000015258789,67.86000061035156,67.86000061035156,90.0
2025-03-17 14:16:00+00:00,67.83999633789062,67.88999938964844,67.83999633789062,67.88999938964844,82.0
2025-03-17 14:17:00+00:00,67.81999969482422,67.8499984741211,67.81999969482422,67.83999633789062,59.0
2025-03-17 14:18:00+00:00,67.83999633789062,67.87000274658203,67.83000183105469,67.83000183105469,508.0
2025-03-17 14:19:00+00:00,67.83000183105469,67.86000061035156,67.81999969482422,67.83999633789062,93.0
2025-03-17 14:20:00+00:00,67.83999633789062,67.83999633789062,67.83000183105469,67.83000183105469,56.0
2025-03-17 14:21:00+00:00,67.79000091552734,67.81999969482422,67.77999877929688,67.81999969482422,78.0
2025-03-17 14:22:00+00:00,67.77999877929688,67.79000091552734,67.73999786376953,67.79000091552734,122.0
2025-03-17 14:23:00+00:00,67.80999755859375,67.83000183105469,67.79000091552734,67.79000091552734,77.0
2025-03-17 14:24:00+00:00,67.77999877929688,67.80000305175781,67.7699966430664,67.80000305175781,83.0
2025-03-17 14:25:00+00:00,67.73999786376953,67.77999877929688,67.70999908447266,67.77999877929688,346.0
2025-03-17 14:26:00+00:00,67.72000122070312,67.73999786376953,67.69000244140625,67.73999786376953,140.0
2025-03-17 14:27:00+00:00,67.72000122070312,67.75,67.72000122070312,67.72000122070312,94.0
2025-03-17 14:28:00+00:00,67.73999786376953,67.73999786376953,67.72000122070312,67.7300033569336,175.0
2025-03-17 14:29:00+00:00,67.70999908447266,67.7300033569336,67.70999908447266,67.7300033569336,127.0
2025-03-17 14:30:00+00:00,67.70999908447266,67.70999908447266,67.66999816894531,67.69999694824219,266.0
2025-03-17 14:31:00+00:00,67.73999786376953,67.77999877929688,67.70999908447266,67.70999908447266,468.0
2025-03-17 14:32:00+00:00,67.72000122070312,67.76000213623047,67.72000122070312,67.75,449.0
2025-03-17 14:33:00+00:00,67.69999694824219,67.72000122070312,67.69999694824219,67.72000122070312,408.0
2025-03-17 14:34:00+00:00,67.58999633789062,67.69999694824219,67.55000305175781,67.69999694824219,1363.0
2025-03-17 14:35:00+00:00,67.62000274658203,67.6500015258789,67.56999969482422,67.5999984741211,262.0
2025-03-17 14:36:00+00:00,67.52999877929688,67.62000274658203,67.47000122070312,67.62000274658203,354.0
2025-03-17 14:37:00+00:00,67.51000213623047,67.54000091552734,67.5,67.52999877929688,155.0
2025-03-17 14:38:00+00:00,67.58999633789062,67.61000061035156,67.5,67.51000213623047,543.0
2025-03-17 14:39:00+00:00,67.55000305175781,67.5999984741211,67.54000091552734,67.58999633789062,241.0
2025-03-17 14:40:00+00:00,67.52999877929688,67.55999755859375,67.51000213623047,67.55999755859375,235.0
2025-03-17 14:41:00+00:00,67.5199966430664,67.55000305175781,67.5,67.52999877929688,753.0
2025-03-17 14:42:00+00:00,67.5,67.52999877929688,67.5,67.5199966430664,290.0
2025-03-17 14:43:00+00:00,67.5199966430664,67.52999877929688,67.48999786376953,67.5,121.0
2025-03-17 14:44:00+00:00,67.51000213623047,67.52999877929688,67.48999786376953,67.52999877929688,251.0
2025-03-17 14:45:00+00:00,67.51000213623047,67.51000213623047,67.4800033569336,67.5,140.0
2025-03-17 14:46:00+00:00,67.52999877929688,67.54000091552734,67.51000213623047,67.51000213623047,80.0
2025-03-17 14:47:00+00:00,67.51000213623047,67.55000305175781,67.51000213623047,67.54000091552734,183.0
2025-03-17 14:48:00+00:00,67.51000213623047,67.51000213623047,67.48999786376953,67.5,194.0
2025-03-17 14:49:00+00:00,67.48999786376953,67.5199966430664,67.4800033569336,67.5199966430664,114.0
2025-03-17 14:50:00+00:00,67.4800033569336,67.51000213623047,67.47000122070312,67.5,76.0
2025-03-17 14:51:00+00:00,67.4000015258789,67.48999786376953,67.38999938964844,67.48999786376953,348.0
2025-03-17 14:52:00+00:00,67.4000015258789,67.43000030517578,67.4000015258789,67.4000015258789,189.0
2025-03-17 14:53:00+00:00,67.43000030517578,67.44000244140625,67.41000366210938,67.41000366210938,103.0
2025-03-17 14:54:00+00:00,67.41999816894531,67.44000244140625,67.41000366210938,67.44000244140625,70.0
2025-03-17 14:55:00+00:00,67.41000366210938,67.43000030517578,67.4000015258789,67.41999816894531,143.0
2025-03-17 14:56:00+00:00,67.4000015258789,67.41000366210938,67.4000015258789,67.41000366210938,38.0
2025-03-17 14:57:00+00:00,67.41999816894531,67.44999694824219,67.4000015258789,67.4000015258789,279.0
2025-03-17 14:58:00+00:00,67.4000015258789,67.41999816894531,67.38999938964844,67.41999816894531,172.0
2025-03-17 14:59:00+00:00,67.41000366210938,67.43000030517578,67.4000015258789,67.4000015258789,73.0
2025-03-17 15:00:00+00:00,67.43000030517578,67.4800033569336,67.41000366210938,67.41999816894531,291.0
2025-03-17 15:01:00+00:00,67.3499984741211,67.44999694824219,67.33000183105469,67.44000244140625,1050.0
2025-03-17 15:02:00+00:00,67.27999877929688,67.3499984741211,67.25,67.3499984741211,924.0
2025-03-17 15:03:00+00:00,67.30000305175781,67.33000183105469,67.2699966430664,67.27999877929688,275.0
2025-03-17 15:04:00+00:00,67.33000183105469,67.33000183105469,67.26000213623047,67.30000305175781,137.0
2025-03-17 15:05:00+00:00,67.3499984741211,67.37000274658203,67.33000183105469,67.33000183105469,605.0
2025-03-17 15:06:00+00:00,67.33999633789062,67.37999725341797,67.33000183105469,67.36000061035156,158.0
2025-03-17 15:07:00+00:00,67.37000274658203,67.38999938964844,67.33999633789062,67.3499984741211,76.0
2025-03-17 15:08:00+00:00,67.38999938964844,67.38999938964844,67.33999633789062,67.37000274658203,374.0
2025-03-17 15:09:00+00:00,67.31999969482422,67.38999938964844,67.31999969482422,67.38999938964844,1150.0
2025-03-17 15:10:00+00:00,67.30999755859375,67.31999969482422,67.27999877929688,67.30999755859375,168.0
2025-03-17 15:11:00+00:00,67.3499984741211,67.36000061035156,67.31999969482422,67.31999969482422,138.0
2025-03-17 15:12:00+00:00,67.37000274658203,67.37999725341797,67.36000061035156,67.37000274658203,126.0
2025-03-17 15:13:00+00:00,67.33999633789062,67.37999725341797,67.33000183105469,67.37000274658203,599.0
2025-03-17 15:14:00+00:00,67.31999969482422,67.3499984741211,67.30999755859375,67.33999633789062,273.0
2025-03-17 15:15:00+00:00,67.31999969482422,67.3499984741211,67.30999755859375,67.30999755859375,377.0
2025-03-17 15:16:00+00:00,67.33999633789062,67.3499984741211,67.31999969482422,67.33000183105469,364.0
2025-03-17 15:17:00+00:00,67.37999725341797,67.38999938964844,67.33999633789062,67.33999633789062,262.0
2025-03-17 15:18:00+00:00,67.4000015258789,67.41999816894531,67.37999725341797,67.37999725341797,149.0
2025-03-17 15:19:00+00:00,67.37999725341797,67.41999816894531,67.37000274658203,67.4000015258789,166.0
2025-03-17 15:20:00+00:00,67.37000274658203,67.37999725341797,67.33999633789062,67.37000274658203,116.0
2025-03-17 15:21:00+00:00,67.37999725341797,67.37999725341797,67.3499984741211,67.37999725341797,122.0
2025-03-17 15:22:00+00:00,67.4000015258789,67.4000015258789,67.37999725341797,67.38999938964844,67.0
2025-03-17 15:23:00+00:00,67.4000015258789,67.4000015258789,67.37999725341797,67.4000015258789,64.0
2025-03-17 15:24:00+00:00,67.38999938964844,67.4000015258789,67.37000274658203,67.37999725341797,82.0
2025-03-17 15:25:00+00:00,67.37000274658203,67.4000015258789,67.37000274658203,67.38999938964844,304.0
2025-03-17 15:26:00+00:00,67.37000274658203,67.38999938964844,67.36000061035156,67.36000061035156,48.0
2025-03-17 15:27:00+00:00,67.37000274658203,67.37999725341797,67.3499984741211,67.37999725341797,244.0
2025-03-17 15:28:00+00:00,67.4000015258789,67.41999816894531,67.38999938964844,67.38999938964844,145.0
2025-03-17 15:29:00+00:00,67.47000122070312,67.48999786376953,67.37999725341797,67.38999938964844,805.0
2025-03-17 15:30:00+00:00,67.4800033569336,67.63999938964844,67.41999816894531,67.4800033569336,1979.0
2025-03-17 15:31:00+00:00,67.47000122070312,67.5,67.41999816894531,67.44000244140625,311.0
2025-03-17 15:32:00+00:00,67.45999908447266,67.4800033569336,67.37000274658203,67.4800033569336,536.0
2025-03-17 15:33:00+00:00,67.56999969482422,67.5999984741211,67.44999694824219,67.45999908447266,332.0
2025-03-17 15:34:00+00:00,67.62999725341797,67.6500015258789,67.55999755859375,67.55999755859375,289.0
2025-03-17 15:35:00+00:00,67.61000061035156,67.6500015258789,67.58000183105469,67.63999938964844,249.0
2025-03-17 15:36:00+00:00,67.69000244140625,67.72000122070312,67.62000274658203,67.62000274658203,437.0
2025-03-17 15:37:00+00:00,67.62000274658203,67.69999694824219,67.62000274658203,67.69999694824219,250.0
2025-03-17 15:38:00+00:00,67.62999725341797,67.6500015258789,67.61000061035156,67.62000274658203,113.0
2025-03-17 15:39:00+00:00,67.5999984741211,67.63999938964844,67.56999969482422,67.63999938964844,218.0
2025-03-17 15:40:00+00:00,67.62000274658203,67.63999938964844,67.5999984741211,67.5999984741211,85.0
2025-03-17 15:41:00+00:00,67.66000366210938,67.66000366210938,67.61000061035156,67.62999725341797,104.0
2025-03-17 15:42:00+00:00,67.62999725341797,67.66999816894531,67.62999725341797,67.66000366210938,192.0
2025-03-17 15:43:00+00:00,67.63999938964844,67.6500015258789,67.62000274658203,67.63999938964844,127.0
2025-03-17 15:44:00+00:00,67.66000366210938,67.68000030517578,67.63999938964844,67.6500015258789,117.0
2025-03-17 15:45:00+00:00,67.6500015258789,67.66999816894531,67.63999938964844,67.66999816894531,59.0
2025-03-17 15:46:00+00:00,67.61000061035156,67.66999816894531,67.58999633789062,67.66000366210938,719.0
2025-03-17 15:47:00+00:00,67.61000061035156,67.6500015258789,67.58999633789062,67.61000061035156,154.0
2025-03-17 15:48:00+00:00,67.58999633789062,67.62000274658203,67.58000183105469,67.61000061035156,83.0
2025-03-17 15:49:00+00:00,67.58999633789062,67.5999984741211,67.58000183105469,67.5999984741211,67.0
2025-03-17 15:50:00+00:00,67.58000183105469,67.5999984741211,67.55999755859375,67.58000183105469,68.0
2025-03-17 15:51:00+00:00,67.5999984741211,67.5999984741211,67.58000183105469,67.58000183105469,47.0
2025-03-17 15:52:00+00:00,67.58000183105469,67.5999984741211,67.58000183105469,67.5999984741211,42.0
2025-03-17 15:53:00+00:00,67.58999633789062,67.61000061035156,67.58999633789062,67.58999633789062,66.0
2025-03-17 15:54:00+00:00,67.62000274658203,67.62000274658203,67.58999633789062,67.58999633789062,59.0
2025-03-17 15:55:00+00:00,67.58000183105469,67.61000061035156,67.58000183105469,67.61000061035156,92.0
2025-03-17 15:56:00+00:00,67.52999877929688,67.58999633789062,67.5199966430664,67.58999633789062,98.0
2025-03-17 15:57:00+00:00,67.56999969482422,67.56999969482422,67.51000213623047,67.52999877929688,141.0
2025-03-17 15:58:00+00:00,67.61000061035156,67.62000274658203,67.58000183105469,67.58000183105469,211.0
2025-03-17 16:00:00+00:00,67.58999633789062,67.62000274658203,67.58999633789062,67.5999984741211,1674.0
2025-03-17 16:01:00+00:00,67.5999984741211,67.5999984741211,67.55000305175781,67.58000183105469,150.0
2025-03-17 16:02:00+00:00,67.58000183105469,67.58999633789062,67.56999969482422,67.58999633789062,56.0
2025-03-17 16:03:00+00:00,67.58999633789062,67.5999984741211,67.58000183105469,67.58999633789062,65.0
2025-03-17 16:04:00+00:00,67.55999755859375,67.58999633789062,67.55999755859375,67.58999633789062,62.0
2025-03-17 16:05:00+00:00,67.55000305175781,67.56999969482422,67.5199966430664,67.56999969482422,56.0
2025-03-17 16:06:00+00:00,67.55999755859375,67.55999755859375,67.5199966430664,67.55999755859375,104.0
2025-03-17 16:07:00+00:00,67.5999984741211,67.5999984741211,67.55000305175781,67.55999755859375,74.0
2025-03-17 16:08:00+00:00,67.58000183105469,67.62000274658203,67.56999969482422,67.58999633789062,106.0
2025-03-17 16:09:00+00:00,67.58000183105469,67.5999984741211,67.58000183105469,67.58999633789062,70.0
2025-03-17 16:10:00+00:00,67.58000183105469,67.58999633789062,67.55999755859375,67.58000183105469,94.0
2025-03-17 16:11:00+00:00,67.61000061035156,67.61000061035156,67.56999969482422,67.56999969482422,58.0
2025-03-17 16:12:00+00:00,67.66000366210938,67.66000366210938,67.62000274658203,67.62000274658203,87.0
2025-03-17 16:13:00+00:00,67.66000366210938,67.69999694824219,67.63999938964844,67.66999816894531,263.0
2025-03-17 16:14:00+00:00,67.66999816894531,67.69999694824219,67.66999816894531,67.66999816894531,107.0
2025-03-17 16:15:00+00:00,67.66000366210938,67.69000244140625,67.63999938964844,67.66000366210938,174.0
2025-03-17 16:16:00+00:00,67.66999816894531,67.68000030517578,67.63999938964844,67.66000366210938,126.0
2025-03-17 16:17:00+00:00,67.68000030517578,67.69000244140625,67.66999816894531,67.66999816894531,77.0
2025-03-17 16:18:00+00:00,67.6500015258789,67.69000244140625,67.63999938964844,67.69000244140625,84.0
2025-03-17 16:19:00+00:00,67.62000274658203,67.6500015258789,67.61000061035156,67.6500015258789,92.0
2025-03-17 16:20:00+00:00,67.62999725341797,67.63999938964844,67.62000274658203,67.62000274658203,92.0
2025-03-17 16:21:00+00:00,67.62999725341797,67.63999938964844,67.62000274658203,67.62999725341797,113.0
2025-03-17 16:22:00+00:00,67.61000061035156,67.62999725341797,67.61000061035156,67.62999725341797,181.0
2025-03-17 16:23:00+00:00,67.5999984741211,67.62000274658203,67.5999984741211,67.62000274658203,150.0
2025-03-17 16:24:00+00:00,67.62000274658203,67.62000274658203,67.5999984741211,67.5999984741211,48.0
2025-03-17 16:25:00+00:00,67.55000305175781,67.62000274658203,67.55000305175781,67.62000274658203,486.0
2025-03-17 16:26:00+00:00,67.56999969482422,67.56999969482422,67.5199966430664,67.55000305175781,136.0
2025-03-17 16:27:00+00:00,67.58999633789062,67.61000061035156,67.56999969482422,67.58000183105469,496.0
2025-03-17 16:28:00+00:00,67.58999633789062,67.5999984741211,67.56999969482422,67.58000183105469,101.0
2025-03-17 16:29:00+00:00,67.5999984741211,67.62999725341797,67.58999633789062,67.5999984741211,194.0
2025-03-17 16:30:00+00:00,67.58000183105469,67.62000274658203,67.56999969482422,67.61000061035156,225.0
2025-03-17 16:31:00+00:00,67.56999969482422,67.5999984741211,67.56999969482422,67.58000183105469,53.0
2025-03-17 16:32:00+00:00,67.55999755859375,67.58000183105469,67.54000091552734,67.58000183105469,65.0
2025-03-17 16:33:00+00:00,67.55999755859375,67.62000274658203,67.55000305175781,67.55000305175781,2022.0
2025-03-17 16:34:00+00:00,67.4800033569336,67.55000305175781,67.4800033569336,67.55000305175781,744.0
2025-03-17 16:35:00+00:00,67.47000122070312,67.4800033569336,67.43000030517578,67.47000122070312,420.0
2025-03-17 16:36:00+00:00,67.47000122070312,67.48999786376953,67.44999694824219,67.4800033569336,57.0
2025-03-17 16:37:00+00:00,67.44999694824219,67.4800033569336,67.44999694824219,67.47000122070312,88.0
2025-03-17 16:38:00+00:00,67.4000015258789,67.44000244140625,67.38999938964844,67.43000030517578,211.0
2025-03-17 16:39:00+00:00,67.38999938964844,67.41000366210938,67.37999725341797,67.41000366210938,143.0
2025-03-17 16:40:00+00:00,67.41000366210938,67.41000366210938,67.37000274658203,67.38999938964844,116.0
2025-03-17 16:41:00+00:00,67.4000015258789,67.43000030517578,67.38999938964844,67.41000366210938,124.0
2025-03-17 16:42:00+00:00,67.43000030517578,67.44000244140625,67.4000015258789,67.41000366210938,58.0
2025-03-17 16:43:00+00:00,67.41999816894531,67.44999694824219,67.41999816894531,67.44000244140625,216.0
2025-03-17 16:44:00+00:00,67.4000015258789,67.41999816894531,67.38999938964844,67.41999816894531,99.0
2025-03-17 16:45:00+00:00,67.43000030517578,67.44000244140625,67.38999938964844,67.38999938964844,87.0
2025-03-17 16:46:00+00:00,67.43000030517578,67.44999694824219,67.41999816894531,67.44000244140625,81.0
2025-03-17 16:47:00+00:00,67.43000030517578,67.44999694824219,67.43000030517578,67.44000244140625,73.0
2025-03-17 16:48:00+00:00,67.44999694824219,67.45999908447266,67.44000244140625,67.44000244140625,40.0
2025-03-17 16:49:00+00:00,67.41999816894531,67.4800033569336,67.41999816894531,67.45999908447266,165.0
2025-03-17 16:50:00+00:00,67.41000366210938,67.43000030517578,67.41000366210938,67.43000030517578,62.0
2025-03-17 16:51:00+00:00,67.41999816894531,67.44999694824219,67.4000015258789,67.4000015258789,353.0
2025-03-17 16:52:00+00:00,67.38999938964844,67.43000030517578,67.38999938964844,67.41000366210938,120.0
2025-03-17 16:53:00+00:00,67.43000030517578,67.44000244140625,67.38999938964844,67.4000015258789,50.0
2025-03-17 16:54:00+00:00,67.45999908447266,67.45999908447266,67.43000030517578,67.44000244140625,532.0
2025-03-17 16:55:00+00:00,67.4800033569336,67.48999786376953,67.44999694824219,67.45999908447266,216.0
2025-03-17 16:56:00+00:00,67.4800033569336,67.48999786376953,67.45999908447266,67.4800033569336,145.0
2025-03-17 16:57:00+00:00,67.45999908447266,67.47000122070312,67.44999694824219,67.47000122070312,78.0
2025-03-17 16:58:00+00:00,67.4800033569336,67.4800033569336,67.44000244140625,67.45999908447266,40.0
2025-03-17 16:59:00+00:00,67.4800033569336,67.48999786376953,67.47000122070312,67.47000122070312,41.0
2025-03-17 17:00:00+00:00,67.51000213623047,67.51000213623047,67.47000122070312,67.4800033569336,215.0
2025-03-17 17:01:00+00:00,67.47000122070312,67.51000213623047,67.47000122070312,67.51000213623047,144.0
2025-03-17 17:02:00+00:00,67.51000213623047,67.5199966430664,67.4800033569336,67.4800033569336,186.0
2025-03-17 17:03:00+00:00,67.5,67.51000213623047,67.44999694824219,67.51000213623047,146.0
2025-03-17 17:04:00+00:00,67.48999786376953,67.5,67.4800033569336,67.48999786376953,29.0
2025-03-17 17:05:00+00:00,67.5,67.51000213623047,67.48999786376953,67.48999786376953,131.0
2025-03-17 17:06:00+00:00,67.52999877929688,67.52999877929688,67.51000213623047,67.51000213623047,73.0
2025-03-17 17:07:00+00:00,67.5,67.52999877929688,67.5,67.52999877929688,138.0
2025-03-17 17:08:00+00:00,67.48999786376953,67.5,67.48999786376953,67.5,84.0
2025-03-17 17:09:00+00:00,67.48999786376953,67.51000213623047,67.47000122070312,67.5,177.0
2025-03-17 17:10:00+00:00,67.4800033569336,67.5,67.4800033569336,67.5,43.0
2025-03-17 17:11:00+00:00,67.5199966430664,67.5199966430664,67.48999786376953,67.48999786376953,62.0
2025-03-17 17:12:00+00:00,67.55000305175781,67.55999755859375,67.4800033569336,67.51000213623047,208.0
2025-03-17 17:13:00+00:00,67.55000305175781,67.58000183105469,67.55000305175781,67.55999755859375,99.0
2025-03-17 17:14:00+00:00,67.55000305175781,67.55999755859375,67.54000091552734,67.55999755859375,463.0
2025-03-17 17:15:00+00:00,67.55000305175781,67.55999755859375,67.54000091552734,67.55999755859375,149.0
2025-03-17 17:16:00+00:00,67.56999969482422,67.56999969482422,67.52999877929688,67.55999755859375,145.0
2025-03-17 17:17:00+00:00,67.5999984741211,67.5999984741211,67.56999969482422,67.58000183105469,106.0
2025-03-17 17:18:00+00:00,67.58000183105469,67.5999984741211,67.58000183105469,67.5999984741211,73.0
2025-03-17 17:19:00+00:00,67.55000305175781,67.58000183105469,67.55000305175781,67.58000183105469,150.0
2025-03-17 17:20:00+00:00,67.55999755859375,67.56999969482422,67.55000305175781,67.55999755859375,56.0
2025-03-17 17:21:00+00:00,67.5999984741211,67.5999984741211,67.56999969482422,67.56999969482422,66.0
2025-03-17 17:22:00+00:00,67.5999984741211,67.61000061035156,67.58999633789062,67.58999633789062,56.0
2025-03-17 17:23:00+00:00,67.58999633789062,67.5999984741211,67.58999633789062,67.5999984741211,79.0
2025-03-17 17:24:00+00:00,67.58000183105469,67.5999984741211,67.56999969482422,67.58999633789062,65.0
2025-03-17 17:25:00+00:00,67.58999633789062,67.58999633789062,67.58000183105469,67.58000183105469,66.0
2025-03-17 17:26:00+00:00,67.58999633789062,67.61000061035156,67.58000183105469,67.58999633789062,476.0
2025-03-17 17:27:00+00:00,67.61000061035156,67.61000061035156,67.58999633789062,67.58999633789062,92.0
2025-03-17 17:28:00+00:00,67.62000274658203,67.62999725341797,67.61000061035156,67.62000274658203,110.0
2025-03-17 17:29:00+00:00,67.63999938964844,67.63999938964844,67.61000061035156,67.62999725341797,112.0
2025-03-17 17:30:00+00:00,67.63999938964844,67.66000366210938,67.63999938964844,67.63999938964844,168.0
2025-03-17 17:31:00+00:00,67.62999725341797,67.63999938964844,67.62000274658203,67.63999938964844,181.0
2025-03-17 17:32:00+00:00,67.61000061035156,67.63999938964844,67.61000061035156,67.63999938964844,52.0
2025-03-17 17:33:00+00:00,67.61000061035156,67.62000274658203,67.58999633789062,67.61000061035156,119.0
2025-03-17 17:34:00+00:00,67.5999984741211,67.61000061035156,67.58000183105469,67.61000061035156,346.0
2025-03-17 17:35:00+00:00,67.58000183105469,67.62000274658203,67.58000183105469,67.5999984741211,440.0
2025-03-17 17:36:00+00:00,67.61000061035156,67.61000061035156,67.58000183105469,67.58000183105469,83.0
2025-03-17 17:37:00+00:00,67.5999984741211,67.61000061035156,67.58999633789062,67.61000061035156,734.0
2025-03-17 17:38:00+00:00,67.62000274658203,67.62000274658203,67.5999984741211,67.61000061035156,29.0
2025-03-17 17:39:00+00:00,67.62000274658203,67.62999725341797,67.62000274658203,67.62000274658203,35.0
2025-03-17 17:40:00+00:00,67.62000274658203,67.62999725341797,67.5999984741211,67.62000274658203,241.0
2025-03-17 17:41:00+00:00,67.61000061035156,67.62999725341797,67.61000061035156,67.62000274658203,54.0
2025-03-17 17:42:00+00:00,67.62999725341797,67.63999938964844,67.61000061035156,67.61000061035156,49.0
2025-03-17 17:43:00+00:00,67.62999725341797,67.63999938964844,67.61000061035156,67.62999725341797,85.0
2025-03-17 17:44:00+00:00,67.62999725341797,67.6500015258789,67.62999725341797,67.63999938964844,73.0
2025-03-17 17:45:00+00:00,67.58999633789062,67.62000274658203,67.58999633789062,67.62000274658203,270.0
2025-03-17 17:46:00+00:00,67.58999633789062,67.5999984741211,67.58000183105469,67.5999984741211,101.0
2025-03-17 17:47:00+00:00,67.63999938964844,67.6500015258789,67.58000183105469,67.58999633789062,95.0
2025-03-17 17:48:00+00:00,67.6500015258789,67.66000366210938,67.63999938964844,67.6500015258789,81.0
2025-03-17 17:49:00+00:00,67.66000366210938,67.66000366210938,67.63999938964844,67.6500015258789,126.0
2025-03-17 17:50:00+00:00,67.66000366210938,67.68000030517578,67.66000366210938,67.66000366210938,165.0
2025-03-17 17:51:00+00:00,67.63999938964844,67.68000030517578,67.63999938964844,67.66999816894531,246.0
2025-03-17 17:52:00+00:00,67.69000244140625,67.69000244140625,67.63999938964844,67.63999938964844,150.0
2025-03-17 17:53:00+00:00,67.69000244140625,67.69999694824219,67.66999816894531,67.69000244140625,249.0
2025-03-17 17:54:00+00:00,67.69999694824219,67.70999908447266,67.68000030517578,67.69000244140625,90.0
2025-03-17 17:55:00+00:00,67.72000122070312,67.7300033569336,67.69999694824219,67.70999908447266,91.0
2025-03-17 17:56:00+00:00,67.75,67.75,67.72000122070312,67.7300033569336,158.0
2025-03-17 17:57:00+00:00,67.7300033569336,67.73999786376953,67.70999908447266,67.73999786376953,256.0
2025-03-17 17:58:00+00:00,67.72000122070312,67.7300033569336,67.70999908447266,67.7300033569336,103.0
2025-03-17 17:59:00+00:00,67.72000122070312,67.73999786376953,67.70999908447266,67.72000122070312,444.0
2025-03-17 18:00:00+00:00,67.81999969482422,67.88999938964844,67.47000122070312,67.72000122070312,4392.0
2025-03-17 18:01:00+00:00,67.79000091552734,67.83000183105469,67.77999877929688,67.81999969482422,252.0
2025-03-17 18:02:00+00:00,67.79000091552734,67.80999755859375,67.77999877929688,67.79000091552734,102.0
2025-03-17 18:03:00+00:00,67.69999694824219,67.77999877929688,67.69000244140625,67.77999877929688,507.0
2025-03-17 18:04:00+00:00,67.70999908447266,67.7300033569336,67.69000244140625,67.69000244140625,91.0
2025-03-17 18:05:00+00:00,67.72000122070312,67.7300033569336,67.69999694824219,67.69999694824219,225.0
2025-03-17 18:06:00+00:00,67.75,67.76000213623047,67.7300033569336,67.7300033569336,212.0
2025-03-17 18:07:00+00:00,67.69000244140625,67.75,67.69000244140625,67.75,145.0
2025-03-17 18:08:00+00:00,67.69000244140625,67.70999908447266,67.68000030517578,67.69999694824219,223.0
2025-03-17 18:09:00+00:00,67.72000122070312,67.73999786376953,67.69000244140625,67.69999694824219,220.0
2025-03-17 18:10:00+00:00,67.73999786376953,67.73999786376953,67.70999908447266,67.7300033569336,101.0
2025-03-17 18:11:00+00:00,67.69000244140625,67.73999786376953,67.66000366210938,67.73999786376953,410.0
2025-03-17 18:12:00+00:00,67.66999816894531,67.69999694824219,67.66999816894531,67.69000244140625,265.0
2025-03-17 18:13:00+00:00,67.66999816894531,67.69000244140625,67.66000366210938,67.66999816894531,105.0
2025-03-17 18:14:00+00:00,67.6500015258789,67.66000366210938,67.62999725341797,67.66000366210938,173.0
2025-03-17 18:15:00+00:00,67.66000366210938,67.66999816894531,67.62999725341797,67.6500015258789,172.0
2025-03-17 18:16:00+00:00,67.61000061035156,67.66999816894531,67.5999984741211,67.66999816894531,1100.0
2025-03-17 18:17:00+00:00,67.5999984741211,67.62000274658203,67.5999984741211,67.61000061035156,210.0
2025-03-17 18:18:00+00:00,67.55000305175781,67.5999984741211,67.55000305175781,67.58999633789062,824.0
2025-03-17 18:19:00+00:00,67.56999969482422,67.58999633789062,67.55999755859375,67.55999755859375,576.0
2025-03-17 18:20:00+00:00,67.5999984741211,67.5999984741211,67.58000183105469,67.58000183105469,206.0
2025-03-17 18:21:00+00:00,67.55999755859375,67.61000061035156,67.55999755859375,67.5999984741211,278.0
2025-03-17 18:22:00+00:00,67.58999633789062,67.58999633789062,67.55999755859375,67.55999755859375,190.0
2025-03-17 18:23:00+00:00,67.56999969482422,67.5999984741211,67.55000305175781,67.5999984741211,175.0
2025-03-17 18:24:00+00:00,67.56999969482422,67.63999938964844,67.56999969482422,67.56999969482422,457.0
2025-03-17 18:25:00+00:00,67.58999633789062,67.58999633789062,67.56999969482422,67.56999969482422,290.0
2025-03-17 18:26:00+00:00,67.62999725341797,67.63999938964844,67.5999984741211,67.5999984741211,328.0
2025-03-17 18:27:00+00:00,67.62000274658203,67.63999938964844,67.58999633789062,67.62999725341797,600.0
2025-03-17 18:28:00+00:00,67.56999969482422,67.63999938964844,67.55000305175781,67.62999725341797,2310.0
2025-03-17 18:29:00+00:00,67.58999633789062,67.5999984741211,67.55999755859375,67.55999755859375,1835.0
2025-03-17 18:30:00+00:00,67.58000183105469,67.61000061035156,67.58000183105469,67.58999633789062,548.0
2025-03-17 18:31:00+00:00,67.54000091552734,67.58999633789062,67.54000091552734,67.56999969482422,366.0
2025-03-17 18:32:00+00:00,67.55000305175781,67.55000305175781,67.52999877929688,67.54000091552734,289.0
2025-03-17 18:33:00+00:00,67.58999633789062,67.58999633789062,67.55000305175781,67.55000305175781,314.0
2025-03-17 18:34:00+00:00,67.5999984741211,67.5999984741211,67.58000183105469,67.58000183105469,151.0
2025-03-17 18:35:00+00:00,67.55999755859375,67.61000061035156,67.55000305175781,67.61000061035156,276.0
2025-03-17 18:37:00+00:00,67.56999969482422,67.56999969482422,67.55000305175781,67.55999755859375,75.0
2025-03-17 18:38:00+00:00,67.58000183105469,67.58000183105469,67.55000305175781,67.56999969482422,810.0
2025-03-17 18:39:00+00:00,67.56999969482422,67.58999633789062,67.56999969482422,67.58999633789062,50.0
2025-03-17 18:40:00+00:00,67.58000183105469,67.58000183105469,67.56999969482422,67.56999969482422,74.0
2025-03-17 18:41:00+00:00,67.56999969482422,67.58000183105469,67.56999969482422,67.58000183105469,43.0
2025-03-17 18:42:00+00:00,67.55999755859375,67.56999969482422,67.55000305175781,67.56999969482422,371.0
2025-03-17 18:43:00+00:00,67.54000091552734,67.55000305175781,67.52999877929688,67.55000305175781,350.0
2025-03-17 18:44:00+00:00,67.55999755859375,67.55999755859375,67.55000305175781,67.55000305175781,36.0
2025-03-17 18:45:00+00:00,67.58000183105469,67.58000183105469,67.55999755859375,67.56999969482422,140.0
2025-03-17 18:46:00+00:00,67.5999984741211,67.5999984741211,67.58999633789062,67.58999633789062,34.0
2025-03-17 18:47:00+00:00,67.58000183105469,67.5999984741211,67.58000183105469,67.5999984741211,50.0
2025-03-17 18:48:00+00:00,67.58000183105469,67.58999633789062,67.58000183105469,67.58000183105469,54.0
2025-03-17 18:49:00+00:00,67.58000183105469,67.58999633789062,67.56999969482422,67.58000183105469,34.0
2025-03-17 18:50:00+00:00,67.56999969482422,67.58000183105469,67.55999755859375,67.58000183105469,51.0
2025-03-17 18:51:00+00:00,67.55999755859375,67.55999755859375,67.55999755859375,67.55999755859375,17.0
2025-03-17 18:52:00+00:00,67.52999877929688,67.55000305175781,67.5199966430664,67.55000305175781,40.0
2025-03-17 18:53:00+00:00,67.54000091552734,67.54000091552734,67.54000091552734,67.54000091552734,28.0
2025-03-17 18:54:00+00:00,67.5199966430664,67.5199966430664,67.5,67.5199966430664,70.0
2025-03-17 18:55:00+00:00,67.52999877929688,67.52999877929688,67.5199966430664,67.52999877929688,112.0
2025-03-17 18:56:00+00:00,67.52999877929688,67.54000091552734,67.5199966430664,67.52999877929688,20.0
2025-03-17 18:57:00+00:00,67.5199966430664,67.54000091552734,67.5199966430664,67.5199966430664,15.0
2025-03-17 18:58:00+00:00,67.5199966430664,67.52999877929688,67.5199966430664,67.5199966430664,41.0
2025-03-17 19:00:00+00:00,67.52999877929688,67.52999877929688,67.5199966430664,67.5199966430664,71.0
2025-03-17 19:02:00+00:00,67.55999755859375,67.55999755859375,67.52999877929688,67.54000091552734,42.0
2025-03-17 19:03:00+00:00,67.52999877929688,67.55000305175781,67.52999877929688,67.55000305175781,124.0
2025-03-17 19:04:00+00:00,67.5199966430664,67.52999877929688,67.5199966430664,67.5199966430664,37.0
2025-03-17 19:05:00+00:00,67.52999877929688,67.52999877929688,67.5199966430664,67.5199966430664,38.0
2025-03-17 19:06:00+00:00,67.55000305175781,67.55000305175781,67.52999877929688,67.52999877929688,13.0
2025-03-17 19:07:00+00:00,67.56999969482422,67.56999969482422,67.52999877929688,67.52999877929688,27.0
2025-03-17 19:08:00+00:00,67.56999969482422,67.58000183105469,67.55999755859375,67.56999969482422,49.0
2025-03-17 19:09:00+00:00,67.56999969482422,67.56999969482422,67.55999755859375,67.56999969482422,27.0
2025-03-17 19:10:00+00:00,67.58000183105469,67.58000183105469,67.55999755859375,67.56999969482422,32.0
2025-03-17 19:11:00+00:00,67.58999633789062,67.5999984741211,67.58000183105469,67.58000183105469,19.0
2025-03-17 19:12:00+00:00,67.56999969482422,67.58000183105469,67.56999969482422,67.58000183105469,36.0
2025-03-17 19:13:00+00:00,67.56999969482422,67.56999969482422,67.56999969482422,67.56999969482422,27.0
2025-03-17 19:14:00+00:00,67.58000183105469,67.58000183105469,67.56999969482422,67.56999969482422,42.0
2025-03-17 19:16:00+00:00,67.58999633789062,67.58999633789062,67.58999633789062,67.58999633789062,11.0
2025-03-17 19:17:00+00:00,67.58999633789062,67.58999633789062,67.58999633789062,67.58999633789062,16.0
2025-03-17 19:18:00+00:00,67.61000061035156,67.62000274658203,67.5999984741211,67.5999984741211,55.0
2025-03-17 19:19:00+00:00,67.62000274658203,67.62000274658203,67.61000061035156,67.61000061035156,22.0
2025-03-17 19:20:00+00:00,67.58999633789062,67.61000061035156,67.58999633789062,67.61000061035156,69.0
2025-03-17 19:21:00+00:00,67.55000305175781,67.58000183105469,67.54000091552734,67.56999969482422,33.0
2025-03-17 19:22:00+00:00,67.54000091552734,67.55000305175781,67.54000091552734,67.55000305175781,15.0
2025-03-17 19:23:00+00:00,67.54000091552734,67.55000305175781,67.52999877929688,67.54000091552734,35.0
2025-03-17 19:24:00+00:00,67.55999755859375,67.55999755859375,67.54000091552734,67.54000091552734,53.0
2025-03-17 19:25:00+00:00,67.55000305175781,67.55000305175781,67.55000305175781,67.55000305175781,295.0
2025-03-17 19:26:00+00:00,67.54000091552734,67.54000091552734,67.54000091552734,67.54000091552734,69.0
2025-03-17 19:27:00+00:00,67.54000091552734,67.55000305175781,67.52999877929688,67.55000305175781,47.0
2025-03-17 19:28:00+00:00,67.55000305175781,67.55000305175781,67.54000091552734,67.54000091552734,14.0
2025-03-17 19:29:00+00:00,67.52999877929688,67.55000305175781,67.52999877929688,67.55000305175781,609.0
2025-03-17 19:30:00+00:00,67.54000091552734,67.55000305175781,67.54000091552734,67.54000091552734,285.0
2025-03-17 19:31:00+00:00,67.5199966430664,67.52999877929688,67.5199966430664,67.52999877929688,49.0
2025-03-17 19:32:00+00:00,67.48999786376953,67.5,67.4800033569336,67.5,30.0
2025-03-17 19:33:00+00:00,67.5,67.5,67.5,67.5,31.0
2025-03-17 19:34:00+00:00,67.5199966430664,67.5199966430664,67.5,67.51000213623047,38.0
2025-03-17 19:35:00+00:00,67.51000213623047,67.51000213623047,67.48999786376953,67.51000213623047,57.0
2025-03-17 19:36:00+00:00,67.51000213623047,67.5199966430664,67.51000213623047,67.51000213623047,27.0
2025-03-17 19:37:00+00:00,67.51000213623047,67.52999877929688,67.51000213623047,67.51000213623047,32.0
2025-03-17 19:38:00+00:00,67.5,67.51000213623047,67.5,67.5,30.0
2025-03-17 19:39:00+00:00,67.48999786376953,67.5,67.48999786376953,67.5,19.0
2025-03-17 19:40:00+00:00,67.5,67.5,67.48999786376953,67.48999786376953,14.0
2025-03-17 19:42:00+00:00,67.51000213623047,67.5199966430664,67.51000213623047,67.51000213623047,18.0
2025-03-17 19:43:00+00:00,67.51000213623047,67.51000213623047,67.51000213623047,67.51000213623047,15.0
2025-03-17 19:44:00+00:00,67.5,67.51000213623047,67.5,67.51000213623047,70.0
2025-03-17 19:45:00+00:00,67.51000213623047,67.51000213623047,67.51000213623047,67.51000213623047,40.0
2025-03-17 19:46:00+00:00,67.5199966430664,67.5199966430664,67.51000213623047,67.51000213623047,15.0
2025-03-17 19:47:00+00:00,67.5199966430664,67.5199966430664,67.5199966430664,67.5199966430664,7.0
2025-03-17 19:48:00+00:00,67.55999755859375,67.55999755859375,67.52999877929688,67.52999877929688,56.0
2025-03-17 19:49:00+00:00,67.54000091552734,67.55000305175781,67.54000091552734,67.55000305175781,10.0
2025-03-17 19:50:00+00:00,67.52999877929688,67.52999877929688,67.5199966430664,67.52999877929688,16.0
2025-03-17 19:51:00+00:00,67.52999877929688,67.54000091552734,67.5199966430664,67.52999877929688,14.0
2025-03-17 19:52:00+00:00,67.54000091552734,67.54000091552734,67.5199966430664,67.54000091552734,21.0
2025-03-17 19:53:00+00:00,67.54000091552734,67.55000305175781,67.54000091552734,67.54000091552734,42.0
2025-03-17 19:54:00+00:00,67.52999877929688,67.55000305175781,67.52999877929688,67.55000305175781,106.0
2025-03-17 19:55:00+00:00,67.52999877929688,67.54000091552734,67.5199966430664,67.52999877929688,52.0
2025-03-17 19:56:00+00:00,67.5199966430664,67.52999877929688,67.5199966430664,67.52999877929688,22.0
2025-03-17 19:57:00+00:00,67.52999877929688,67.52999877929688,67.5199966430664,67.5199966430664,36.0
2025-03-17 19:58:00+00:00,67.51000213623047,67.5199966430664,67.51000213623047,67.5199966430664,42.0
2025-03-17 19:59:00+00:00,67.5,67.51000213623047,67.48999786376953,67.5,333.0
2025-03-17 20:00:00+00:00,67.5,67.51000213623047,67.48999786376953,67.5,34.0
2025-03-17 20:01:00+00:00,67.48999786376953,67.5,67.48999786376953,67.5,20.0
2025-03-17 20:02:00+00:00,67.48999786376953,67.5,67.4800033569336,67.48999786376953,34.0
2025-03-17 20:03:00+00:00,67.48999786376953,67.48999786376953,67.4800033569336,67.4800033569336,23.0
2025-03-17 20:04:00+00:00,67.48999786376953,67.5,67.4800033569336,67.48999786376953,42.0
2025-03-17 20:05:00+00:00,67.5,67.5,67.5,67.5,3.0
2025-03-17 20:06:00+00:00,67.5,67.51000213623047,67.5,67.5,85.0
2025-03-17 20:07:00+00:00,67.52999877929688,67.54000091552734,67.5,67.5,88.0
2025-03-17 20:08:00+00:00,67.52999877929688,67.52999877929688,67.52999877929688,67.52999877929688,26.0
2025-03-17 20:09:00+00:00,67.52999877929688,67.52999877929688,67.52999877929688,67.52999877929688,14.0
2025-03-17 20:10:00+00:00,67.51000213623047,67.52999877929688,67.51000213623047,67.52999877929688,34.0
2025-03-17 20:11:00+00:00,67.5199966430664,67.5199966430664,67.51000213623047,67.51000213623047,40.0
2025-03-17 20:12:00+00:00,67.51000213623047,67.51000213623047,67.51000213623047,67.51000213623047,3.0
2025-03-17 20:13:00+00:00,67.5199966430664,67.5199966430664,67.51000213623047,67.51000213623047,17.0
2025-03-17 20:14:00+00:00,67.54000091552734,67.54000091552734,67.5199966430664,67.5199966430664,63.0
2025-03-17 20:15:00+00:00,67.52999877929688,67.54000091552734,67.52999877929688,67.54000091552734,4.0
2025-03-17 20:17:00+00:00,67.51000213623047,67.51000213623047,67.5,67.51000213623047,54.0
2025-03-17 20:18:00+00:00,67.51000213623047,67.51000213623047,67.51000213623047,67.51000213623047,1.0
2025-03-17 20:20:00+00:00,67.51000213623047,67.5199966430664,67.51000213623047,67.5199966430664,16.0
2025-03-17 20:21:00+00:00,67.5199966430664,67.5199966430664,67.5199966430664,67.5199966430664,16.0
2025-03-17 20:22:00+00:00,67.5199966430664,67.5199966430664,67.5199966430664,67.5199966430664,2.0
2025-03-17 20:24:00+00:00,67.51000213623047,67.5199966430664,67.51000213623047,67.5199966430664,24.0
2025-03-17 20:25:00+00:00,67.52999877929688,67.52999877929688,67.5,67.5,63.0
2025-03-17 20:27:00+00:00,67.5199966430664,67.5199966430664,67.51000213623047,67.5199966430664,17.0
2025-03-17 20:30:00+00:00,67.5199966430664,67.5199966430664,67.5,67.5,21.0
2025-03-17 20:31:00+00:00,67.54000091552734,67.54000091552734,67.5199966430664,67.52999877929688,8.0
2025-03-17 20:32:00+00:00,67.52999877929688,67.52999877929688,67.5199966430664,67.5199966430664,7.0
2025-03-17 20:33:00+00:00,67.54000091552734,67.54000091552734,67.54000091552734,67.54000091552734,10.0
2025-03-17 20:34:00+00:00,67.54000091552734,67.55000305175781,67.52999877929688,67.54000091552734,16.0
2025-03-17 20:36:00+00:00,67.55000305175781,67.55000305175781,67.54000091552734,67.54000091552734,24.0
2025-03-17 20:37:00+00:00,67.55000305175781,67.55000305175781,67.54000091552734,67.55000305175781,285.0
2025-03-17 20:40:00+00:00,67.51000213623047,67.52999877929688,67.51000213623047,67.52999877929688,222.0
2025-03-17 20:42:00+00:00,67.51000213623047,67.5199966430664,67.51000213623047,67.5199966430664,106.0
2025-03-17 20:43:00+00:00,67.5,67.51000213623047,67.5,67.51000213623047,11.0
2025-03-17 20:44:00+00:00,67.5,67.5,67.48999786376953,67.5,84.0
2025-03-17 20:45:00+00:00,67.5,67.5,67.4800033569336,67.48999786376953,6.0
2025-03-17 20:46:00+00:00,67.48999786376953,67.5,67.48999786376953,67.5,121.0
2025-03-17 20:47:00+00:00,67.47000122070312,67.48999786376953,67.47000122070312,67.48999786376953,15.0
2025-03-17 20:48:00+00:00,67.4800033569336,67.48999786376953,67.47000122070312,67.4800033569336,64.0
2025-03-17 20:49:00+00:00,67.4800033569336,67.4800033569336,67.4800033569336,67.4800033569336,31.0
2025-03-17 20:50:00+00:00,67.47000122070312,67.4800033569336,67.47000122070312,67.47000122070312,27.0
2025-03-17 20:51:00+00:00,67.47000122070312,67.47000122070312,67.47000122070312,67.47000122070312,2.0
2025-03-17 20:52:00+00:00,67.47000122070312,67.48999786376953,67.47000122070312,67.4800033569336,20.0
2025-03-17 20:53:00+00:00,67.47000122070312,67.4800033569336,67.45999908447266,67.47000122070312,45.0
2025-03-17 20:54:00+00:00,67.47000122070312,67.47000122070312,67.47000122070312,67.47000122070312,14.0
2025-03-17 20:55:00+00:00,67.47000122070312,67.4800033569336,67.47000122070312,67.4800033569336,14.0
2025-03-17 20:56:00+00:00,67.48999786376953,67.48999786376953,67.45999908447266,67.45999908447266,29.0
2025-03-17 20:57:00+00:00,67.47000122070312,67.4800033569336,67.47000122070312,67.4800033569336,108.0
2025-03-17 20:58:00+00:00,67.47000122070312,67.47000122070312,67.45999908447266,67.45999908447266,26.0
2025-03-17 20:59:00+00:00,67.4800033569336,67.48999786376953,67.44999694824219,67.47000122070312,52.0
2025-03-17 22:00:00+00:00,67.45999908447266,67.4800033569336,67.4000015258789,67.4000015258789,0.0
2025-03-17 22:01:00+00:00,67.47000122070312,67.47000122070312,67.43000030517578,67.44999694824219,23.0
2025-03-17 22:02:00+00:00,67.45999908447266,67.47000122070312,67.45999908447266,67.47000122070312,13.0
2025-03-17 22:04:00+00:00,67.41999816894531,67.41999816894531,67.41999816894531,67.41999816894531,2.0
2025-03-17 22:05:00+00:00,67.41999816894531,67.41999816894531,67.41000366210938,67.41000366210938,7.0
2025-03-17 22:06:00+00:00,67.38999938964844,67.41999816894531,67.38999938964844,67.41999816894531,70.0
2025-03-17 22:07:00+00:00,67.37999725341797,67.37999725341797,67.37999725341797,67.37999725341797,3.0
2025-03-17 22:08:00+00:00,67.38999938964844,67.38999938964844,67.38999938964844,67.38999938964844,2.0
2025-03-17 22:09:00+00:00,67.37999725341797,67.38999938964844,67.3499984741211,67.38999938964844,9.0
2025-03-17 22:11:00+00:00,67.33000183105469,67.37999725341797,67.33000183105469,67.37999725341797,38.0
2025-03-17 22:13:00+00:00,67.33000183105469,67.33999633789062,67.33000183105469,67.33999633789062,3.0
2025-03-17 22:14:00+00:00,67.33999633789062,67.3499984741211,67.33000183105469,67.33000183105469,92.0
2025-03-17 22:16:00+00:00,67.30999755859375,67.33999633789062,67.30999755859375,67.33999633789062,8.0
2025-03-17 22:17:00+00:00,67.30000305175781,67.31999969482422,67.30000305175781,67.31999969482422,12.0
2025-03-17 22:18:00+00:00,67.30999755859375,67.30999755859375,67.27999877929688,67.30000305175781,10.0
2025-03-17 22:19:00+00:00,67.31999969482422,67.31999969482422,67.30999755859375,67.30999755859375,16.0
2025-03-17 22:20:00+00:00,67.33000183105469,67.33000183105469,67.30999755859375,67.30999755859375,12.0
2025-03-17 22:21:00+00:00,67.31999969482422,67.33000183105469,67.30999755859375,67.33000183105469,11.0
2025-03-17 22:23:00+00:00,67.36000061035156,67.36000061035156,67.33000183105469,67.33000183105469,10.0
2025-03-17 22:26:00+00:00,67.37999725341797,67.4000015258789,67.37999725341797,67.37999725341797,60.0
2025-03-17 22:27:00+00:00,67.37000274658203,67.37000274658203,67.37000274658203,67.37000274658203,40.0
2025-03-17 22:29:00+00:00,67.41000366210938,67.41000366210938,67.38999938964844,67.4000015258789,3.0
2025-03-17 22:30:00+00:00,67.4000015258789,67.41000366210938,67.38999938964844,67.41000366210938,4.0
2025-03-17 22:31:00+00:00,67.4000015258789,67.4000015258789,67.4000015258789,67.4000015258789,2.0
2025-03-17 22:32:00+00:00,67.4000015258789,67.41000366210938,67.4000015258789,67.4000015258789,6.0
2025-03-17 22:33:00+00:00,67.4000015258789,67.4000015258789,67.4000015258789,67.4000015258789,5.0
2025-03-17 22:34:00+00:00,67.38999938964844,67.38999938964844,67.38999938964844,67.38999938964844,1.0
2025-03-17 22:38:00+00:00,67.4000015258789,67.4000015258789,67.4000015258789,67.4000015258789,1.0
2025-03-17 22:42:00+00:00,67.41000366210938,67.41000366210938,67.41000366210938,67.41000366210938,1.0
2025-03-17 22:45:00+00:00,67.37999725341797,67.4000015258789,67.37999725341797,67.4000015258789,9.0
2025-03-17 22:48:00+00:00,67.41000366210938,67.41000366210938,67.4000015258789,67.4000015258789,15.0
2025-03-17 22:49:00+00:00,67.36000061035156,67.37999725341797,67.36000061035156,67.37999725341797,11.0
2025-03-17 22:52:00+00:00,67.37000274658203,67.37000274658203,67.37000274658203,67.37000274658203,4.0
2025-03-17 22:53:00+00:00,67.36000061035156,67.36000061035156,67.36000061035156,67.36000061035156,1.0
2025-03-17 22:54:00+00:00,67.3499984741211,67.3499984741211,67.3499984741211,67.3499984741211,4.0
2025-03-17 22:56:00+00:00,67.3499984741211,67.3499984741211,67.3499984741211,67.3499984741211,1.0
2025-03-17 22:57:00+00:00,67.3499984741211,67.3499984741211,67.33999633789062,67.33999633789062,3.0
2025-03-17 22:59:00+00:00,67.36000061035156,67.36000061035156,67.3499984741211,67.3499984741211,4.0
2025-03-17 23:00:00+00:00,67.33999633789062,67.33999633789062,67.33999633789062,67.33999633789062,4.0
2025-03-17 23:01:00+00:00,67.36000061035156,67.36000061035156,67.36000061035156,67.36000061035156,3.0
2025-03-17 23:02:00+00:00,67.37999725341797,67.37999725341797,67.36000061035156,67.36000061035156,3.0
2025-03-17 23:04:00+00:00,67.37000274658203,67.37000274658203,67.37000274658203,67.37000274658203,5.0
2025-03-17 23:06:00+00:00,67.3499984741211,67.3499984741211,67.33999633789062,67.33999633789062,16.0
2025-03-17 23:08:00+00:00,67.33999633789062,67.33999633789062,67.33999633789062,67.33999633789062,1.0
2025-03-17 23:14:00+00:00,67.33000183105469,67.33999633789062,67.33000183105469,67.33999633789062,6.0
2025-03-17 23:15:00+00:00,67.33000183105469,67.33000183105469,67.33000183105469,67.33000183105469,5.0
2025-03-17 23:28:00+00:00,67.37000274658203,67.37000274658203,67.33999633789062,67.33999633789062,7.0
2025-03-17 23:31:00+00:00,67.36000061035156,67.4000015258789,67.36000061035156,67.36000061035156,113.0
2025-03-17 23:32:00+00:00,67.37999725341797,67.37999725341797,67.3499984741211,67.36000061035156,13.0
2025-03-17 23:33:00+00:00,67.36000061035156,67.36000061035156,67.36000061035156,67.36000061035156,5.0
2025-03-17 23:34:00+00:00,67.37999725341797,67.37999725341797,67.37999725341797,67.37999725341797,1.0
2025-03-17 23:37:00+00:00,67.38999938964844,67.38999938964844,67.38999938964844,67.38999938964844,3.0
2025-03-17 23:38:00+00:00,67.41000366210938,67.41999816894531,67.4000015258789,67.4000015258789,10.0
2025-03-17 23:46:00+00:00,67.41999816894531,67.41999816894531,67.41999816894531,67.41999816894531,1.0
2025-03-17 23:53:00+00:00,67.4000015258789,67.4000015258789,67.4000015258789,67.4000015258789,11.0
2025-03-18 00:00:00+00:00,67.41000366210938,67.41999816894531,67.4000015258789,67.4000015258789,21.0
2025-03-18 00:01:00+00:00,67.41999816894531,67.44999694824219,67.41000366210938,67.41000366210938,62.0
2025-03-18 00:02:00+00:00,67.44999694824219,67.44999694824219,67.4000015258789,67.41000366210938,22.0
2025-03-18 00:03:00+00:00,67.45999908447266,67.47000122070312,67.44999694824219,67.45999908447266,23.0
2025-03-18 00:04:00+00:00,67.47000122070312,67.47000122070312,67.47000122070312,67.47000122070312,3.0
2025-03-18 00:05:00+00:00,67.45999908447266,67.45999908447266,67.45999908447266,67.45999908447266,12.0
2025-03-18 00:06:00+00:00,67.44999694824219,67.45999908447266,67.44000244140625,67.45999908447266,9.0
2025-03-18 00:08:00+00:00,67.44999694824219,67.44999694824219,67.44999694824219,67.44999694824219,22.0
2025-03-18 00:11:00+00:00,67.48999786376953,67.48999786376953,67.4800033569336,67.4800033569336,4.0
2025-03-18 00:12:00+00:00,67.4800033569336,67.4800033569336,67.4800033569336,67.4800033569336,3.0
2025-03-18 00:13:00+00:00,67.48999786376953,67.48999786376953,67.48999786376953,67.48999786376953,16.0
2025-03-18 00:14:00+00:00,67.48999786376953,67.48999786376953,67.48999786376953,67.48999786376953,49.0
2025-03-18 00:17:00+00:00,67.4800033569336,67.4800033569336,67.4800033569336,67.4800033569336,2.0
2025-03-18 00:19:00+00:00,67.47000122070312,67.47000122070312,67.47000122070312,67.47000122070312,1.0
2025-03-18 00:21:00+00:00,67.48999786376953,67.48999786376953,67.48999786376953,67.48999786376953,11.0
2025-03-18 00:22:00+00:00,67.5,67.51000213623047,67.5,67.51000213623047,2.0
2025-03-18 00:24:00+00:00,67.47000122070312,67.48999786376953,67.47000122070312,67.48999786376953,44.0
2025-03-18 00:25:00+00:00,67.47000122070312,67.47000122070312,67.47000122070312,67.47000122070312,6.0
2025-03-18 00:27:00+00:00,67.4800033569336,67.4800033569336,67.4800033569336,67.4800033569336,50.0
2025-03-18 00:29:00+00:00,67.4800033569336,67.4800033569336,67.4800033569336,67.4800033569336,64.0
2025-03-18 00:37:00+00:00,67.48999786376953,67.48999786376953,67.48999786376953,67.48999786376953,32.0
2025-03-18 00:39:00+00:00,67.5,67.5,67.5,67.5,1.0
2025-03-18 00:40:00+00:00,67.48999786376953,67.48999786376953,67.48999786376953,67.48999786376953,1.0
2025-03-18 00:41:00+00:00,67.48999786376953,67.5,67.48999786376953,67.5,4.0
2025-03-18 00:43:00+00:00,67.5,67.51000213623047,67.4800033569336,67.4800033569336,15.0
2025-03-18 00:45:00+00:00,67.5,67.5,67.5,67.5,5.0
2025-03-18 00:46:00+00:00,67.48999786376953,67.5,67.48999786376953,67.5,105.0
2025-03-18 00:47:00+00:00,67.45999908447266,67.47000122070312,67.45999908447266,67.45999908447266,80.0
2025-03-18 00:49:00+00:00,67.47000122070312,67.47000122070312,67.47000122070312,67.47000122070312,26.0
2025-03-18 00:50:00+00:00,67.48999786376953,67.48999786376953,67.45999908447266,67.47000122070312,34.0
2025-03-18 00:51:00+00:00,67.5,67.5,67.48999786376953,67.5,61.0
2025-03-18 00:55:00+00:00,67.4800033569336,67.4800033569336,67.47000122070312,67.47000122070312,3.0
2025-03-18 00:58:00+00:00,67.45999908447266,67.45999908447266,67.44999694824219,67.44999694824219,2.0
2025-03-18 00:59:00+00:00,67.47000122070312,67.47000122070312,67.47000122070312,67.47000122070312,10.0
2025-03-18 01:02:00+00:00,67.4800033569336,67.4800033569336,67.45999908447266,67.45999908447266,4.0
2025-03-18 01:03:00+00:00,67.5199966430664,67.5199966430664,67.4800033569336,67.4800033569336,10.0
2025-03-18 01:04:00+00:00,67.54000091552734,67.54000091552734,67.5199966430664,67.5199966430664,11.0
2025-03-18 01:05:00+00:00,67.52999877929688,67.54000091552734,67.52999877929688,67.52999877929688,6.0
2025-03-18 01:06:00+00:00,67.52999877929688,67.52999877929688,67.52999877929688,67.52999877929688,5.0
2025-03-18 01:09:00+00:00,67.54000091552734,67.54000091552734,67.51000213623047,67.52999877929688,12.0
2025-03-18 01:10:00+00:00,67.51000213623047,67.52999877929688,67.51000213623047,67.52999877929688,4.0
2025-03-18 01:12:00+00:00,67.54000091552734,67.54000091552734,67.54000091552734,67.54000091552734,2.0
2025-03-18 01:13:00+00:00,67.55000305175781,67.55000305175781,67.52999877929688,67.52999877929688,10.0
2025-03-18 01:14:00+00:00,67.56999969482422,67.58000183105469,67.56999969482422,67.56999969482422,28.0
2025-03-18 01:15:00+00:00,67.62000274658203,67.62000274658203,67.58999633789062,67.58999633789062,19.0
2025-03-18 01:16:00+00:00,67.61000061035156,67.62000274658203,67.5999984741211,67.62000274658203,16.0
2025-03-18 01:17:00+00:00,67.58999633789062,67.62999725341797,67.58999633789062,67.61000061035156,8.0
2025-03-18 01:18:00+00:00,67.62000274658203,67.62000274658203,67.58999633789062,67.58999633789062,95.0
2025-03-18 01:19:00+00:00,67.62999725341797,67.63999938964844,67.62000274658203,67.62000274658203,41.0
2025-03-18 01:20:00+00:00,67.62999725341797,67.63999938964844,67.62999725341797,67.62999725341797,106.0
2025-03-18 01:21:00+00:00,67.66999816894531,67.66999816894531,67.6500015258789,67.6500015258789,21.0
2025-03-18 01:23:00+00:00,67.66000366210938,67.66000366210938,67.66000366210938,67.66000366210938,2.0
2025-03-18 01:24:00+00:00,67.63999938964844,67.66999816894531,67.63999938964844,67.66999816894531,4.0
2025-03-18 01:25:00+00:00,67.66999816894531,67.68000030517578,67.66000366210938,67.66000366210938,7.0
2025-03-18 01:26:00+00:00,67.68000030517578,67.69000244140625,67.68000030517578,67.68000030517578,12.0
2025-03-18 01:27:00+00:00,67.7300033569336,67.7300033569336,67.69999694824219,67.69999694824219,13.0
2025-03-18 01:28:00+00:00,67.70999908447266,67.7300033569336,67.70999908447266,67.72000122070312,5.0
2025-03-18 01:30:00+00:00,67.66999816894531,67.69999694824219,67.66999816894531,67.69999694824219,8.0
2025-03-18 01:31:00+00:00,67.66000366210938,67.66000366210938,67.6500015258789,67.6500015258789,11.0
2025-03-18 01:32:00+00:00,67.66000366210938,67.66999816894531,67.66000366210938,67.66999816894531,2.0
2025-03-18 01:35:00+00:00,67.66000366210938,67.66000366210938,67.66000366210938,67.66000366210938,13.0
2025-03-18 01:36:00+00:00,67.63999938964844,67.66000366210938,67.63999938964844,67.6500015258789,13.0
2025-03-18 01:37:00+00:00,67.5999984741211,67.63999938964844,67.56999969482422,67.63999938964844,14.0
2025-03-18 01:38:00+00:00,67.58999633789062,67.5999984741211,67.58999633789062,67.5999984741211,2.0
2025-03-18 01:39:00+00:00,67.5999984741211,67.62000274658203,67.5999984741211,67.61000061035156,39.0
2025-03-18 01:40:00+00:00,67.61000061035156,67.61000061035156,67.61000061035156,67.61000061035156,1.0
2025-03-18 01:42:00+00:00,67.61000061035156,67.63999938964844,67.61000061035156,67.62000274658203,5.0
2025-03-18 01:44:00+00:00,67.63999938964844,67.63999938964844,67.62000274658203,67.62000274658203,3.0
2025-03-18 01:46:00+00:00,67.66000366210938,67.66000366210938,67.66000366210938,67.66000366210938,21.0
2025-03-18 01:47:00+00:00,67.62999725341797,67.62999725341797,67.62999725341797,67.62999725341797,2.0
2025-03-18 01:48:00+00:00,67.66000366210938,67.66000366210938,67.66000366210938,67.66000366210938,30.0
2025-03-18 01:49:00+00:00,67.69999694824219,67.69999694824219,67.66000366210938,67.66000366210938,3.0
2025-03-18 01:50:00+00:00,67.69999694824219,67.69999694824219,67.69000244140625,67.69000244140625,57.0
2025-03-18 01:51:00+00:00,67.72000122070312,67.72000122070312,67.70999908447266,67.70999908447266,2.0
2025-03-18 01:55:00+00:00,67.69999694824219,67.69999694824219,67.69000244140625,67.69000244140625,2.0
2025-03-18 01:56:00+00:00,67.69000244140625,67.69000244140625,67.68000030517578,67.68000030517578,4.0
2025-03-18 01:57:00+00:00,67.7300033569336,67.7300033569336,67.69999694824219,67.69999694824219,8.0
2025-03-18 01:58:00+00:00,67.69999694824219,67.69999694824219,67.69000244140625,67.69000244140625,3.0
2025-03-18 01:59:00+00:00,67.69999694824219,67.69999694824219,67.69999694824219,67.69999694824219,2.0
2025-03-18 02:00:00+00:00,67.69000244140625,67.69000244140625,67.69000244140625,67.69000244140625,3.0
2025-03-18 02:01:00+00:00,67.68000030517578,67.68000030517578,67.68000030517578,67.68000030517578,12.0
2025-03-18 02:09:00+00:00,67.68000030517578,67.68000030517578,67.68000030517578,67.68000030517578,11.0
2025-03-18 02:12:00+00:00,67.69999694824219,67.69999694824219,67.68000030517578,67.68000030517578,6.0
2025-03-18 02:13:00+00:00,67.75,67.75,67.73999786376953,67.73999786376953,8.0
2025-03-18 02:15:00+00:00,67.75,67.75,67.75,67.75,1.0
2025-03-18 02:16:00+00:00,67.75,67.75,67.75,67.75,4.0
2025-03-18 02:18:00+00:00,67.70999908447266,67.73999786376953,67.70999908447266,67.73999786376953,8.0
2025-03-18 02:20:00+00:00,67.73999786376953,67.73999786376953,67.72000122070312,67.72000122070312,33.0
2025-03-18 02:21:00+00:00,67.76000213623047,67.76000213623047,67.75,67.75,7.0
2025-03-18 02:23:00+00:00,67.7699966430664,67.7699966430664,67.76000213623047,67.76000213623047,7.0
2025-03-18 02:24:00+00:00,67.76000213623047,67.76000213623047,67.75,67.76000213623047,4.0
2025-03-18 02:27:00+00:00,67.76000213623047,67.76000213623047,67.76000213623047,67.76000213623047,2.0
2025-03-18 02:30:00+00:00,67.76000213623047,67.76000213623047,67.73999786376953,67.76000213623047,5.0
2025-03-18 02:31:00+00:00,67.76000213623047,67.76000213623047,67.75,67.75,5.0
2025-03-18 02:32:00+00:00,67.73999786376953,67.73999786376953,67.73999786376953,67.73999786376953,3.0
2025-03-18 02:33:00+00:00,67.73999786376953,67.73999786376953,67.73999786376953,67.73999786376953,1.0
2025-03-18 02:34:00+00:00,67.80000305175781,67.80000305175781,67.7699966430664,67.7699966430664,54.0
2025-03-18 02:35:00+00:00,67.80000305175781,67.80000305175781,67.80000305175781,67.80000305175781,2.0
2025-03-18 02:37:00+00:00,67.7699966430664,67.7699966430664,67.7699966430664,67.7699966430664,4.0
2025-03-18 02:38:00+00:00,67.77999877929688,67.77999877929688,67.77999877929688,67.77999877929688,3.0
2025-03-18 02:39:00+00:00,67.80000305175781,67.80000305175781,67.80000305175781,67.80000305175781,5.0
2025-03-18 02:40:00+00:00,67.81999969482422,67.81999969482422,67.80999755859375,67.80999755859375,4.0
2025-03-18 02:41:00+00:00,67.83000183105469,67.83999633789062,67.83000183105469,67.83000183105469,5.0
2025-03-18 02:42:00+00:00,67.83000183105469,67.83000183105469,67.83000183105469,67.83000183105469,1.0
2025-03-18 02:43:00+00:00,67.81999969482422,67.81999969482422,67.81999969482422,67.81999969482422,1.0
2025-03-18 02:44:00+00:00,67.80999755859375,67.80999755859375,67.80999755859375,67.80999755859375,2.0
2025-03-18 02:45:00+00:00,67.80999755859375,67.83000183105469,67.80999755859375,67.83000183105469,4.0
2025-03-18 02:49:00+00:00,67.80999755859375,67.80999755859375,67.80999755859375,67.80999755859375,8.0
2025-03-18 02:57:00+00:00,67.83000183105469,67.8499984741211,67.83000183105469,67.8499984741211,7.0
2025-03-18 02:58:00+00:00,67.83000183105469,67.83000183105469,67.83000183105469,67.83000183105469,44.0
2025-03-18 02:59:00+00:00,67.8499984741211,67.8499984741211,67.8499984741211,67.8499984741211,1.0
2025-03-18 03:00:00+00:00,67.83000183105469,67.83000183105469,67.83000183105469,67.83000183105469,2.0
2025-03-18 03:02:00+00:00,67.80999755859375,67.83000183105469,67.80999755859375,67.83000183105469,5.0
2025-03-18 03:04:00+00:00,67.76000213623047,67.7699966430664,67.76000213623047,67.7699966430664,4.0
2025-03-18 03:05:00+00:00,67.70999908447266,67.72000122070312,67.70999908447266,67.72000122070312,4.0
2025-03-18 03:07:00+00:00,67.7699966430664,67.7699966430664,67.76000213623047,67.76000213623047,6.0
2025-03-18 03:09:00+00:00,67.76000213623047,67.76000213623047,67.7300033569336,67.7300033569336,3.0
2025-03-18 03:11:00+00:00,67.73999786376953,67.73999786376953,67.73999786376953,67.73999786376953,2.0
2025-03-18 03:15:00+00:00,67.76000213623047,67.7699966430664,67.76000213623047,67.7699966430664,7.0
2025-03-18 03:18:00+00:00,67.7300033569336,67.7300033569336,67.7300033569336,67.7300033569336,14.0
2025-03-18 03:21:00+00:00,67.73999786376953,67.75,67.73999786376953,67.75,7.0
2025-03-18 03:22:00+00:00,67.75,67.75,67.7300033569336,67.7300033569336,7.0
2025-03-18 03:24:00+00:00,67.77999877929688,67.77999877929688,67.76000213623047,67.76000213623047,3.0
2025-03-18 03:25:00+00:00,67.79000091552734,67.79000091552734,67.79000091552734,67.79000091552734,1.0
2025-03-18 03:26:00+00:00,67.77999877929688,67.77999877929688,67.77999877929688,67.77999877929688,1.0
2025-03-18 03:28:00+00:00,67.7699966430664,67.7699966430664,67.7699966430664,67.7699966430664,3.0
2025-03-18 03:30:00+00:00,67.75,67.75,67.75,67.75,17.0
2025-03-18 03:36:00+00:00,67.76000213623047,67.76000213623047,67.75,67.75,4.0
2025-03-18 03:37:00+00:00,67.70999908447266,67.75,67.70999908447266,67.75,51.0
2025-03-18 03:40:00+00:00,67.72000122070312,67.72000122070312,67.72000122070312,67.72000122070312,58.0
2025-03-18 03:51:00+00:00,67.72000122070312,67.72000122070312,67.72000122070312,67.72000122070312,35.0
2025-03-18 03:55:00+00:00,67.70999908447266,67.70999908447266,67.69999694824219,67.69999694824219,19.0
2025-03-18 03:58:00+00:00,67.73999786376953,67.73999786376953,67.7300033569336,67.7300033569336,9.0
2025-03-18 04:01:00+00:00,67.7300033569336,67.7300033569336,67.70999908447266,67.70999908447266,15.0
2025-03-18 04:04:00+00:00,67.7300033569336,67.7300033569336,67.72000122070312,67.72000122070312,4.0
2025-03-18 04:09:00+00:00,67.7300033569336,67.7300033569336,67.7300033569336,67.7300033569336,2.0
2025-03-18 04:10:00+00:00,67.73999786376953,67.73999786376953,67.7300033569336,67.7300033569336,3.0
2025-03-18 04:15:00+00:00,67.76000213623047,67.76000213623047,67.76000213623047,67.76000213623047,5.0
2025-03-18 04:16:00+00:00,67.7699966430664,67.7699966430664,67.76000213623047,67.76000213623047,25.0
2025-03-18 04:17:00+00:00,67.77999877929688,67.77999877929688,67.77999877929688,67.77999877929688,7.0
2025-03-18 04:18:00+00:00,67.7699966430664,67.77999877929688,67.7699966430664,67.77999877929688,10.0
2025-03-18 04:19:00+00:00,67.7699966430664,67.77999877929688,67.7699966430664,67.77999877929688,9.0
2025-03-18 04:20:00+00:00,67.77999877929688,67.77999877929688,67.7699966430664,67.7699966430664,8.0
2025-03-18 04:21:00+00:00,67.77999877929688,67.77999877929688,67.77999877929688,67.77999877929688,8.0
2025-03-18 04:22:00+00:00,67.79000091552734,67.79000091552734,67.77999877929688,67.77999877929688,8.0
2025-03-18 04:23:00+00:00,67.80000305175781,67.80000305175781,67.77999877929688,67.77999877929688,16.0
2025-03-18 04:24:00+00:00,67.80000305175781,67.80000305175781,67.77999877929688,67.80000305175781,14.0
2025-03-18 04:25:00+00:00,67.80000305175781,67.80000305175781,67.80000305175781,67.80000305175781,6.0
2025-03-18 04:26:00+00:00,67.80000305175781,67.80000305175781,67.80000305175781,67.80000305175781,9.0
2025-03-18 04:27:00+00:00,67.80999755859375,67.80999755859375,67.80000305175781,67.80000305175781,10.0
2025-03-18 04:28:00+00:00,67.80999755859375,67.80999755859375,67.80999755859375,67.80999755859375,10.0
2025-03-18 04:29:00+00:00,67.80999755859375,67.80999755859375,67.80000305175781,67.80999755859375,12.0
2025-03-18 04:30:00+00:00,67.80000305175781,67.80000305175781,67.80000305175781,67.80000305175781,13.0
2025-03-18 04:31:00+00:00,67.80000305175781,67.80000305175781,67.79000091552734,67.80000305175781,9.0
2025-03-18 04:32:00+00:00,67.79000091552734,67.80999755859375,67.79000091552734,67.80000305175781,5.0
2025-03-18 04:35:00+00:00,67.80000305175781,67.80000305175781,67.80000305175781,67.80000305175781,4.0
2025-03-18 04:36:00+00:00,67.80000305175781,67.80000305175781,67.79000091552734,67.80000305175781,4.0
2025-03-18 04:44:00+00:00,67.77999877929688,67.77999877929688,67.77999877929688,67.77999877929688,19.0
2025-03-18 04:53:00+00:00,67.7699966430664,67.7699966430664,67.7699966430664,67.7699966430664,2.0
2025-03-18 05:00:00+00:00,67.72000122070312,67.73999786376953,67.72000122070312,67.73999786376953,8.0
2025-03-18 05:01:00+00:00,67.72000122070312,67.72000122070312,67.72000122070312,67.72000122070312,2.0
2025-03-18 05:02:00+00:00,67.72000122070312,67.72000122070312,67.70999908447266,67.70999908447266,4.0
2025-03-18 05:03:00+00:00,67.7300033569336,67.7300033569336,67.7300033569336,67.7300033569336,15.0
2025-03-18 05:04:00+00:00,67.7300033569336,67.7300033569336,67.7300033569336,67.7300033569336,7.0
2025-03-18 05:05:00+00:00,67.7300033569336,67.75,67.7300033569336,67.75,32.0
2025-03-18 05:06:00+00:00,67.7300033569336,67.7300033569336,67.7300033569336,67.7300033569336,1.0
2025-03-18 05:13:00+00:00,67.76000213623047,67.76000213623047,67.76000213623047,67.76000213623047,1.0
2025-03-18 05:20:00+00:00,67.7699966430664,67.7699966430664,67.73999786376953,67.75,168.0
2025-03-18 05:23:00+00:00,67.7300033569336,67.73999786376953,67.72000122070312,67.73999786376953,7.0
2025-03-18 05:26:00+00:00,67.75,67.75,67.75,67.75,20.0
2025-03-18 05:28:00+00:00,67.79000091552734,67.79000091552734,67.79000091552734,67.79000091552734,2.0
2025-03-18 05:29:00+00:00,67.79000091552734,67.80000305175781,67.79000091552734,67.79000091552734,7.0
2025-03-18 05:30:00+00:00,67.81999969482422,67.81999969482422,67.79000091552734,67.79000091552734,3.0
2025-03-18 05:33:00+00:00,67.83999633789062,67.83999633789062,67.83999633789062,67.83999633789062,4.0
2025-03-18 05:34:00+00:00,67.8499984741211,67.86000061035156,67.83999633789062,67.83999633789062,12.0
2025-03-18 05:35:00+00:00,67.87000274658203,67.87000274658203,67.8499984741211,67.8499984741211,3.0
2025-03-18 05:36:00+00:00,67.86000061035156,67.86000061035156,67.86000061035156,67.86000061035156,1.0
2025-03-18 05:37:00+00:00,67.86000061035156,67.86000061035156,67.86000061035156,67.86000061035156,2.0
2025-03-18 05:41:00+00:00,67.87000274658203,67.87000274658203,67.87000274658203,67.87000274658203,5.0
2025-03-18 05:42:00+00:00,67.87000274658203,67.87000274658203,67.87000274658203,67.87000274658203,3.0
2025-03-18 05:44:00+00:00,67.86000061035156,67.86000061035156,67.8499984741211,67.8499984741211,2.0
2025-03-18 05:45:00+00:00,67.87999725341797,67.87999725341797,67.86000061035156,67.86000061035156,9.0
2025-03-18 05:46:00+00:00,67.88999938964844,67.9000015258789,67.88999938964844,67.9000015258789,20.0
2025-03-18 05:47:00+00:00,67.87999725341797,67.88999938964844,67.87999725341797,67.88999938964844,4.0
2025-03-18 05:48:00+00:00,67.9000015258789,67.91999816894531,67.9000015258789,67.9000015258789,94.0
2025-03-18 05:50:00+00:00,67.87999725341797,67.9000015258789,67.87999725341797,67.9000015258789,4.0
2025-03-18 05:51:00+00:00,67.87000274658203,67.87000274658203,67.87000274658203,67.87000274658203,1.0
2025-03-18 05:52:00+00:00,67.87999725341797,67.87999725341797,67.87000274658203,67.87000274658203,3.0
2025-03-18 05:55:00+00:00,67.91000366210938,67.91000366210938,67.87999725341797,67.88999938964844,158.0
2025-03-18 05:58:00+00:00,67.93000030517578,67.94000244140625,67.93000030517578,67.93000030517578,15.0
2025-03-18 05:59:00+00:00,67.93000030517578,67.93000030517578,67.93000030517578,67.93000030517578,4.0
2025-03-18 06:00:00+00:00,67.94000244140625,67.94000244140625,67.94000244140625,67.94000244140625,3.0
2025-03-18 06:01:00+00:00,67.91999816894531,67.91999816894531,67.91000366210938,67.91000366210938,5.0
2025-03-18 06:04:00+00:00,67.94000244140625,67.94000244140625,67.94000244140625,67.94000244140625,4.0
2025-03-18 06:06:00+00:00,67.94000244140625,67.94999694824219,67.94000244140625,67.94999694824219,10.0
2025-03-18 06:07:00+00:00,67.94000244140625,67.94999694824219,67.94000244140625,67.94999694824219,13.0
2025-03-18 06:08:00+00:00,67.91000366210938,67.94000244140625,67.91000366210938,67.94000244140625,3.0
2025-03-18 06:09:00+00:00,67.87999725341797,67.91000366210938,67.87999725341797,67.91000366210938,42.0
2025-03-18 06:10:00+00:00,67.88999938964844,67.88999938964844,67.88999938964844,67.88999938964844,1.0
2025-03-18 06:11:00+00:00,67.91000366210938,67.91000366210938,67.91000366210938,67.91000366210938,4.0
2025-03-18 06:12:00+00:00,67.88999938964844,67.88999938964844,67.88999938964844,67.88999938964844,2.0
2025-03-18 06:15:00+00:00,67.87999725341797,67.91000366210938,67.87999725341797,67.9000015258789,6.0
2025-03-18 06:16:00+00:00,67.87999725341797,67.88999938964844,67.87999725341797,67.88999938964844,8.0
2025-03-18 06:19:00+00:00,67.87999725341797,67.87999725341797,67.87999725341797,67.87999725341797,2.0
2025-03-18 06:20:00+00:00,67.91999816894531,67.91999816894531,67.9000015258789,67.9000015258789,9.0
2025-03-18 06:21:00+00:00,67.93000030517578,67.93000030517578,67.93000030517578,67.93000030517578,2.0
2025-03-18 06:22:00+00:00,67.94000244140625,67.94999694824219,67.93000030517578,67.93000030517578,75.0
2025-03-18 06:24:00+00:00,67.94999694824219,67.94999694824219,67.94000244140625,67.94000244140625,5.0
2025-03-18 06:25:00+00:00,67.94999694824219,67.94999694824219,67.94999694824219,67.94999694824219,1.0
2025-03-18 06:26:00+00:00,67.94999694824219,67.94999694824219,67.94999694824219,67.94999694824219,97.0
2025-03-18 06:27:00+00:00,67.95999908447266,67.95999908447266,67.95999908447266,67.95999908447266,6.0
2025-03-18 06:29:00+00:00,67.94000244140625,67.94000244140625,67.94000244140625,67.94000244140625,1.0
2025-03-18 06:30:00+00:00,67.93000030517578,67.94000244140625,67.93000030517578,67.94000244140625,4.0
2025-03-18 06:31:00+00:00,67.93000030517578,67.94000244140625,67.93000030517578,67.93000030517578,4.0
2025-03-18 06:32:00+00:00,67.91000366210938,67.91999816894531,67.91000366210938,67.91999816894531,4.0
2025-03-18 06:34:00+00:00,67.91999816894531,67.91999816894531,67.91999816894531,67.91999816894531,1.0
2025-03-18 06:36:00+00:00,67.91999816894531,67.91999816894531,67.91000366210938,67.91999816894531,5.0
2025-03-18 06:37:00+00:00,67.91999816894531,67.91999816894531,67.91999816894531,67.91999816894531,3.0
2025-03-18 06:39:00+00:00,67.91999816894531,67.91999816894531,67.91999816894531,67.91999816894531,4.0
2025-03-18 06:40:00+00:00,67.93000030517578,67.94000244140625,67.91999816894531,67.91999816894531,6.0
2025-03-18 06:41:00+00:00,67.93000030517578,67.93000030517578,67.93000030517578,67.93000030517578,1.0
2025-03-18 06:42:00+00:00,67.91999816894531,67.91999816894531,67.91999816894531,67.91999816894531,5.0
2025-03-18 06:48:00+00:00,67.93000030517578,67.93000030517578,67.91999816894531,67.93000030517578,5.0
2025-03-18 06:49:00+00:00,67.9000015258789,67.93000030517578,67.9000015258789,67.93000030517578,16.0
2025-03-18 06:50:00+00:00,67.91999816894531,67.91999816894531,67.88999938964844,67.88999938964844,6.0
2025-03-18 06:55:00+00:00,67.88999938964844,67.88999938964844,67.87999725341797,67.87999725341797,14.0
2025-03-18 07:00:00+00:00,67.9000015258789,67.91000366210938,67.88999938964844,67.91000366210938,5.0
2025-03-18 07:06:00+00:00,67.94999694824219,67.95999908447266,67.94000244140625,67.94999694824219,357.0
2025-03-18 07:07:00+00:00,67.94999694824219,67.94999694824219,67.94000244140625,67.94999694824219,81.0
2025-03-18 07:08:00+00:00,67.91000366210938,67.94999694824219,67.91000366210938,67.94999694824219,219.0
2025-03-18 07:09:00+00:00,67.91000366210938,67.91999816894531,67.91000366210938,67.91000366210938,34.0
2025-03-18 07:11:00+00:00,67.94000244140625,67.94000244140625,67.93000030517578,67.93000030517578,172.0
2025-03-18 07:13:00+00:00,67.97000122070312,67.97000122070312,67.94000244140625,67.94000244140625,4.0
2025-03-18 07:14:00+00:00,67.98999786376953,68.0,67.97000122070312,67.97000122070312,84.0
2025-03-18 07:15:00+00:00,67.98999786376953,68.0,67.9800033569336,67.9800033569336,18.0
2025-03-18 07:16:00+00:00,67.98999786376953,68.0,67.98999786376953,68.0,18.0
2025-03-18 07:17:00+00:00,67.9800033569336,67.9800033569336,67.9800033569336,67.9800033569336,6.0
2025-03-18 07:18:00+00:00,67.9800033569336,67.9800033569336,67.9800033569336,67.9800033569336,7.0
2025-03-18 07:19:00+00:00,67.97000122070312,67.9800033569336,67.97000122070312,67.97000122070312,10.0
2025-03-18 07:20:00+00:00,67.9800033569336,67.9800033569336,67.9800033569336,67.9800033569336,3.0
2025-03-18 07:21:00+00:00,68.0,68.0,67.98999786376953,67.98999786376953,15.0
2025-03-18 07:22:00+00:00,68.01000213623047,68.0199966430664,67.98999786376953,68.01000213623047,88.0
2025-03-18 07:23:00+00:00,68.0,68.01000213623047,68.0,68.01000213623047,97.0
2025-03-18 07:24:00+00:00,68.0,68.01000213623047,67.98999786376953,68.0,253.0
2025-03-18 07:25:00+00:00,68.0,68.0,67.9800033569336,67.9800033569336,9.0
2025-03-18 07:26:00+00:00,68.01000213623047,68.01000213623047,68.01000213623047,68.01000213623047,3.0
2025-03-18 07:27:00+00:00,68.0199966430664,68.0199966430664,68.0199966430664,68.0199966430664,16.0
2025-03-18 07:28:00+00:00,68.0,68.02999877929688,68.0,68.02999877929688,30.0
2025-03-18 07:29:00+00:00,68.01000213623047,68.01000213623047,67.98999786376953,68.0,13.0
2025-03-18 07:40:00+00:00,68.12999725341797,68.12999725341797,68.11000061035156,68.11000061035156,375.0
2025-03-18 07:41:00+00:00,68.12999725341797,68.1500015258789,68.12999725341797,68.12999725341797,15.0
2025-03-18 07:42:00+00:00,68.18000030517578,68.18000030517578,68.12999725341797,68.12999725341797,59.0
2025-03-18 07:43:00+00:00,68.16999816894531,68.16999816894531,68.16000366210938,68.16999816894531,11.0
2025-03-18 07:44:00+00:00,68.16999816894531,68.19000244140625,68.16000366210938,68.16999816894531,45.0
2025-03-18 07:45:00+00:00,68.16000366210938,68.16000366210938,68.16000366210938,68.16000366210938,6.0
2025-03-18 07:46:00+00:00,68.16999816894531,68.18000030517578,68.16999816894531,68.18000030517578,4.0
2025-03-18 07:47:00+00:00,68.16000366210938,68.18000030517578,68.16000366210938,68.18000030517578,22.0
2025-03-18 07:48:00+00:00,68.16000366210938,68.18000030517578,68.16000366210938,68.16000366210938,11.0
2025-03-18 07:49:00+00:00,68.1500015258789,68.16000366210938,68.1500015258789,68.16000366210938,8.0
2025-03-18 07:50:00+00:00,68.16000366210938,68.16999816894531,68.1500015258789,68.1500015258789,19.0
2025-03-18 07:51:00+00:00,68.16999816894531,68.16999816894531,68.16000366210938,68.16999816894531,6.0
2025-03-18 07:52:00+00:00,68.16999816894531,68.16999816894531,68.16000366210938,68.16000366210938,9.0
2025-03-18 07:53:00+00:00,68.1500015258789,68.16000366210938,68.1500015258789,68.16000366210938,18.0
2025-03-18 07:54:00+00:00,68.13999938964844,68.1500015258789,68.12999725341797,68.1500015258789,26.0
2025-03-18 07:55:00+00:00,68.13999938964844,68.1500015258789,68.13999938964844,68.13999938964844,13.0
2025-03-18 07:56:00+00:00,68.13999938964844,68.1500015258789,68.13999938964844,68.13999938964844,9.0
2025-03-18 07:57:00+00:00,68.1500015258789,68.1500015258789,68.13999938964844,68.13999938964844,11.0
2025-03-18 07:58:00+00:00,68.13999938964844,68.16999816894531,68.13999938964844,68.1500015258789,29.0
2025-03-18 07:59:00+00:00,68.16999816894531,68.18000030517578,68.1500015258789,68.1500015258789,41.0
2025-03-18 08:00:00+00:00,68.1500015258789,68.16000366210938,68.12999725341797,68.16000366210938,73.0
2025-03-18 08:01:00+00:00,68.16000366210938,68.16000366210938,68.13999938964844,68.16000366210938,15.0
2025-03-18 08:02:00+00:00,68.19999694824219,68.19999694824219,68.13999938964844,68.13999938964844,58.0
2025-03-18 08:03:00+00:00,68.18000030517578,68.19999694824219,68.16999816894531,68.19999694824219,24.0
2025-03-18 08:04:00+00:00,68.19000244140625,68.19999694824219,68.18000030517578,68.18000030517578,20.0
2025-03-18 08:05:00+00:00,68.19000244140625,68.19000244140625,68.18000030517578,68.18000030517578,11.0
2025-03-18 08:06:00+00:00,68.19000244140625,68.19000244140625,68.19000244140625,68.19000244140625,3.0
2025-03-18 08:07:00+00:00,68.19000244140625,68.19999694824219,68.16999816894531,68.19000244140625,17.0
2025-03-18 08:08:00+00:00,68.20999908447266,68.20999908447266,68.19999694824219,68.19999694824219,8.0
2025-03-18 08:09:00+00:00,68.19000244140625,68.19999694824219,68.19000244140625,68.19999694824219,7.0
2025-03-18 08:10:00+00:00,68.19999694824219,68.19999694824219,68.18000030517578,68.19999694824219,13.0
2025-03-18 08:11:00+00:00,68.18000030517578,68.19000244140625,68.18000030517578,68.19000244140625,6.0
2025-03-18 08:12:00+00:00,68.19000244140625,68.22000122070312,68.18000030517578,68.19999694824219,24.0
2025-03-18 08:13:00+00:00,68.19999694824219,68.19999694824219,68.16999816894531,68.18000030517578,14.0
2025-03-18 08:14:00+00:00,68.22000122070312,68.22000122070312,68.19999694824219,68.19999694824219,29.0
2025-03-18 08:15:00+00:00,68.20999908447266,68.20999908447266,68.19999694824219,68.20999908447266,17.0
2025-03-18 08:16:00+00:00,68.19000244140625,68.2300033569336,68.19000244140625,68.22000122070312,14.0
2025-03-18 08:17:00+00:00,68.16999816894531,68.19000244140625,68.16999816894531,68.19000244140625,11.0
2025-03-18 08:18:00+00:00,68.16999816894531,68.18000030517578,68.16000366210938,68.18000030517578,27.0
2025-03-18 08:19:00+00:00,68.18000030517578,68.18000030517578,68.16000366210938,68.18000030517578,21.0
2025-03-18 08:20:00+00:00,68.20999908447266,68.20999908447266,68.19000244140625,68.19000244140625,18.0
2025-03-18 08:21:00+00:00,68.22000122070312,68.22000122070312,68.19999694824219,68.19999694824219,10.0
2025-03-18 08:22:00+00:00,68.25,68.25,68.22000122070312,68.22000122070312,54.0
2025-03-18 08:23:00+00:00,68.2699966430664,68.2699966430664,68.23999786376953,68.25,28.0
2025-03-18 08:24:00+00:00,68.2300033569336,68.26000213623047,68.2300033569336,68.26000213623047,18.0
2025-03-18 08:25:00+00:00,68.2300033569336,68.2300033569336,68.19999694824219,68.2300033569336,32.0
2025-03-18 08:26:00+00:00,68.19999694824219,68.25,68.19999694824219,68.23999786376953,19.0
2025-03-18 08:27:00+00:00,68.23999786376953,68.23999786376953,68.22000122070312,68.22000122070312,13.0
2025-03-18 08:28:00+00:00,68.26000213623047,68.26000213623047,68.23999786376953,68.23999786376953,18.0
2025-03-18 08:29:00+00:00,68.19999694824219,68.26000213623047,68.19999694824219,68.26000213623047,43.0
2025-03-18 08:30:00+00:00,68.22000122070312,68.2300033569336,68.19999694824219,68.20999908447266,23.0
2025-03-18 08:31:00+00:00,68.26000213623047,68.26000213623047,68.22000122070312,68.22000122070312,11.0
2025-03-18 08:32:00+00:00,68.25,68.2699966430664,68.25,68.2699966430664,11.0
2025-03-18 08:33:00+00:00,68.30999755859375,68.31999969482422,68.26000213623047,68.26000213623047,60.0
2025-03-18 08:34:00+00:00,68.27999877929688,68.31999969482422,68.27999877929688,68.31999969482422,8.0
2025-03-18 08:35:00+00:00,68.37000274658203,68.37000274658203,68.27999877929688,68.27999877929688,85.0
2025-03-18 08:36:00+00:00,68.33999633789062,68.36000061035156,68.33000183105469,68.36000061035156,33.0
2025-03-18 08:37:00+00:00,68.37999725341797,68.38999938964844,68.36000061035156,68.36000061035156,99.0
2025-03-18 08:38:00+00:00,68.37000274658203,68.38999938964844,68.37000274658203,68.38999938964844,13.0
2025-03-18 08:39:00+00:00,68.33999633789062,68.37999725341797,68.33999633789062,68.37000274658203,16.0
2025-03-18 08:40:00+00:00,68.37000274658203,68.37000274658203,68.33000183105469,68.33999633789062,12.0
2025-03-18 08:41:00+00:00,68.37000274658203,68.37000274658203,68.36000061035156,68.36000061035156,25.0
2025-03-18 08:43:00+00:00,68.36000061035156,68.36000061035156,68.33000183105469,68.3499984741211,20.0
2025-03-18 08:44:00+00:00,68.33000183105469,68.33999633789062,68.31999969482422,68.33999633789062,17.0
2025-03-18 08:45:00+00:00,68.33999633789062,68.3499984741211,68.33000183105469,68.33000183105469,20.0
2025-03-18 08:46:00+00:00,68.33999633789062,68.33999633789062,68.33000183105469,68.33999633789062,18.0
2025-03-18 08:47:00+00:00,68.37999725341797,68.37999725341797,68.3499984741211,68.3499984741211,15.0
2025-03-18 08:48:00+00:00,68.41000366210938,68.41000366210938,68.38999938964844,68.38999938964844,99.0
2025-03-18 08:49:00+00:00,68.41999816894531,68.41999816894531,68.41000366210938,68.41000366210938,45.0
2025-03-18 08:50:00+00:00,68.33999633789062,68.44000244140625,68.33999633789062,68.43000030517578,57.0
2025-03-18 08:51:00+00:00,68.33000183105469,68.36000061035156,68.33000183105469,68.3499984741211,20.0
2025-03-18 08:52:00+00:00,68.33000183105469,68.33000183105469,68.30000305175781,68.31999969482422,20.0
2025-03-18 08:53:00+00:00,68.37000274658203,68.37999725341797,68.36000061035156,68.36000061035156,21.0
2025-03-18 08:54:00+00:00,68.37000274658203,68.37999725341797,68.37000274658203,68.37999725341797,4.0
2025-03-18 08:55:00+00:00,68.37000274658203,68.37000274658203,68.3499984741211,68.3499984741211,8.0
2025-03-18 08:56:00+00:00,68.37000274658203,68.37999725341797,68.37000274658203,68.37000274658203,11.0
2025-03-18 08:57:00+00:00,68.37000274658203,68.37999725341797,68.37000274658203,68.37999725341797,3.0
2025-03-18 08:58:00+00:00,68.4000015258789,68.4000015258789,68.37999725341797,68.37999725341797,12.0
2025-03-18 08:59:00+00:00,68.33999633789062,68.4000015258789,68.33999633789062,68.38999938964844,14.0
2025-03-18 09:00:00+00:00,68.37000274658203,68.37999725341797,68.31999969482422,68.3499984741211,27.0
2025-03-18 09:01:00+00:00,68.3499984741211,68.37999725341797,68.33000183105469,68.37999725341797,77.0
2025-03-18 09:02:00+00:00,68.41000366210938,68.41000366210938,68.36000061035156,68.36000061035156,14.0
2025-03-18 09:03:00+00:00,68.41000366210938,68.43000030517578,68.4000015258789,68.41999816894531,155.0
2025-03-18 09:04:00+00:00,68.4000015258789,68.41999816894531,68.4000015258789,68.41000366210938,28.0
2025-03-18 09:05:00+00:00,68.4000015258789,68.4000015258789,68.38999938964844,68.4000015258789,12.0
2025-03-18 09:06:00+00:00,68.33999633789062,68.38999938964844,68.33999633789062,68.38999938964844,31.0
2025-03-18 09:07:00+00:00,68.38999938964844,68.38999938964844,68.33999633789062,68.33999633789062,48.0
2025-03-18 09:08:00+00:00,68.41999816894531,68.41999816894531,68.38999938964844,68.38999938964844,15.0
2025-03-18 09:09:00+00:00,68.41999816894531,68.43000030517578,68.41999816894531,68.43000030517578,9.0
2025-03-18 09:10:00+00:00,68.43000030517578,68.43000030517578,68.41999816894531,68.41999816894531,22.0
2025-03-18 09:11:00+00:00,68.44000244140625,68.44000244140625,68.41999816894531,68.41999816894531,24.0
2025-03-18 09:12:00+00:00,68.45999908447266,68.47000122070312,68.44000244140625,68.44000244140625,26.0
2025-03-18 09:13:00+00:00,68.44999694824219,68.47000122070312,68.44999694824219,68.45999908447266,34.0
2025-03-18 09:14:00+00:00,68.41999816894531,68.45999908447266,68.41999816894531,68.44999694824219,150.0
2025-03-18 09:15:00+00:00,68.43000030517578,68.43000030517578,68.41999816894531,68.41999816894531,5.0
2025-03-18 09:16:00+00:00,68.4000015258789,68.41000366210938,68.4000015258789,68.41000366210938,12.0
2025-03-18 09:17:00+00:00,68.36000061035156,68.41000366210938,68.36000061035156,68.41000366210938,19.0
2025-03-18 09:18:00+00:00,68.4000015258789,68.41999816894531,68.37999725341797,68.37999725341797,694.0
2025-03-18 09:19:00+00:00,68.4000015258789,68.43000030517578,68.4000015258789,68.4000015258789,338.0
2025-03-18 09:20:00+00:00,68.44999694824219,68.44999694824219,68.41999816894531,68.41999816894531,537.0
2025-03-18 09:21:00+00:00,68.44999694824219,68.47000122070312,68.44999694824219,68.45999908447266,86.0
2025-03-18 09:22:00+00:00,68.47000122070312,68.47000122070312,68.45999908447266,68.45999908447266,14.0
2025-03-18 09:23:00+00:00,68.47000122070312,68.47000122070312,68.45999908447266,68.47000122070312,5.0
2025-03-18 09:24:00+00:00,68.4800033569336,68.4800033569336,68.45999908447266,68.47000122070312,21.0
2025-03-18 09:25:00+00:00,68.47000122070312,68.48999786376953,68.47000122070312,68.4800033569336,311.0
2025-03-18 09:26:00+00:00,68.4800033569336,68.48999786376953,68.45999908447266,68.4800033569336,29.0
2025-03-18 09:27:00+00:00,68.48999786376953,68.5,68.4800033569336,68.4800033569336,505.0
2025-03-18 09:28:00+00:00,68.47000122070312,68.5,68.47000122070312,68.48999786376953,539.0
2025-03-18 09:29:00+00:00,68.45999908447266,68.4800033569336,68.44999694824219,68.4800033569336,91.0
2025-03-18 09:30:00+00:00,68.45999908447266,68.45999908447266,68.45999908447266,68.45999908447266,2.0
2025-03-18 09:40:00+00:00,68.58999633789062,68.58999633789062,68.55999755859375,68.56999969482422,1100.0
2025-03-18 09:41:00+00:00,68.48999786376953,68.56999969482422,68.48999786376953,68.56999969482422,64.0
2025-03-18 09:42:00+00:00,68.48999786376953,68.48999786376953,68.41000366210938,68.4800033569336,204.0
2025-03-18 09:43:00+00:00,68.51000213623047,68.51000213623047,68.47000122070312,68.4800033569336,27.0
2025-03-18 09:44:00+00:00,68.5,68.51000213623047,68.48999786376953,68.51000213623047,16.0
2025-03-18 09:45:00+00:00,68.44000244140625,68.47000122070312,68.44000244140625,68.47000122070312,11.0
2025-03-18 09:46:00+00:00,68.5,68.5199966430664,68.4800033569336,68.4800033569336,31.0
2025-03-18 09:47:00+00:00,68.48999786376953,68.5,68.48999786376953,68.48999786376953,25.0
2025-03-18 09:48:00+00:00,68.5199966430664,68.5199966430664,68.4800033569336,68.4800033569336,13.0
2025-03-18 09:49:00+00:00,68.51000213623047,68.5199966430664,68.5,68.51000213623047,16.0
2025-03-18 09:50:00+00:00,68.5199966430664,68.5199966430664,68.5,68.5,11.0
2025-03-18 09:51:00+00:00,68.5,68.5199966430664,68.48999786376953,68.5199966430664,13.0
2025-03-18 09:52:00+00:00,68.4800033569336,68.4800033569336,68.4800033569336,68.4800033569336,2.0
2025-03-18 09:53:00+00:00,68.47000122070312,68.47000122070312,68.45999908447266,68.45999908447266,34.0
2025-03-18 09:54:00+00:00,68.4800033569336,68.4800033569336,68.45999908447266,68.47000122070312,10.0
2025-03-18 09:55:00+00:00,68.4800033569336,68.4800033569336,68.4800033569336,68.4800033569336,3.0
2025-03-18 09:56:00+00:00,68.5199966430664,68.5199966430664,68.5,68.51000213623047,17.0
2025-03-18 09:57:00+00:00,68.55999755859375,68.55999755859375,68.52999877929688,68.52999877929688,4.0
2025-03-18 09:58:00+00:00,68.5999984741211,68.61000061035156,68.55999755859375,68.56999969482422,49.0
2025-03-18 09:59:00+00:00,68.62999725341797,68.62999725341797,68.5999984741211,68.5999984741211,113.0
2025-03-18 10:00:00+00:00,68.62999725341797,68.63999938964844,68.58999633789062,68.61000061035156,62.0
2025-03-18 10:01:00+00:00,68.62999725341797,68.63999938964844,68.62999725341797,68.62999725341797,41.0
2025-03-18 10:02:00+00:00,68.5999984741211,68.63999938964844,68.5999984741211,68.63999938964844,30.0
2025-03-18 10:03:00+00:00,68.5999984741211,68.62000274658203,68.58000183105469,68.58999633789062,28.0
2025-03-18 10:04:00+00:00,68.5999984741211,68.5999984741211,68.58999633789062,68.5999984741211,17.0
2025-03-18 10:05:00+00:00,68.5999984741211,68.5999984741211,68.5999984741211,68.5999984741211,7.0
2025-03-18 10:06:00+00:00,68.61000061035156,68.61000061035156,68.58999633789062,68.58999633789062,13.0
2025-03-18 10:07:00+00:00,68.5999984741211,68.61000061035156,68.5999984741211,68.61000061035156,4.0
2025-03-18 10:08:00+00:00,68.58999633789062,68.5999984741211,68.56999969482422,68.5999984741211,41.0
2025-03-18 10:09:00+00:00,68.58999633789062,68.61000061035156,68.58999633789062,68.58999633789062,15.0
2025-03-18 10:10:00+00:00,68.58000183105469,68.5999984741211,68.56999969482422,68.58000183105469,52.0
2025-03-18 10:11:00+00:00,68.55999755859375,68.58000183105469,68.55999755859375,68.58000183105469,8.0
2025-03-18 10:12:00+00:00,68.55000305175781,68.56999969482422,68.55000305175781,68.56999969482422,18.0
2025-03-18 10:13:00+00:00,68.66000366210938,68.72000122070312,68.55999755859375,68.55999755859375,246.0
2025-03-18 10:14:00+00:00,68.66000366210938,68.68000030517578,68.63999938964844,68.66999816894531,24.0
2025-03-18 10:15:00+00:00,68.68000030517578,68.68000030517578,68.6500015258789,68.6500015258789,15.0
2025-03-18 10:16:00+00:00,68.6500015258789,68.66000366210938,68.62999725341797,68.66000366210938,29.0
2025-03-18 10:17:00+00:00,68.68000030517578,68.69000244140625,68.62999725341797,68.6500015258789,46.0
2025-03-18 10:18:00+00:00,68.69999694824219,68.70999908447266,68.69000244140625,68.70999908447266,18.0
2025-03-18 10:19:00+00:00,68.66999816894531,68.69999694824219,68.66999816894531,68.69999694824219,12.0
2025-03-18 10:20:00+00:00,68.61000061035156,68.66000366210938,68.5999984741211,68.66000366210938,147.0
2025-03-18 10:21:00+00:00,68.62000274658203,68.62000274658203,68.58999633789062,68.61000061035156,75.0
2025-03-18 10:22:00+00:00,68.61000061035156,68.62000274658203,68.58000183105469,68.62000274658203,19.0
2025-03-18 10:23:00+00:00,68.62000274658203,68.62000274658203,68.58000183105469,68.5999984741211,13.0
2025-03-18 10:24:00+00:00,68.62000274658203,68.62999725341797,68.61000061035156,68.62999725341797,17.0
2025-03-18 10:25:00+00:00,68.58000183105469,68.6500015258789,68.58000183105469,68.62000274658203,62.0
2025-03-18 10:26:00+00:00,68.56999969482422,68.58000183105469,68.55000305175781,68.58000183105469,73.0
2025-03-18 10:27:00+00:00,68.58000183105469,68.5999984741211,68.58000183105469,68.58000183105469,36.0
2025-03-18 10:28:00+00:00,68.58999633789062,68.5999984741211,68.55999755859375,68.56999969482422,24.0
2025-03-18 10:29:00+00:00,68.58999633789062,68.58999633789062,68.58999633789062,68.58999633789062,6.0
2025-03-18 10:30:00+00:00,68.55999755859375,68.58000183105469,68.55999755859375,68.58000183105469,7.0
2025-03-18 10:31:00+00:00,68.55999755859375,68.58000183105469,68.55999755859375,68.55999755859375,17.0
2025-03-18 10:32:00+00:00,68.52999877929688,68.55999755859375,68.51000213623047,68.54000091552734,33.0
2025-03-18 10:33:00+00:00,68.54000091552734,68.54000091552734,68.54000091552734,68.54000091552734,5.0
2025-03-18 10:34:00+00:00,68.52999877929688,68.54000091552734,68.52999877929688,68.54000091552734,3.0
2025-03-18 10:35:00+00:00,68.54000091552734,68.54000091552734,68.51000213623047,68.51000213623047,10.0
2025-03-18 10:36:00+00:00,68.56999969482422,68.56999969482422,68.55000305175781,68.55000305175781,3.0
2025-03-18 10:37:00+00:00,68.52999877929688,68.55000305175781,68.52999877929688,68.55000305175781,28.0
2025-03-18 10:38:00+00:00,68.48999786376953,68.54000091552734,68.48999786376953,68.54000091552734,315.0
2025-03-18 10:39:00+00:00,68.5,68.5,68.48999786376953,68.48999786376953,16.0
2025-03-18 10:40:00+00:00,68.45999908447266,68.48999786376953,68.44999694824219,68.48999786376953,28.0
2025-03-18 10:41:00+00:00,68.45999908447266,68.4800033569336,68.45999908447266,68.4800033569336,12.0
2025-03-18 10:42:00+00:00,68.48999786376953,68.48999786376953,68.45999908447266,68.45999908447266,12.0
2025-03-18 10:43:00+00:00,68.48999786376953,68.5,68.48999786376953,68.48999786376953,15.0
2025-03-18 10:44:00+00:00,68.5,68.51000213623047,68.48999786376953,68.5,25.0
2025-03-18 10:45:00+00:00,68.48999786376953,68.48999786376953,68.4800033569336,68.4800033569336,5.0
2025-03-18 10:46:00+00:00,68.44999694824219,68.47000122070312,68.44000244140625,68.47000122070312,14.0
2025-03-18 10:47:00+00:00,68.44999694824219,68.45999908447266,68.44999694824219,68.45999908447266,23.0
2025-03-18 10:48:00+00:00,68.44999694824219,68.45999908447266,68.44000244140625,68.44999694824219,43.0
2025-03-18 10:49:00+00:00,68.44000244140625,68.44000244140625,68.43000030517578,68.44000244140625,18.0
2025-03-18 10:50:00+00:00,68.47000122070312,68.47000122070312,68.44000244140625,68.44000244140625,69.0
2025-03-18 10:51:00+00:00,68.44999694824219,68.47000122070312,68.44000244140625,68.47000122070312,42.0
2025-03-18 10:52:00+00:00,68.48999786376953,68.5,68.44000244140625,68.44000244140625,63.0
2025-03-18 10:53:00+00:00,68.48999786376953,68.48999786376953,68.48999786376953,68.48999786376953,16.0
2025-03-18 10:55:00+00:00,68.45999908447266,68.45999908447266,68.45999908447266,68.45999908447266,1.0
2025-03-18 10:56:00+00:00,68.41999816894531,68.44999694824219,68.41999816894531,68.44999694824219,142.0
2025-03-18 10:57:00+00:00,68.44999694824219,68.45999908447266,68.44000244140625,68.44000244140625,15.0
2025-03-18 10:58:00+00:00,68.44000244140625,68.47000122070312,68.44000244140625,68.44999694824219,66.0
2025-03-18 10:59:00+00:00,68.47000122070312,68.47000122070312,68.44000244140625,68.44000244140625,13.0
2025-03-18 11:00:00+00:00,68.43000030517578,68.45999908447266,68.43000030517578,68.45999908447266,11.0
2025-03-18 11:01:00+00:00,68.41999816894531,68.44999694824219,68.41999816894531,68.43000030517578,14.0
2025-03-18 11:02:00+00:00,68.41000366210938,68.41000366210938,68.37999725341797,68.4000015258789,28.0
2025-03-18 11:03:00+00:00,68.4000015258789,68.41000366210938,68.4000015258789,68.41000366210938,10.0
2025-03-18 11:04:00+00:00,68.41000366210938,68.43000030517578,68.41000366210938,68.41999816894531,12.0
2025-03-18 11:05:00+00:00,68.43000030517578,68.44000244140625,68.41999816894531,68.43000030517578,19.0
2025-03-18 11:06:00+00:00,68.44000244140625,68.44000244140625,68.43000030517578,68.44000244140625,7.0
2025-03-18 11:07:00+00:00,68.44999694824219,68.44999694824219,68.41999816894531,68.41999816894531,8.0
2025-03-18 11:08:00+00:00,68.47000122070312,68.47000122070312,68.44999694824219,68.45999908447266,10.0
2025-03-18 11:09:00+00:00,68.45999908447266,68.47000122070312,68.45999908447266,68.47000122070312,16.0
2025-03-18 11:10:00+00:00,68.45999908447266,68.45999908447266,68.44999694824219,68.45999908447266,20.0
2025-03-18 11:11:00+00:00,68.48999786376953,68.48999786376953,68.47000122070312,68.47000122070312,9.0
2025-03-18 11:12:00+00:00,68.47000122070312,68.48999786376953,68.47000122070312,68.48999786376953,24.0
2025-03-18 11:13:00+00:00,68.44000244140625,68.47000122070312,68.44000244140625,68.47000122070312,33.0
2025-03-18 11:14:00+00:00,68.41999816894531,68.44999694824219,68.41999816894531,68.44000244140625,35.0
2025-03-18 11:15:00+00:00,68.41999816894531,68.41999816894531,68.41999816894531,68.41999816894531,15.0
2025-03-18 11:16:00+00:00,68.41999816894531,68.44000244140625,68.41000366210938,68.44000244140625,28.0
2025-03-18 11:17:00+00:00,68.41999816894531,68.43000030517578,68.41000366210938,68.41999816894531,41.0
2025-03-18 11:18:00+00:00,68.36000061035156,68.4000015258789,68.33999633789062,68.4000015258789,182.0
2025-03-18 11:19:00+00:00,68.36000061035156,68.38999938964844,68.36000061035156,68.36000061035156,33.0
2025-03-18 11:20:00+00:00,68.4000015258789,68.4000015258789,68.33000183105469,68.3499984741211,281.0
2025-03-18 11:21:00+00:00,68.33999633789062,68.4000015258789,68.33999633789062,68.38999938964844,83.0
2025-03-18 11:22:00+00:00,68.31999969482422,68.3499984741211,68.30999755859375,68.33999633789062,33.0
2025-03-18 11:23:00+00:00,68.33000183105469,68.33000183105469,68.31999969482422,68.31999969482422,24.0
2025-03-18 11:24:00+00:00,68.27999877929688,68.31999969482422,68.2699966430664,68.31999969482422,91.0
2025-03-18 11:25:00+00:00,68.30999755859375,68.33000183105469,68.29000091552734,68.29000091552734,23.0
2025-03-18 11:26:00+00:00,68.31999969482422,68.31999969482422,68.30000305175781,68.30000305175781,8.0
2025-03-18 11:27:00+00:00,68.30999755859375,68.31999969482422,68.30999755859375,68.31999969482422,13.0
2025-03-18 11:28:00+00:00,68.30999755859375,68.33000183105469,68.30999755859375,68.30999755859375,10.0
2025-03-18 11:29:00+00:00,68.33000183105469,68.33000183105469,68.30999755859375,68.30999755859375,14.0
2025-03-18 11:30:00+00:00,68.33000183105469,68.33999633789062,68.31999969482422,68.31999969482422,12.0
2025-03-18 11:31:00+00:00,68.31999969482422,68.31999969482422,68.30000305175781,68.30000305175781,13.0
2025-03-18 11:32:00+00:00,68.33999633789062,68.33999633789062,68.31999969482422,68.33999633789062,27.0
2025-03-18 11:33:00+00:00,68.3499984741211,68.36000061035156,68.3499984741211,68.3499984741211,23.0
2025-03-18 11:34:00+00:00,68.37999725341797,68.37999725341797,68.3499984741211,68.36000061035156,25.0
2025-03-18 11:35:00+00:00,68.36000061035156,68.37999725341797,68.36000061035156,68.36000061035156,23.0
2025-03-18 11:36:00+00:00,68.37000274658203,68.37000274658203,68.37000274658203,68.37000274658203,5.0
2025-03-18 11:37:00+00:00,68.36000061035156,68.37999725341797,68.3499984741211,68.37000274658203,369.0
2025-03-18 11:38:00+00:00,68.36000061035156,68.36000061035156,68.3499984741211,68.3499984741211,12.0
2025-03-18 11:39:00+00:00,68.33999633789062,68.37000274658203,68.33999633789062,68.37000274658203,20.0
2025-03-18 11:40:00+00:00,68.33000183105469,68.3499984741211,68.31999969482422,68.3499984741211,16.0
2025-03-18 11:41:00+00:00,68.33999633789062,68.33999633789062,68.33999633789062,68.33999633789062,7.0
2025-03-18 11:42:00+00:00,68.4000015258789,68.41000366210938,68.33000183105469,68.33999633789062,66.0
2025-03-18 11:43:00+00:00,68.4000015258789,68.41000366210938,68.37999725341797,68.38999938964844,101.0
2025-03-18 11:44:00+00:00,68.41999816894531,68.43000030517578,68.37999725341797,68.38999938964844,13.0
2025-03-18 11:45:00+00:00,68.4000015258789,68.41000366210938,68.4000015258789,68.41000366210938,24.0
2025-03-18 11:46:00+00:00,68.41999816894531,68.41999816894531,68.41000366210938,68.41999816894531,16.0
2025-03-18 11:47:00+00:00,68.4000015258789,68.41000366210938,68.4000015258789,68.41000366210938,44.0
2025-03-18 11:48:00+00:00,68.41000366210938,68.41000366210938,68.4000015258789,68.4000015258789,8.0
2025-03-18 11:49:00+00:00,68.4000015258789,68.4000015258789,68.4000015258789,68.4000015258789,21.0
2025-03-18 11:50:00+00:00,68.36000061035156,68.4000015258789,68.36000061035156,68.4000015258789,75.0
2025-03-18 11:51:00+00:00,68.37000274658203,68.37000274658203,68.3499984741211,68.3499984741211,12.0
2025-03-18 11:52:00+00:00,68.36000061035156,68.37000274658203,68.36000061035156,68.37000274658203,73.0
2025-03-18 11:53:00+00:00,68.33000183105469,68.36000061035156,68.33000183105469,68.36000061035156,18.0
2025-03-18 11:54:00+00:00,68.33999633789062,68.33999633789062,68.33000183105469,68.33000183105469,453.0
2025-03-18 11:55:00+00:00,68.3499984741211,68.3499984741211,68.33000183105469,68.33000183105469,11.0
2025-03-18 11:56:00+00:00,68.4000015258789,68.4000015258789,68.37000274658203,68.37999725341797,297.0
2025-03-18 11:57:00+00:00,68.41999816894531,68.41999816894531,68.41000366210938,68.41000366210938,55.0
2025-03-18 11:58:00+00:00,68.5,68.5,68.43000030517578,68.43000030517578,182.0
2025-03-18 11:59:00+00:00,68.51000213623047,68.51000213623047,68.48999786376953,68.5,19.0
2025-03-18 12:00:00+00:00,68.44000244140625,68.51000213623047,68.44000244140625,68.51000213623047,41.0
2025-03-18 12:01:00+00:00,68.41999816894531,68.44999694824219,68.41000366210938,68.44999694824219,66.0
2025-03-18 12:02:00+00:00,68.44999694824219,68.45999908447266,68.43000030517578,68.43000030517578,48.0
2025-03-18 12:03:00+00:00,68.44000244140625,68.44000244140625,68.44000244140625,68.44000244140625,45.0
2025-03-18 12:04:00+00:00,68.45999908447266,68.45999908447266,68.44000244140625,68.44000244140625,36.0
2025-03-18 12:05:00+00:00,68.48999786376953,68.48999786376953,68.45999908447266,68.45999908447266,11.0
2025-03-18 12:06:00+00:00,68.4800033569336,68.4800033569336,68.47000122070312,68.4800033569336,12.0
2025-03-18 12:07:00+00:00,68.5,68.5,68.47000122070312,68.47000122070312,890.0
2025-03-18 12:08:00+00:00,68.43000030517578,68.48999786376953,68.43000030517578,68.48999786376953,68.0
2025-03-18 12:09:00+00:00,68.47000122070312,68.47000122070312,68.44999694824219,68.44999694824219,5.0
2025-03-18 12:10:00+00:00,68.5,68.51000213623047,68.47000122070312,68.47000122070312,48.0
2025-03-18 12:11:00+00:00,68.55000305175781,68.55999755859375,68.5199966430664,68.5199966430664,52.0
2025-03-18 12:12:00+00:00,68.52999877929688,68.56999969482422,68.52999877929688,68.55999755859375,149.0
2025-03-18 12:13:00+00:00,68.55000305175781,68.55000305175781,68.5199966430664,68.54000091552734,69.0
2025-03-18 12:14:00+00:00,68.54000091552734,68.55000305175781,68.54000091552734,68.55000305175781,36.0
2025-03-18 12:15:00+00:00,68.52999877929688,68.54000091552734,68.5199966430664,68.54000091552734,29.0
2025-03-18 12:16:00+00:00,68.5199966430664,68.5199966430664,68.5199966430664,68.5199966430664,5.0
2025-03-18 12:18:00+00:00,68.51000213623047,68.51000213623047,68.48999786376953,68.5,602.0
2025-03-18 12:19:00+00:00,68.5,68.51000213623047,68.5,68.5,12.0
2025-03-18 12:20:00+00:00,68.48999786376953,68.5,68.48999786376953,68.5,25.0
2025-03-18 12:21:00+00:00,68.5,68.5199966430664,68.5,68.5199966430664,39.0
2025-03-18 12:22:00+00:00,68.52999877929688,68.52999877929688,68.5,68.52999877929688,72.0
2025-03-18 12:23:00+00:00,68.54000091552734,68.54000091552734,68.52999877929688,68.52999877929688,5.0
2025-03-18 12:24:00+00:00,68.55000305175781,68.55999755859375,68.54000091552734,68.54000091552734,117.0
2025-03-18 12:25:00+00:00,68.55000305175781,68.55000305175781,68.54000091552734,68.54000091552734,6.0
2025-03-18 12:26:00+00:00,68.52999877929688,68.55000305175781,68.52999877929688,68.55000305175781,19.0
2025-03-18 12:27:00+00:00,68.51000213623047,68.5199966430664,68.51000213623047,68.5199966430664,7.0
2025-03-18 12:28:00+00:00,68.5199966430664,68.5199966430664,68.5199966430664,68.5199966430664,164.0
2025-03-18 12:30:00+00:00,68.48999786376953,68.51000213623047,68.47000122070312,68.51000213623047,19.0
2025-03-18 12:31:00+00:00,68.47000122070312,68.5,68.44999694824219,68.4800033569336,83.0
2025-03-18 12:32:00+00:00,68.47000122070312,68.47000122070312,68.44999694824219,68.44999694824219,52.0
2025-03-18 12:33:00+00:00,68.43000030517578,68.44999694824219,68.43000030517578,68.44999694824219,20.0
2025-03-18 12:34:00+00:00,68.44999694824219,68.44999694824219,68.43000030517578,68.44000244140625,59.0
2025-03-18 12:35:00+00:00,68.47000122070312,68.47000122070312,68.44999694824219,68.45999908447266,17.0
2025-03-18 12:36:00+00:00,68.45999908447266,68.47000122070312,68.45999908447266,68.47000122070312,28.0
2025-03-18 12:37:00+00:00,68.44999694824219,68.47000122070312,68.44999694824219,68.47000122070312,115.0
2025-03-18 12:38:00+00:00,68.44000244140625,68.44000244140625,68.44000244140625,68.44000244140625,44.0
2025-03-18 12:39:00+00:00,68.38999938964844,68.44000244140625,68.38999938964844,68.44000244140625,29.0
2025-03-18 12:40:00+00:00,68.41000366210938,68.41000366210938,68.4000015258789,68.4000015258789,11.0
2025-03-18 12:41:00+00:00,68.36000061035156,68.43000030517578,68.36000061035156,68.43000030517578,756.0
2025-03-18 12:42:00+00:00,68.36000061035156,68.37999725341797,68.33999633789062,68.37999725341797,67.0
2025-03-18 12:43:00+00:00,68.37000274658203,68.37999725341797,68.36000061035156,68.37000274658203,32.0
2025-03-18 12:44:00+00:00,68.36000061035156,68.4000015258789,68.36000061035156,68.37999725341797,782.0
2025-03-18 12:45:00+00:00,68.33999633789062,68.37000274658203,68.31999969482422,68.37000274658203,127.0
2025-03-18 12:46:00+00:00,68.31999969482422,68.33000183105469,68.31999969482422,68.33000183105469,22.0
2025-03-18 12:47:00+00:00,68.30000305175781,68.33000183105469,68.30000305175781,68.33000183105469,43.0
2025-03-18 12:48:00+00:00,68.33000183105469,68.33000183105469,68.30999755859375,68.30999755859375,18.0
2025-03-18 12:49:00+00:00,68.30999755859375,68.33999633789062,68.30999755859375,68.33999633789062,31.0
2025-03-18 12:50:00+00:00,68.29000091552734,68.30999755859375,68.29000091552734,68.30999755859375,35.0
2025-03-18 12:51:00+00:00,68.27999877929688,68.29000091552734,68.26000213623047,68.29000091552734,57.0
2025-03-18 12:52:00+00:00,68.36000061035156,68.36000061035156,68.27999877929688,68.27999877929688,204.0
2025-03-18 12:53:00+00:00,68.3499984741211,68.37999725341797,68.3499984741211,68.36000061035156,90.0
2025-03-18 12:54:00+00:00,68.36000061035156,68.36000061035156,68.33999633789062,68.36000061035156,13.0
2025-03-18 12:55:00+00:00,68.33000183105469,68.36000061035156,68.31999969482422,68.36000061035156,130.0
2025-03-18 12:56:00+00:00,68.31999969482422,68.31999969482422,68.30000305175781,68.31999969482422,46.0
2025-03-18 12:57:00+00:00,68.33999633789062,68.3499984741211,68.31999969482422,68.31999969482422,55.0
2025-03-18 12:58:00+00:00,68.33000183105469,68.3499984741211,68.33000183105469,68.33999633789062,34.0
2025-03-18 12:59:00+00:00,68.36000061035156,68.36000061035156,68.31999969482422,68.33000183105469,95.0
2025-03-18 13:00:00+00:00,68.2699966430664,68.37000274658203,68.22000122070312,68.37000274658203,301.0
2025-03-18 13:01:00+00:00,68.12999725341797,68.2699966430664,68.12999725341797,68.2699966430664,272.0
2025-03-18 13:02:00+00:00,68.05999755859375,68.13999938964844,68.02999877929688,68.12999725341797,210.0
2025-03-18 13:03:00+00:00,68.02999877929688,68.06999969482422,68.0199966430664,68.06999969482422,129.0
2025-03-18 13:04:00+00:00,67.9800033569336,68.05000305175781,67.97000122070312,68.02999877929688,1517.0
2025-03-18 13:05:00+00:00,68.02999877929688,68.05000305175781,67.97000122070312,67.97000122070312,97.0
2025-03-18 13:06:00+00:00,68.04000091552734,68.05999755859375,68.0199966430664,68.04000091552734,58.0
2025-03-18 13:07:00+00:00,68.05000305175781,68.06999969482422,68.04000091552734,68.04000091552734,45.0
2025-03-18 13:08:00+00:00,68.08000183105469,68.08000183105469,68.04000091552734,68.05000305175781,70.0
2025-03-18 13:09:00+00:00,68.12000274658203,68.1500015258789,68.08000183105469,68.08999633789062,367.0
2025-03-18 13:10:00+00:00,68.12999725341797,68.13999938964844,68.11000061035156,68.12999725341797,47.0
2025-03-18 13:11:00+00:00,68.13999938964844,68.1500015258789,68.12000274658203,68.1500015258789,26.0
2025-03-18 13:12:00+00:00,68.12000274658203,68.12999725341797,68.11000061035156,68.12000274658203,43.0
2025-03-18 13:13:00+00:00,68.11000061035156,68.12999725341797,68.0999984741211,68.0999984741211,104.0
2025-03-18 13:14:00+00:00,68.11000061035156,68.12999725341797,68.11000061035156,68.12999725341797,46.0
2025-03-18 13:15:00+00:00,68.11000061035156,68.16000366210938,68.0999984741211,68.0999984741211,56.0
2025-03-18 13:16:00+00:00,68.05999755859375,68.0999984741211,68.05000305175781,68.0999984741211,370.0
2025-03-18 13:17:00+00:00,68.08000183105469,68.08000183105469,68.05000305175781,68.05999755859375,82.0
2025-03-18 13:18:00+00:00,68.13999938964844,68.1500015258789,68.0999984741211,68.0999984741211,200.0
2025-03-18 13:19:00+00:00,68.18000030517578,68.18000030517578,68.13999938964844,68.13999938964844,31.0
2025-03-18 13:20:00+00:00,68.19000244140625,68.19999694824219,68.16000366210938,68.18000030517578,140.0
2025-03-18 13:21:00+00:00,68.1500015258789,68.18000030517578,68.1500015258789,68.16999816894531,110.0
2025-03-18 13:22:00+00:00,68.1500015258789,68.1500015258789,68.13999938964844,68.13999938964844,55.0
2025-03-18 13:23:00+00:00,68.11000061035156,68.1500015258789,68.11000061035156,68.1500015258789,28.0
2025-03-18 13:24:00+00:00,68.06999969482422,68.11000061035156,68.06999969482422,68.11000061035156,133.0
2025-03-18 13:25:00+00:00,68.08000183105469,68.08999633789062,68.05000305175781,68.05999755859375,32.0
2025-03-18 13:26:00+00:00,68.11000061035156,68.13999938964844,68.08000183105469,68.08999633789062,81.0
2025-03-18 13:27:00+00:00,68.06999969482422,68.08999633789062,68.05999755859375,68.08999633789062,23.0
2025-03-18 13:28:00+00:00,68.02999877929688,68.0999984741211,68.02999877929688,68.08000183105469,76.0
2025-03-18 13:29:00+00:00,68.05000305175781,68.05000305175781,68.04000091552734,68.04000091552734,39.0
2025-03-18 13:30:00+00:00,68.05000305175781,68.08999633789062,68.04000091552734,68.05000305175781,41.0
2025-03-18 13:31:00+00:00,67.98999786376953,68.05999755859375,67.97000122070312,68.05999755859375,92.0
2025-03-18 13:32:00+00:00,68.0199966430664,68.02999877929688,67.97000122070312,67.97000122070312,94.0
2025-03-18 13:33:00+00:00,68.0199966430664,68.02999877929688,68.0,68.01000213623047,155.0
2025-03-18 13:34:00+00:00,68.02999877929688,68.05000305175781,68.0199966430664,68.0199966430664,228.0
2025-03-18 13:35:00+00:00,68.04000091552734,68.05000305175781,68.01000213623047,68.05000305175781,33.0
2025-03-18 13:36:00+00:00,68.0199966430664,68.02999877929688,68.0199966430664,68.0199966430664,44.0
2025-03-18 13:39:00+00:00,68.01000213623047,68.02999877929688,68.01000213623047,68.02999877929688,253.0
2025-03-18 13:40:00+00:00,68.0,68.01000213623047,67.9800033569336,67.98999786376953,18.0
2025-03-18 13:41:00+00:00,68.04000091552734,68.04000091552734,68.0199966430664,68.0199966430664,20.0
2025-03-18 13:42:00+00:00,68.05999755859375,68.06999969482422,68.04000091552734,68.04000091552734,35.0
2025-03-18 13:43:00+00:00,68.08000183105469,68.08000183105469,68.08000183105469,68.08000183105469,23.0
2025-03-18 13:44:00+00:00,68.0,68.0,68.0,68.0,7.0
2025-03-18 13:45:00+00:00,68.06999969482422,68.06999969482422,68.0,68.01000213623047,19.0
2025-03-18 13:46:00+00:00,68.06999969482422,68.08999633789062,68.04000091552734,68.05999755859375,88.0
2025-03-18 13:47:00+00:00,68.08000183105469,68.0999984741211,68.06999969482422,68.08999633789062,30.0
2025-03-18 13:48:00+00:00,68.11000061035156,68.12000274658203,68.08999633789062,68.08999633789062,117.0
2025-03-18 13:49:00+00:00,68.13999938964844,68.13999938964844,68.08000183105469,68.08000183105469,25.0
2025-03-18 13:50:00+00:00,68.0999984741211,68.16000366210938,68.0999984741211,68.12000274658203,290.0
2025-03-18 13:51:00+00:00,68.12999725341797,68.1500015258789,68.0999984741211,68.0999984741211,37.0
2025-03-18 13:52:00+00:00,68.08999633789062,68.12000274658203,68.08000183105469,68.08999633789062,784.0
2025-03-18 13:53:00+00:00,68.08000183105469,68.12000274658203,68.08000183105469,68.08999633789062,153.0
2025-03-18 13:54:00+00:00,68.04000091552734,68.06999969482422,68.04000091552734,68.05999755859375,18.0
2025-03-18 13:55:00+00:00,68.02999877929688,68.05000305175781,68.01000213623047,68.04000091552734,46.0
2025-03-18 13:56:00+00:00,67.98999786376953,68.0199966430664,67.98999786376953,68.0199966430664,37.0
2025-03-18 13:57:00+00:00,67.91999816894531,67.98999786376953,67.91000366210938,67.9800033569336,318.0
2025-03-18 13:58:00+00:00,67.9000015258789,67.91999816894531,67.86000061035156,67.91999816894531,192.0
2025-03-18 13:59:00+00:00,67.91000366210938,67.95999908447266,67.9000015258789,67.9000015258789,223.0
2025-03-18 14:00:00+00:00,67.88999938964844,67.9000015258789,67.87000274658203,67.9000015258789,113.0
2025-03-18 14:01:00+00:00,67.83000183105469,67.9000015258789,67.81999969482422,67.88999938964844,288.0
2025-03-18 14:02:00+00:00,67.80000305175781,67.8499984741211,67.80000305175781,67.81999969482422,61.0
2025-03-18 14:03:00+00:00,67.83000183105469,67.83000183105469,67.79000091552734,67.79000091552734,39.0
2025-03-18 14:04:00+00:00,67.83999633789062,67.87000274658203,67.83000183105469,67.8499984741211,42.0
2025-03-18 14:05:00+00:00,67.87999725341797,67.87999725341797,67.83999633789062,67.8499984741211,74.0
2025-03-18 14:06:00+00:00,67.8499984741211,67.87000274658203,67.83999633789062,67.87000274658203,45.0
2025-03-18 14:07:00+00:00,67.87000274658203,67.87000274658203,67.83999633789062,67.8499984741211,58.0
2025-03-18 14:08:00+00:00,67.8499984741211,67.9000015258789,67.8499984741211,67.88999938964844,84.0
2025-03-18 14:09:00+00:00,67.81999969482422,67.83999633789062,67.80000305175781,67.83999633789062,80.0
2025-03-18 14:10:00+00:00,67.87000274658203,67.87000274658203,67.8499984741211,67.8499984741211,15.0
2025-03-18 14:11:00+00:00,67.81999969482422,67.83999633789062,67.79000091552734,67.83999633789062,322.0
2025-03-18 14:12:00+00:00,67.80999755859375,67.83000183105469,67.80000305175781,67.81999969482422,235.0
2025-03-18 14:13:00+00:00,67.83999633789062,67.8499984741211,67.80999755859375,67.80999755859375,58.0
2025-03-18 14:14:00+00:00,67.86000061035156,67.87999725341797,67.81999969482422,67.83000183105469,152.0
2025-03-18 14:15:00+00:00,67.83000183105469,67.86000061035156,67.83000183105469,67.8499984741211,29.0
2025-03-18 14:16:00+00:00,67.8499984741211,67.8499984741211,67.81999969482422,67.83999633789062,18.0
2025-03-18 14:17:00+00:00,67.76000213623047,67.83000183105469,67.76000213623047,67.83000183105469,43.0
2025-03-18 14:18:00+00:00,67.69000244140625,67.75,67.66999816894531,67.75,311.0
2025-03-18 14:19:00+00:00,67.6500015258789,67.68000030517578,67.62999725341797,67.68000030517578,340.0
2025-03-18 14:20:00+00:00,67.69000244140625,67.73999786376953,67.66000366210938,67.66000366210938,499.0
2025-03-18 14:21:00+00:00,67.73999786376953,67.75,67.69000244140625,67.69000244140625,815.0
2025-03-18 14:22:00+00:00,67.69999694824219,67.7300033569336,67.69000244140625,67.7300033569336,152.0
2025-03-18 14:23:00+00:00,67.69000244140625,67.70999908447266,67.69000244140625,67.69000244140625,54.0
2025-03-18 14:24:00+00:00,67.68000030517578,67.69000244140625,67.6500015258789,67.69000244140625,933.0
2025-03-18 14:25:00+00:00,67.69999694824219,67.69999694824219,67.68000030517578,67.69000244140625,17.0
2025-03-18 14:26:00+00:00,67.68000030517578,67.7300033569336,67.6500015258789,67.72000122070312,31.0
2025-03-18 14:27:00+00:00,67.69999694824219,67.70999908447266,67.66999816894531,67.66999816894531,66.0
2025-03-18 14:28:00+00:00,67.66000366210938,67.69999694824219,67.66000366210938,67.69999694824219,20.0
2025-03-18 14:29:00+00:00,67.66999816894531,67.68000030517578,67.66000366210938,67.66000366210938,244.0
2025-03-18 14:30:00+00:00,67.68000030517578,67.69000244140625,67.63999938964844,67.6500015258789,31.0
2025-03-18 14:31:00+00:00,67.69999694824219,67.72000122070312,67.6500015258789,67.69000244140625,582.0
2025-03-18 14:32:00+00:00,67.70999908447266,67.70999908447266,67.69000244140625,67.70999908447266,29.0
2025-03-18 14:33:00+00:00,67.69999694824219,67.7300033569336,67.69000244140625,67.69000244140625,160.0
2025-03-18 14:34:00+00:00,67.69000244140625,67.7300033569336,67.69000244140625,67.69000244140625,333.0
2025-03-18 14:35:00+00:00,67.7300033569336,67.7300033569336,67.66999816894531,67.68000030517578,57.0
2025-03-18 14:36:00+00:00,67.7300033569336,67.73999786376953,67.70999908447266,67.72000122070312,36.0
2025-03-18 14:37:00+00:00,67.75,67.76000213623047,67.69999694824219,67.72000122070312,133.0
2025-03-18 14:38:00+00:00,67.69999694824219,67.75,67.69000244140625,67.75,46.0
2025-03-18 14:39:00+00:00,67.68000030517578,67.70999908447266,67.68000030517578,67.69000244140625,33.0
2025-03-18 14:40:00+00:00,67.72000122070312,67.7300033569336,67.68000030517578,67.69000244140625,31.0
2025-03-18 14:41:00+00:00,67.77999877929688,67.79000091552734,67.7300033569336,67.73999786376953,135.0
2025-03-18 14:42:00+00:00,67.75,67.79000091552734,67.75,67.79000091552734,39.0
2025-03-18 14:43:00+00:00,67.70999908447266,67.75,67.70999908447266,67.75,24.0
2025-03-18 14:44:00+00:00,67.69999694824219,67.69999694824219,67.69000244140625,67.69000244140625,38.0
2025-03-18 14:45:00+00:00,67.7300033569336,67.75,67.72000122070312,67.72000122070312,32.0
2025-03-18 14:46:00+00:00,67.72000122070312,67.75,67.69999694824219,67.7300033569336,29.0
2025-03-18 14:47:00+00:00,67.79000091552734,67.79000091552734,67.7300033569336,67.7300033569336,42.0
2025-03-18 14:48:00+00:00,67.80999755859375,67.80999755859375,67.7699966430664,67.7699966430664,31.0
2025-03-18 14:49:00+00:00,67.7699966430664,67.81999969482422,67.7699966430664,67.80999755859375,25.0
2025-03-18 14:50:00+00:00,67.77999877929688,67.81999969482422,67.7699966430664,67.7699966430664,73.0
2025-03-18 14:51:00+00:00,67.80999755859375,67.83000183105469,67.79000091552734,67.79000091552734,20.0
2025-03-18 14:52:00+00:00,67.76000213623047,67.81999969482422,67.76000213623047,67.81999969482422,11.0
2025-03-18 14:53:00+00:00,67.7699966430664,67.7699966430664,67.73999786376953,67.75,222.0
2025-03-18 14:54:00+00:00,67.76000213623047,67.7699966430664,67.76000213623047,67.7699966430664,12.0
2025-03-18 14:55:00+00:00,67.75,67.77999877929688,67.75,67.7699966430664,53.0
2025-03-18 14:56:00+00:00,67.73999786376953,67.75,67.70999908447266,67.75,40.0
2025-03-18 14:57:00+00:00,67.7699966430664,67.7699966430664,67.70999908447266,67.70999908447266,23.0
2025-03-18 14:58:00+00:00,67.75,67.7699966430664,67.73999786376953,67.7699966430664,38.0
2025-03-18 14:59:00+00:00,67.69999694824219,67.7300033569336,67.69000244140625,67.72000122070312,41.0
2025-03-18 15:00:00+00:00,67.68000030517578,67.72000122070312,67.66000366210938,67.69999694824219,286.0
2025-03-18 15:01:00+00:00,67.69999694824219,67.69999694824219,67.68000030517578,67.68000030517578,37.0
2025-03-18 15:02:00+00:00,67.72000122070312,67.75,67.69000244140625,67.69000244140625,41.0
2025-03-18 15:03:00+00:00,67.72000122070312,67.7300033569336,67.69999694824219,67.72000122070312,182.0
2025-03-18 15:04:00+00:00,67.73999786376953,67.75,67.72000122070312,67.72000122070312,30.0
2025-03-18 15:05:00+00:00,67.7300033569336,67.76000213623047,67.72000122070312,67.75,156.0
2025-03-18 15:06:00+00:00,67.66000366210938,67.7300033569336,67.66000366210938,67.72000122070312,1199.0
2025-03-18 15:07:00+00:00,67.5999984741211,67.66000366210938,67.54000091552734,67.66000366210938,505.0
2025-03-18 15:08:00+00:00,67.58999633789062,67.62000274658203,67.58000183105469,67.5999984741211,55.0
2025-03-18 15:09:00+00:00,67.61000061035156,67.62000274658203,67.58999633789062,67.58999633789062,27.0
2025-03-18 15:10:00+00:00,67.56999969482422,67.62000274658203,67.54000091552734,67.61000061035156,86.0
2025-03-18 15:11:00+00:00,67.54000091552734,67.56999969482422,67.5199966430664,67.56999969482422,369.0
2025-03-18 15:12:00+00:00,67.52999877929688,67.55000305175781,67.51000213623047,67.54000091552734,246.0
2025-03-18 15:13:00+00:00,67.55999755859375,67.56999969482422,67.52999877929688,67.52999877929688,458.0
2025-03-18 15:14:00+00:00,67.55000305175781,67.58000183105469,67.54000091552734,67.56999969482422,177.0
2025-03-18 15:15:00+00:00,67.55000305175781,67.58999633789062,67.55000305175781,67.55000305175781,594.0
2025-03-18 15:16:00+00:00,67.58000183105469,67.58000183105469,67.55000305175781,67.55999755859375,21.0
2025-03-18 15:18:00+00:00,67.5999984741211,67.5999984741211,67.5999984741211,67.5999984741211,92.0
2025-03-18 15:19:00+00:00,67.58000183105469,67.58999633789062,67.55999755859375,67.56999969482422,42.0
2025-03-18 15:20:00+00:00,67.58999633789062,67.58999633789062,67.55999755859375,67.55999755859375,9.0
2025-03-18 15:21:00+00:00,67.58000183105469,67.5999984741211,67.58000183105469,67.58000183105469,38.0
2025-03-18 15:22:00+00:00,67.58000183105469,67.58999633789062,67.58000183105469,67.58000183105469,20.0
2025-03-18 15:23:00+00:00,67.62000274658203,67.62999725341797,67.58999633789062,67.58999633789062,35.0
2025-03-18 15:24:00+00:00,67.63999938964844,67.6500015258789,67.62000274658203,67.62000274658203,32.0
2025-03-18 15:25:00+00:00,67.66000366210938,67.66000366210938,67.62999725341797,67.6500015258789,24.0
2025-03-18 15:26:00+00:00,67.62999725341797,67.66000366210938,67.62999725341797,67.66000366210938,22.0
2025-03-18 15:27:00+00:00,67.63999938964844,67.6500015258789,67.63999938964844,67.6500015258789,53.0
2025-03-18 15:28:00+00:00,67.61000061035156,67.63999938964844,67.61000061035156,67.63999938964844,50.0
2025-03-18 15:29:00+00:00,67.58999633789062,67.5999984741211,67.56999969482422,67.5999984741211,61.0
2025-03-18 15:30:00+00:00,67.62999725341797,67.62999725341797,67.58999633789062,67.58999633789062,45.0
2025-03-18 15:31:00+00:00,67.62000274658203,67.6500015258789,67.62000274658203,67.63999938964844,57.0
2025-03-18 15:32:00+00:00,67.6500015258789,67.66000366210938,67.63999938964844,67.6500015258789,30.0
2025-03-18 15:33:00+00:00,67.6500015258789,67.6500015258789,67.63999938964844,67.6500015258789,59.0
2025-03-18 15:34:00+00:00,67.62999725341797,67.63999938964844,67.62000274658203,67.63999938964844,32.0
2025-03-18 15:35:00+00:00,67.62000274658203,67.62999725341797,67.5999984741211,67.62999725341797,20.0
2025-03-18 15:36:00+00:00,67.58999633789062,67.63999938964844,67.58000183105469,67.63999938964844,101.0
2025-03-18 15:37:00+00:00,67.56999969482422,67.5999984741211,67.56999969482422,67.5999984741211,43.0
2025-03-18 15:38:00+00:00,67.54000091552734,67.58000183105469,67.51000213623047,67.58000183105469,944.0
2025-03-18 15:39:00+00:00,67.5199966430664,67.56999969482422,67.5,67.55000305175781,51.0
2025-03-18 15:40:00+00:00,67.5,67.54000091552734,67.5,67.51000213623047,38.0
2025-03-18 15:41:00+00:00,67.48999786376953,67.51000213623047,67.48999786376953,67.5,10.0
2025-03-18 15:42:00+00:00,67.51000213623047,67.5199966430664,67.48999786376953,67.5,33.0
2025-03-18 15:43:00+00:00,67.5,67.5,67.4800033569336,67.5,72.0
2025-03-18 15:44:00+00:00,67.44000244140625,67.4800033569336,67.43000030517578,67.4800033569336,111.0
2025-03-18 15:45:00+00:00,67.43000030517578,67.44000244140625,67.41000366210938,67.43000030517578,71.0
2025-03-18 15:46:00+00:00,67.44999694824219,67.45999908447266,67.41999816894531,67.41999816894531,236.0
2025-03-18 15:47:00+00:00,67.3499984741211,67.44999694824219,67.3499984741211,67.44000244140625,99.0
2025-03-18 15:48:00+00:00,67.23999786376953,67.33999633789062,67.23999786376953,67.33999633789062,277.0
2025-03-18 15:49:00+00:00,67.22000122070312,67.26000213623047,67.19999694824219,67.25,403.0
2025-03-18 15:50:00+00:00,67.25,67.25,67.19000244140625,67.19999694824219,61.0
2025-03-18 15:51:00+00:00,67.29000091552734,67.30000305175781,67.23999786376953,67.23999786376953,70.0
2025-03-18 15:52:00+00:00,67.23999786376953,67.27999877929688,67.22000122070312,67.27999877929688,42.0
2025-03-18 15:53:00+00:00,67.26000213623047,67.2699966430664,67.2300033569336,67.23999786376953,118.0
2025-03-18 15:54:00+00:00,67.25,67.25,67.23999786376953,67.23999786376953,43.0
2025-03-18 15:55:00+00:00,67.26000213623047,67.26000213623047,67.25,67.26000213623047,111.0
2025-03-18 15:56:00+00:00,67.22000122070312,67.25,67.22000122070312,67.25,48.0
2025-03-18 15:57:00+00:00,67.19999694824219,67.2300033569336,67.19000244140625,67.19999694824219,31.0
2025-03-18 15:58:00+00:00,67.20999908447266,67.23999786376953,67.20999908447266,67.22000122070312,16.0
2025-03-18 15:59:00+00:00,67.20999908447266,67.23999786376953,67.19000244140625,67.22000122070312,46.0
2025-03-18 16:00:00+00:00,67.20999908447266,67.23999786376953,67.18000030517578,67.19999694824219,91.0
2025-03-18 16:01:00+00:00,67.22000122070312,67.2300033569336,67.19000244140625,67.20999908447266,599.0
2025-03-18 16:02:00+00:00,67.2300033569336,67.2300033569336,67.22000122070312,67.2300033569336,13.0
2025-03-18 16:05:00+00:00,67.19999694824219,67.19999694824219,67.19999694824219,67.19999694824219,1017.0
2025-03-18 16:06:00+00:00,67.16000366210938,67.19999694824219,67.16000366210938,67.19000244140625,53.0
2025-03-18 16:07:00+00:00,67.19000244140625,67.19000244140625,67.16000366210938,67.16000366210938,32.0
2025-03-18 16:08:00+00:00,67.19000244140625,67.19999694824219,67.19000244140625,67.19000244140625,21.0
2025-03-18 16:09:00+00:00,67.1500015258789,67.18000030517578,67.13999938964844,67.18000030517578,35.0
2025-03-18 16:10:00+00:00,67.18000030517578,67.18000030517578,67.1500015258789,67.1500015258789,27.0
2025-03-18 16:11:00+00:00,67.20999908447266,67.20999908447266,67.1500015258789,67.16000366210938,21.0
2025-03-18 16:12:00+00:00,67.2300033569336,67.26000213623047,67.20999908447266,67.22000122070312,80.0
2025-03-18 16:13:00+00:00,67.20999908447266,67.2300033569336,67.19999694824219,67.2300033569336,29.0
2025-03-18 16:14:00+00:00,67.23999786376953,67.25,67.19000244140625,67.19999694824219,36.0
2025-03-18 16:15:00+00:00,67.20999908447266,67.23999786376953,67.20999908447266,67.23999786376953,14.0
2025-03-18 16:16:00+00:00,67.1500015258789,67.19999694824219,67.13999938964844,67.19000244140625,56.0
2025-03-18 16:17:00+00:00,67.16000366210938,67.18000030517578,67.13999938964844,67.1500015258789,148.0
2025-03-18 16:18:00+00:00,67.16000366210938,67.16000366210938,67.1500015258789,67.1500015258789,43.0
2025-03-18 16:19:00+00:00,67.19999694824219,67.20999908447266,67.16000366210938,67.16000366210938,148.0
2025-03-18 16:20:00+00:00,67.19999694824219,67.22000122070312,67.19999694824219,67.19999694824219,56.0
2025-03-18 16:21:00+00:00,67.16999816894531,67.19000244140625,67.1500015258789,67.19000244140625,111.0
2025-03-18 16:22:00+00:00,67.1500015258789,67.19999694824219,67.1500015258789,67.18000030517578,203.0
2025-03-18 16:23:00+00:00,67.16000366210938,67.16000366210938,67.12999725341797,67.1500015258789,51.0
2025-03-18 16:24:00+00:00,67.08000183105469,67.16000366210938,67.06999969482422,67.1500015258789,170.0
2025-03-18 16:25:00+00:00,67.16000366210938,67.16000366210938,67.05999755859375,67.08000183105469,109.0
2025-03-18 16:26:00+00:00,67.19000244140625,67.19999694824219,67.16999816894531,67.16999816894531,522.0
2025-03-18 16:27:00+00:00,67.16999816894531,67.19000244140625,67.16000366210938,67.19000244140625,50.0
2025-03-18 16:28:00+00:00,67.12999725341797,67.16000366210938,67.11000061035156,67.16000366210938,60.0
2025-03-18 16:29:00+00:00,67.12999725341797,67.16999816894531,67.08999633789062,67.16999816894531,149.0
2025-03-18 16:30:00+00:00,67.16999816894531,67.20999908447266,67.0999984741211,67.12999725341797,475.0
2025-03-18 16:31:00+00:00,67.12000274658203,67.16999816894531,67.12000274658203,67.16000366210938,86.0
2025-03-18 16:32:00+00:00,67.08999633789062,67.12999725341797,67.08999633789062,67.12999725341797,107.0
2025-03-18 16:33:00+00:00,66.95999908447266,67.12000274658203,66.87999725341797,67.08999633789062,284.0
2025-03-18 16:34:00+00:00,67.0,67.0199966430664,66.94999694824219,66.94999694824219,200.0
2025-03-18 16:35:00+00:00,66.94999694824219,67.0,66.94000244140625,67.0,81.0
2025-03-18 16:36:00+00:00,66.94999694824219,66.95999908447266,66.88999938964844,66.93000030517578,197.0
2025-03-18 16:37:00+00:00,66.94999694824219,66.94999694824219,66.87999725341797,66.91999816894531,67.0
2025-03-18 16:38:00+00:00,66.97000122070312,66.9800033569336,66.93000030517578,66.94999694824219,1831.0
2025-03-18 16:39:00+00:00,66.94000244140625,66.9800033569336,66.94000244140625,66.97000122070312,191.0
2025-03-18 16:40:00+00:00,66.95999908447266,66.97000122070312,66.93000030517578,66.93000030517578,89.0
2025-03-18 16:41:00+00:00,66.94999694824219,66.98999786376953,66.94000244140625,66.97000122070312,239.0
2025-03-18 16:42:00+00:00,66.94999694824219,66.97000122070312,66.94000244140625,66.94999694824219,64.0
2025-03-18 16:43:00+00:00,66.87000274658203,66.95999908447266,66.83999633789062,66.93000030517578,104.0
2025-03-18 16:44:00+00:00,66.88999938964844,66.94000244140625,66.88999938964844,66.88999938964844,171.0
2025-03-18 16:45:00+00:00,66.94000244140625,66.9800033569336,66.91999816894531,66.91999816894531,126.0
2025-03-18 16:46:00+00:00,66.83999633789062,66.93000030517578,66.83000183105469,66.93000030517578,124.0
2025-03-18 16:47:00+00:00,66.87000274658203,66.87999725341797,66.8499984741211,66.8499984741211,51.0
2025-03-18 16:48:00+00:00,66.80000305175781,66.87000274658203,66.79000091552734,66.86000061035156,115.0
2025-03-18 16:49:00+00:00,66.80999755859375,66.83999633789062,66.77999877929688,66.80000305175781,39.0
2025-03-18 16:50:00+00:00,66.88999938964844,66.88999938964844,66.80999755859375,66.80999755859375,75.0
2025-03-18 16:51:00+00:00,66.9000015258789,66.93000030517578,66.88999938964844,66.88999938964844,508.0
2025-03-18 16:52:00+00:00,66.8499984741211,66.9000015258789,66.8499984741211,66.9000015258789,21.0
2025-03-18 16:53:00+00:00,66.91000366210938,66.91000366210938,66.86000061035156,66.86000061035156,30.0
2025-03-18 16:54:00+00:00,66.91000366210938,66.94999694824219,66.91000366210938,66.93000030517578,29.0
2025-03-18 16:55:00+00:00,66.86000061035156,66.93000030517578,66.86000061035156,66.9000015258789,42.0
2025-03-18 16:56:00+00:00,66.7699966430664,66.83999633789062,66.75,66.83999633789062,56.0
2025-03-18 16:57:00+00:00,66.75,66.77999877929688,66.73999786376953,66.76000213623047,83.0
2025-03-18 16:58:00+00:00,66.75,66.7699966430664,66.75,66.75,25.0
2025-03-18 16:59:00+00:00,66.79000091552734,66.79000091552734,66.75,66.75,28.0
2025-03-18 17:00:00+00:00,66.80000305175781,66.80999755859375,66.76000213623047,66.7699966430664,55.0
2025-03-18 17:01:00+00:00,66.81999969482422,66.81999969482422,66.80000305175781,66.80000305175781,28.0
2025-03-18 17:02:00+00:00,66.83000183105469,66.83000183105469,66.77999877929688,66.81999969482422,38.0
2025-03-18 17:03:00+00:00,66.86000061035156,66.87999725341797,66.81999969482422,66.83000183105469,36.0
2025-03-18 17:04:00+00:00,66.83000183105469,66.87000274658203,66.83000183105469,66.86000061035156,41.0
2025-03-18 17:05:00+00:00,66.80000305175781,66.81999969482422,66.79000091552734,66.81999969482422,22.0
2025-03-18 17:06:00+00:00,66.8499984741211,66.86000061035156,66.77999877929688,66.79000091552734,90.0
2025-03-18 17:07:00+00:00,66.83999633789062,66.87000274658203,66.83999633789062,66.86000061035156,94.0
2025-03-18 17:08:00+00:00,66.87999725341797,66.88999938964844,66.8499984741211,66.86000061035156,43.0
2025-03-18 17:09:00+00:00,66.87000274658203,66.87999725341797,66.86000061035156,66.86000061035156,17.0
2025-03-18 17:10:00+00:00,66.83999633789062,66.86000061035156,66.83999633789062,66.86000061035156,14.0
2025-03-18 17:11:00+00:00,66.87000274658203,66.87000274658203,66.87000274658203,66.87000274658203,35.0
2025-03-18 17:12:00+00:00,66.83999633789062,66.83999633789062,66.83000183105469,66.83999633789062,50.0
2025-03-18 17:13:00+00:00,66.83999633789062,66.83999633789062,66.80999755859375,66.83000183105469,73.0
2025-03-18 17:14:00+00:00,66.81999969482422,66.83000183105469,66.80999755859375,66.83000183105469,33.0
2025-03-18 17:15:00+00:00,66.83999633789062,66.83999633789062,66.80000305175781,66.80000305175781,48.0
2025-03-18 17:16:00+00:00,66.8499984741211,66.8499984741211,66.83000183105469,66.8499984741211,17.0
2025-03-18 17:17:00+00:00,66.83000183105469,66.8499984741211,66.83000183105469,66.83999633789062,15.0
2025-03-18 17:18:00+00:00,66.80999755859375,66.83999633789062,66.80999755859375,66.83000183105469,37.0
2025-03-18 17:19:00+00:00,66.79000091552734,66.94999694824219,66.7300033569336,66.80999755859375,510.0
2025-03-18 17:20:00+00:00,66.83000183105469,66.8499984741211,66.75,66.79000091552734,185.0
2025-03-18 17:21:00+00:00,67.0999984741211,67.11000061035156,66.83000183105469,66.83000183105469,462.0
2025-03-18 17:22:00+00:00,67.3499984741211,67.37999725341797,67.05999755859375,67.0999984741211,316.0
2025-03-18 17:23:00+00:00,67.29000091552734,67.5,67.23999786376953,67.37000274658203,370.0
2025-03-18 17:24:00+00:00,67.20999908447266,67.31999969482422,67.20999908447266,67.27999877929688,164.0
2025-03-18 17:25:00+00:00,67.25,67.25,67.16000366210938,67.22000122070312,331.0
2025-03-18 17:26:00+00:00,67.0999984741211,67.25,67.08999633789062,67.25,264.0
2025-03-18 17:27:00+00:00,67.02999877929688,67.13999938964844,67.01000213623047,67.11000061035156,237.0
2025-03-18 17:28:00+00:00,67.0199966430664,67.04000091552734,66.9800033569336,67.0199966430664,179.0
2025-03-18 17:29:00+00:00,67.02999877929688,67.02999877929688,66.9800033569336,66.98999786376953,66.0
2025-03-18 17:30:00+00:00,67.0199966430664,67.04000091552734,66.97000122070312,67.02999877929688,74.0
2025-03-18 17:31:00+00:00,66.91999816894531,67.0199966430664,66.91000366210938,67.0199966430664,94.0
2025-03-18 17:32:00+00:00,66.88999938964844,66.91999816894531,66.83000183105469,66.91000366210938,116.0
2025-03-18 17:33:00+00:00,66.88999938964844,66.91000366210938,66.83999633789062,66.88999938964844,92.0
2025-03-18 17:34:00+00:00,67.0,67.0199966430664,66.91999816894531,66.93000030517578,92.0
2025-03-18 17:35:00+00:00,66.95999908447266,67.0199966430664,66.95999908447266,67.01000213623047,53.0
2025-03-18 17:36:00+00:00,67.02999877929688,67.02999877929688,66.97000122070312,66.97000122070312,37.0
2025-03-18 17:37:00+00:00,67.05999755859375,67.05999755859375,67.01000213623047,67.02999877929688,40.0
2025-03-18 17:38:00+00:00,67.05999755859375,67.06999969482422,67.04000091552734,67.05999755859375,324.0
2025-03-18 17:39:00+00:00,67.0,67.05000305175781,66.9800033569336,67.05000305175781,106.0
2025-03-18 17:40:00+00:00,66.98999786376953,67.01000213623047,66.9800033569336,66.98999786376953,36.0
2025-03-18 17:41:00+00:00,66.94000244140625,67.0,66.91999816894531,67.0,139.0
2025-03-18 17:42:00+00:00,66.93000030517578,66.94000244140625,66.91000366210938,66.93000030517578,63.0
2025-03-18 17:43:00+00:00,66.91000366210938,66.94000244140625,66.9000015258789,66.91999816894531,44.0
2025-03-18 17:44:00+00:00,66.95999908447266,66.95999908447266,66.91999816894531,66.91999816894531,27.0
2025-03-18 17:45:00+00:00,66.94999694824219,66.97000122070312,66.93000030517578,66.94000244140625,26.0
2025-03-18 17:46:00+00:00,66.91999816894531,66.94999694824219,66.91000366210938,66.94000244140625,26.0
2025-03-18 17:47:00+00:00,66.93000030517578,66.94999694824219,66.93000030517578,66.93000030517578,25.0
2025-03-18 17:48:00+00:00,66.94999694824219,66.95999908447266,66.91999816894531,66.91999816894531,101.0
2025-03-18 17:49:00+00:00,66.94000244140625,66.95999908447266,66.94000244140625,66.94999694824219,15.0
2025-03-18 17:50:00+00:00,66.93000030517578,66.95999908447266,66.91999816894531,66.94999694824219,26.0
2025-03-18 17:51:00+00:00,66.9800033569336,66.9800033569336,66.91000366210938,66.91999816894531,217.0
2025-03-18 17:52:00+00:00,66.94000244140625,66.98999786376953,66.94000244140625,66.98999786376953,38.0
2025-03-18 17:53:00+00:00,66.95999908447266,66.97000122070312,66.93000030517578,66.93000030517578,69.0
2025-03-18 17:54:00+00:00,66.97000122070312,66.9800033569336,66.95999908447266,66.95999908447266,32.0
2025-03-18 17:55:00+00:00,67.0,67.02999877929688,66.97000122070312,66.97000122070312,476.0
2025-03-18 17:56:00+00:00,67.0,67.02999877929688,67.0,67.0,25.0
2025-03-18 17:57:00+00:00,66.97000122070312,67.0,66.97000122070312,67.0,45.0
2025-03-18 17:58:00+00:00,67.01000213623047,67.0199966430664,66.97000122070312,66.97000122070312,108.0
2025-03-18 17:59:00+00:00,67.0,67.01000213623047,66.98999786376953,67.0,26.0
2025-03-18 18:00:00+00:00,67.0199966430664,67.02999877929688,66.9800033569336,66.9800033569336,60.0
2025-03-18 18:01:00+00:00,67.02999877929688,67.04000091552734,66.98999786376953,67.0199966430664,66.0
2025-03-18 18:02:00+00:00,67.05999755859375,67.08000183105469,67.02999877929688,67.02999877929688,230.0
2025-03-18 18:03:00+00:00,67.04000091552734,67.05000305175781,67.04000091552734,67.05000305175781,72.0
2025-03-18 18:04:00+00:00,67.05000305175781,67.05000305175781,67.01000213623047,67.04000091552734,86.0
2025-03-18 18:05:00+00:00,67.0,67.04000091552734,67.0,67.04000091552734,139.0
2025-03-18 18:06:00+00:00,67.01000213623047,67.0199966430664,67.0,67.0,53.0
2025-03-18 18:07:00+00:00,67.05000305175781,67.05999755859375,67.01000213623047,67.01000213623047,49.0
2025-03-18 18:08:00+00:00,67.08000183105469,67.08000183105469,67.05999755859375,67.05999755859375,58.0
2025-03-18 18:09:00+00:00,67.08000183105469,67.08999633789062,67.06999969482422,67.08999633789062,65.0
2025-03-18 18:10:00+00:00,67.05999755859375,67.08999633789062,67.05999755859375,67.06999969482422,35.0
2025-03-18 18:11:00+00:00,67.05000305175781,67.06999969482422,67.04000091552734,67.05999755859375,63.0
2025-03-18 18:12:00+00:00,67.04000091552734,67.05999755859375,67.02999877929688,67.05000305175781,97.0
2025-03-18 18:13:00+00:00,67.0,67.05999755859375,67.0,67.02999877929688,85.0
2025-03-18 18:14:00+00:00,66.98999786376953,67.04000091552734,66.98999786376953,67.01000213623047,108.0
2025-03-18 18:15:00+00:00,66.94999694824219,67.01000213623047,66.94999694824219,66.98999786376953,112.0
2025-03-18 18:16:00+00:00,66.88999938964844,66.94999694824219,66.87000274658203,66.94999694824219,189.0
2025-03-18 18:17:00+00:00,66.9000015258789,66.91000366210938,66.9000015258789,66.9000015258789,53.0
2025-03-18 18:18:00+00:00,66.91000366210938,66.91000366210938,66.88999938964844,66.9000015258789,310.0
2025-03-18 18:19:00+00:00,66.91000366210938,66.93000030517578,66.88999938964844,66.93000030517578,106.0
2025-03-18 18:20:00+00:00,66.91999816894531,66.91999816894531,66.88999938964844,66.9000015258789,122.0
2025-03-18 18:21:00+00:00,66.86000061035156,66.91999816894531,66.83000183105469,66.91000366210938,568.0
2025-03-18 18:22:00+00:00,66.88999938964844,66.9000015258789,66.86000061035156,66.86000061035156,405.0
2025-03-18 18:23:00+00:00,66.87000274658203,66.9000015258789,66.86000061035156,66.88999938964844,676.0
2025-03-18 18:24:00+00:00,66.86000061035156,66.88999938964844,66.83999633789062,66.87000274658203,351.0
2025-03-18 18:25:00+00:00,66.87000274658203,66.87999725341797,66.86000061035156,66.86000061035156,306.0
2025-03-18 18:26:00+00:00,66.86000061035156,66.87000274658203,66.81999969482422,66.87000274658203,353.0
2025-03-18 18:27:00+00:00,66.87999725341797,66.91999816894531,66.83999633789062,66.8499984741211,1014.0
2025-03-18 18:28:00+00:00,66.9000015258789,66.94000244140625,66.87999725341797,66.88999938964844,1437.0
2025-03-18 18:29:00+00:00,66.87000274658203,66.9000015258789,66.87000274658203,66.9000015258789,1385.0
2025-03-18 18:30:00+00:00,66.91999816894531,66.91999816894531,66.86000061035156,66.86000061035156,558.0
2025-03-18 18:31:00+00:00,66.94999694824219,66.94999694824219,66.91000366210938,66.91999816894531,423.0
2025-03-18 18:32:00+00:00,66.95999908447266,66.95999908447266,66.94999694824219,66.94999694824219,382.0
2025-03-18 18:33:00+00:00,66.95999908447266,66.95999908447266,66.94000244140625,66.94000244140625,45.0
2025-03-18 18:34:00+00:00,66.88999938964844,66.94999694824219,66.88999938964844,66.94999694824219,20.0
2025-03-18 18:35:00+00:00,66.88999938964844,66.9000015258789,66.87000274658203,66.9000015258789,94.0
2025-03-18 18:36:00+00:00,66.93000030517578,66.93000030517578,66.87999725341797,66.88999938964844,27.0
2025-03-18 18:37:00+00:00,66.91999816894531,66.93000030517578,66.91999816894531,66.91999816894531,11.0
2025-03-18 18:38:00+00:00,66.91999816894531,66.91999816894531,66.91999816894531,66.91999816894531,17.0
2025-03-18 18:39:00+00:00,66.93000030517578,66.93000030517578,66.93000030517578,66.93000030517578,14.0
2025-03-18 18:40:00+00:00,66.88999938964844,66.9000015258789,66.87999725341797,66.9000015258789,9.0
2025-03-18 18:41:00+00:00,66.87999725341797,66.88999938964844,66.87999725341797,66.88999938964844,7.0
2025-03-18 18:42:00+00:00,66.9000015258789,66.91999816894531,66.9000015258789,66.9000015258789,125.0
2025-03-18 18:43:00+00:00,66.88999938964844,66.88999938964844,66.87000274658203,66.88999938964844,70.0
2025-03-18 18:44:00+00:00,66.88999938964844,66.91000366210938,66.88999938964844,66.9000015258789,81.0
2025-03-18 18:45:00+00:00,66.9000015258789,66.91000366210938,66.9000015258789,66.9000015258789,16.0
2025-03-18 18:46:00+00:00,66.87999725341797,66.9000015258789,66.86000061035156,66.9000015258789,374.0
2025-03-18 18:47:00+00:00,66.87000274658203,66.9000015258789,66.87000274658203,66.87999725341797,196.0
2025-03-18 18:48:00+00:00,66.88999938964844,66.88999938964844,66.87999725341797,66.87999725341797,15.0
2025-03-18 18:49:00+00:00,66.83000183105469,66.87999725341797,66.80000305175781,66.87999725341797,56.0
2025-03-18 18:50:00+00:00,66.87000274658203,66.87000274658203,66.83000183105469,66.8499984741211,25.0
2025-03-18 18:51:00+00:00,66.9000015258789,66.9000015258789,66.87000274658203,66.87000274658203,29.0
2025-03-18 18:52:00+00:00,66.88999938964844,66.91000366210938,66.87000274658203,66.9000015258789,14.0
2025-03-18 18:53:00+00:00,66.87999725341797,66.88999938964844,66.87999725341797,66.88999938964844,8.0
2025-03-18 18:54:00+00:00,66.87000274658203,66.87999725341797,66.87000274658203,66.87000274658203,7.0
2025-03-18 18:55:00+00:00,66.87000274658203,66.87000274658203,66.87000274658203,66.87000274658203,3.0
2025-03-18 18:56:00+00:00,66.87000274658203,66.87000274658203,66.86000061035156,66.86000061035156,16.0
2025-03-18 18:57:00+00:00,66.8499984741211,66.8499984741211,66.8499984741211,66.8499984741211,4.0
2025-03-18 18:59:00+00:00,66.87000274658203,66.87999725341797,66.86000061035156,66.86000061035156,38.0
2025-03-18 19:00:00+00:00,66.83999633789062,66.87999725341797,66.83999633789062,66.86000061035156,10.0
2025-03-18 19:01:00+00:00,66.8499984741211,66.86000061035156,66.8499984741211,66.8499984741211,30.0
2025-03-18 19:02:00+00:00,66.86000061035156,66.86000061035156,66.8499984741211,66.86000061035156,10.0
2025-03-18 19:03:00+00:00,66.87000274658203,66.87000274658203,66.86000061035156,66.86000061035156,22.0
2025-03-18 19:04:00+00:00,66.87000274658203,66.87000274658203,66.87000274658203,66.87000274658203,8.0
2025-03-18 19:05:00+00:00,66.9000015258789,66.9000015258789,66.87999725341797,66.87999725341797,7.0
2025-03-18 19:07:00+00:00,66.87000274658203,66.87000274658203,66.86000061035156,66.86000061035156,82.0
2025-03-18 19:08:00+00:00,66.87999725341797,66.87999725341797,66.86000061035156,66.86000061035156,36.0
2025-03-18 19:09:00+00:00,66.87999725341797,66.88999938964844,66.87999725341797,66.88999938964844,14.0
2025-03-18 19:10:00+00:00,66.9000015258789,66.9000015258789,66.88999938964844,66.9000015258789,6.0
2025-03-18 19:11:00+00:00,66.91000366210938,66.91000366210938,66.91000366210938,66.91000366210938,201.0
2025-03-18 19:12:00+00:00,66.87999725341797,66.88999938964844,66.87000274658203,66.87999725341797,49.0
2025-03-18 19:13:00+00:00,66.87000274658203,66.87000274658203,66.87000274658203,66.87000274658203,5.0
2025-03-18 19:14:00+00:00,66.87000274658203,66.87999725341797,66.87000274658203,66.87000274658203,10.0
2025-03-18 19:15:00+00:00,66.87999725341797,66.88999938964844,66.87999725341797,66.88999938964844,82.0
2025-03-18 19:17:00+00:00,66.9000015258789,66.9000015258789,66.87000274658203,66.87000274658203,33.0
2025-03-18 19:18:00+00:00,66.9000015258789,66.91000366210938,66.9000015258789,66.9000015258789,5.0
2025-03-18 19:19:00+00:00,66.91000366210938,66.91999816894531,66.91000366210938,66.91000366210938,25.0
2025-03-18 19:20:00+00:00,66.91999816894531,66.91999816894531,66.91000366210938,66.91000366210938,13.0
2025-03-18 19:22:00+00:00,66.91000366210938,66.91000366210938,66.91000366210938,66.91000366210938,7.0
2025-03-18 19:25:00+00:00,66.91000366210938,66.91999816894531,66.91000366210938,66.91999816894531,12.0
2025-03-18 19:26:00+00:00,66.91999816894531,66.91999816894531,66.9000015258789,66.91000366210938,118.0
2025-03-18 19:27:00+00:00,66.93000030517578,66.93000030517578,66.91999816894531,66.91999816894531,159.0
2025-03-18 19:28:00+00:00,66.91000366210938,66.93000030517578,66.91000366210938,66.93000030517578,137.0
2025-03-18 19:29:00+00:00,66.93000030517578,66.93000030517578,66.91000366210938,66.91000366210938,41.0
2025-03-18 19:30:00+00:00,66.93000030517578,66.94000244140625,66.93000030517578,66.93000030517578,26.0
2025-03-18 19:31:00+00:00,66.91999816894531,66.93000030517578,66.91000366210938,66.91999816894531,40.0
2025-03-18 19:32:00+00:00,66.91000366210938,66.93000030517578,66.91000366210938,66.91999816894531,25.0
2025-03-18 19:33:00+00:00,66.93000030517578,66.93000030517578,66.91999816894531,66.91999816894531,12.0
2025-03-18 19:34:00+00:00,66.93000030517578,66.93000030517578,66.91999816894531,66.93000030517578,23.0
2025-03-18 19:35:00+00:00,66.93000030517578,66.93000030517578,66.91000366210938,66.91999816894531,43.0
2025-03-18 19:36:00+00:00,66.91000366210938,66.93000030517578,66.91000366210938,66.91999816894531,701.0
2025-03-18 19:37:00+00:00,66.91000366210938,66.91000366210938,66.91000366210938,66.91000366210938,4.0
2025-03-18 19:38:00+00:00,66.91999816894531,66.91999816894531,66.91000366210938,66.91000366210938,9.0
2025-03-18 19:39:00+00:00,66.91000366210938,66.91000366210938,66.91000366210938,66.91000366210938,18.0
2025-03-18 19:40:00+00:00,66.88999938964844,66.91000366210938,66.88999938964844,66.9000015258789,51.0
2025-03-18 19:41:00+00:00,66.88999938964844,66.9000015258789,66.88999938964844,66.9000015258789,13.0
2025-03-18 19:42:00+00:00,66.9000015258789,66.9000015258789,66.88999938964844,66.88999938964844,15.0
2025-03-18 19:43:00+00:00,66.9000015258789,66.9000015258789,66.9000015258789,66.9000015258789,12.0
2025-03-18 19:44:00+00:00,66.88999938964844,66.88999938964844,66.88999938964844,66.88999938964844,11.0
2025-03-18 19:45:00+00:00,66.88999938964844,66.9000015258789,66.88999938964844,66.88999938964844,157.0
2025-03-18 19:46:00+00:00,66.86000061035156,66.87999725341797,66.86000061035156,66.87999725341797,90.0
2025-03-18 19:47:00+00:00,66.87000274658203,66.87000274658203,66.87000274658203,66.87000274658203,15.0
2025-03-18 19:50:00+00:00,66.87999725341797,66.87999725341797,66.87000274658203,66.87000274658203,6.0
2025-03-18 19:51:00+00:00,66.87999725341797,66.87999725341797,66.87999725341797,66.87999725341797,10.0
2025-03-18 19:52:00+00:00,66.9000015258789,66.9000015258789,66.88999938964844,66.88999938964844,12.0
2025-03-18 19:54:00+00:00,66.88999938964844,66.88999938964844,66.87999725341797,66.87999725341797,9.0
2025-03-18 19:55:00+00:00,66.87000274658203,66.9000015258789,66.87000274658203,66.88999938964844,11.0
2025-03-18 19:56:00+00:00,66.88999938964844,66.88999938964844,66.86000061035156,66.87000274658203,57.0
2025-03-18 19:58:00+00:00,66.9000015258789,66.9000015258789,66.87999725341797,66.87999725341797,93.0
2025-03-18 19:59:00+00:00,66.91999816894531,66.93000030517578,66.9000015258789,66.9000015258789,266.0
2025-03-18 20:00:00+00:00,66.91000366210938,66.91000366210938,66.91000366210938,66.91000366210938,1.0
2025-03-18 20:02:00+00:00,66.86000061035156,66.87000274658203,66.86000061035156,66.87000274658203,5.0
2025-03-18 20:03:00+00:00,66.8499984741211,66.87000274658203,66.8499984741211,66.86000061035156,41.0
2025-03-18 20:04:00+00:00,66.86000061035156,66.86000061035156,66.83999633789062,66.83999633789062,5.0
2025-03-18 20:05:00+00:00,66.83999633789062,66.8499984741211,66.83999633789062,66.8499984741211,20.0
2025-03-18 20:06:00+00:00,66.83000183105469,66.83000183105469,66.83000183105469,66.83000183105469,22.0
2025-03-18 20:07:00+00:00,66.83999633789062,66.83999633789062,66.83000183105469,66.83000183105469,6.0
2025-03-18 20:08:00+00:00,66.83000183105469,66.83000183105469,66.80999755859375,66.83000183105469,27.0
2025-03-18 20:09:00+00:00,66.83000183105469,66.83000183105469,66.81999969482422,66.81999969482422,17.0
2025-03-18 20:12:00+00:00,66.83000183105469,66.83000183105469,66.80999755859375,66.81999969482422,4.0
2025-03-18 20:14:00+00:00,66.83999633789062,66.83999633789062,66.83999633789062,66.83999633789062,22.0
2025-03-18 20:15:00+00:00,66.8499984741211,66.8499984741211,66.8499984741211,66.8499984741211,14.0
2025-03-18 20:16:00+00:00,66.83999633789062,66.83999633789062,66.83000183105469,66.83999633789062,5.0
2025-03-18 20:19:00+00:00,66.83999633789062,66.83999633789062,66.83000183105469,66.83000183105469,2.0
2025-03-18 20:21:00+00:00,66.81999969482422,66.83000183105469,66.81999969482422,66.83000183105469,10.0
2025-03-18 20:22:00+00:00,66.83000183105469,66.83000183105469,66.83000183105469,66.83000183105469,15.0
2025-03-18 20:23:00+00:00,66.8499984741211,66.8499984741211,66.8499984741211,66.8499984741211,155.0
2025-03-18 20:29:00+00:00,66.80000305175781,66.83999633789062,66.80000305175781,66.83999633789062,4.0
2025-03-18 20:30:00+00:00,66.69999694824219,66.77999877929688,66.63999938964844,66.75,195.0
2025-03-18 20:31:00+00:00,66.66000366210938,66.69000244140625,66.66000366210938,66.69000244140625,21.0
2025-03-18 20:32:00+00:00,66.5999984741211,66.6500015258789,66.58000183105469,66.6500015258789,42.0
2025-03-18 20:33:00+00:00,66.61000061035156,66.61000061035156,66.55999755859375,66.55999755859375,12.0
2025-03-18 20:34:00+00:00,66.68000030517578,66.68000030517578,66.62999725341797,66.63999938964844,15.0
2025-03-18 20:35:00+00:00,66.66999816894531,66.69000244140625,66.6500015258789,66.69000244140625,15.0
2025-03-18 20:36:00+00:00,66.69000244140625,66.69000244140625,66.66999816894531,66.66999816894531,8.0
2025-03-18 20:37:00+00:00,66.69000244140625,66.69000244140625,66.69000244140625,66.69000244140625,16.0
2025-03-18 20:38:00+00:00,66.70999908447266,66.70999908447266,66.69000244140625,66.69999694824219,11.0
2025-03-18 20:39:00+00:00,66.70999908447266,66.70999908447266,66.69999694824219,66.69999694824219,88.0
2025-03-18 20:40:00+00:00,66.7300033569336,66.7300033569336,66.72000122070312,66.72000122070312,14.0
2025-03-18 20:41:00+00:00,66.76000213623047,66.76000213623047,66.7300033569336,66.7300033569336,95.0
2025-03-18 20:42:00+00:00,66.77999877929688,66.77999877929688,66.76000213623047,66.76000213623047,7.0
2025-03-18 20:43:00+00:00,66.77999877929688,66.77999877929688,66.77999877929688,66.77999877929688,1.0
2025-03-18 20:44:00+00:00,66.73999786376953,66.77999877929688,66.73999786376953,66.77999877929688,42.0
2025-03-18 20:45:00+00:00,66.7300033569336,66.7699966430664,66.7300033569336,66.76000213623047,24.0
2025-03-18 20:46:00+00:00,66.75,66.75,66.75,66.75,2.0
2025-03-18 20:47:00+00:00,66.7300033569336,66.76000213623047,66.7300033569336,66.7300033569336,17.0
2025-03-18 20:48:00+00:00,66.72000122070312,66.72000122070312,66.72000122070312,66.72000122070312,6.0
2025-03-18 20:49:00+00:00,66.69999694824219,66.73999786376953,66.69999694824219,66.70999908447266,5.0
2025-03-18 20:50:00+00:00,66.69000244140625,66.69000244140625,66.69000244140625,66.69000244140625,1.0
2025-03-18 20:51:00+00:00,66.70999908447266,66.70999908447266,66.69999694824219,66.69999694824219,3.0
2025-03-18 20:52:00+00:00,66.70999908447266,66.72000122070312,66.70999908447266,66.72000122070312,4.0
2025-03-18 20:53:00+00:00,66.70999908447266,66.70999908447266,66.70999908447266,66.70999908447266,3.0
2025-03-18 20:54:00+00:00,66.69999694824219,66.69999694824219,66.69000244140625,66.69999694824219,12.0
2025-03-18 20:55:00+00:00,66.69000244140625,66.69999694824219,66.68000030517578,66.69999694824219,5.0
2025-03-18 20:56:00+00:00,66.69999694824219,66.70999908447266,66.69999694824219,66.69999694824219,5.0
2025-03-18 20:57:00+00:00,66.70999908447266,66.70999908447266,66.66999816894531,66.68000030517578,8.0
2025-03-18 20:58:00+00:00,66.69000244140625,66.69999694824219,66.69000244140625,66.69000244140625,3.0
2025-03-18 20:59:00+00:00,66.69999694824219,66.70999908447266,66.69000244140625,66.69999694824219,11.0
2025-03-18 22:00:00+00:00,66.73999786376953,66.76000213623047,66.72000122070312,66.72000122070312,0.0
2025-03-18 22:02:00+00:00,66.75,66.75,66.75,66.75,1.0
2025-03-18 22:03:00+00:00,66.7699966430664,66.79000091552734,66.76000213623047,66.76000213623047,247.0
2025-03-18 22:04:00+00:00,66.80000305175781,66.80000305175781,66.80000305175781,66.80000305175781,2.0
2025-03-18 22:05:00+00:00,66.80000305175781,66.80000305175781,66.80000305175781,66.80000305175781,49.0
2025-03-18 22:07:00+00:00,66.7699966430664,66.7699966430664,66.7699966430664,66.7699966430664,54.0
2025-03-18 22:08:00+00:00,66.7699966430664,66.77999877929688,66.7699966430664,66.77999877929688,2.0
2025-03-18 22:12:00+00:00,66.7699966430664,66.80999755859375,66.7699966430664,66.77999877929688,166.0
2025-03-18 22:16:00+00:00,66.80000305175781,66.80000305175781,66.80000305175781,66.80000305175781,38.0
2025-03-18 22:17:00+00:00,66.80000305175781,66.80000305175781,66.80000305175781,66.80000305175781,5.0
2025-03-18 22:21:00+00:00,66.76000213623047,66.79000091552734,66.76000213623047,66.79000091552734,14.0
2025-03-18 22:42:00+00:00,66.7300033569336,66.7300033569336,66.70999908447266,66.70999908447266,2.0
2025-03-18 22:49:00+00:00,66.77999877929688,66.77999877929688,66.76000213623047,66.76000213623047,2.0
2025-03-18 22:51:00+00:00,66.80000305175781,66.80999755859375,66.7699966430664,66.7699966430664,32.0
2025-03-18 22:53:00+00:00,66.79000091552734,66.79000091552734,66.79000091552734,66.79000091552734,3.0
2025-03-18 22:56:00+00:00,66.83000183105469,66.83000183105469,66.81999969482422,66.81999969482422,12.0
2025-03-18 22:58:00+00:00,66.80000305175781,66.81999969482422,66.80000305175781,66.81999969482422,2.0
2025-03-18 23:00:00+00:00,66.80999755859375,66.80999755859375,66.80999755859375,66.80999755859375,101.0
2025-03-18 23:02:00+00:00,66.79000091552734,66.80999755859375,66.79000091552734,66.80999755859375,14.0
2025-03-18 23:14:00+00:00,66.80000305175781,66.80000305175781,66.79000091552734,66.79000091552734,3.0
2025-03-18 23:16:00+00:00,66.83999633789062,66.83999633789062,66.80000305175781,66.80000305175781,18.0
2025-03-18 23:18:00+00:00,66.80000305175781,66.80000305175781,66.80000305175781,66.80000305175781,15.0
2025-03-18 23:34:00+00:00,66.76000213623047,66.76000213623047,66.76000213623047,66.76000213623047,1.0
2025-03-18 23:44:00+00:00,66.80999755859375,66.83000183105469,66.80999755859375,66.83000183105469,3.0
2025-03-18 23:48:00+00:00,66.83000183105469,66.83000183105469,66.83000183105469,66.83000183105469,5.0
2025-03-19 00:00:00+00:00,66.77999877929688,66.83000183105469,66.77999877929688,66.83000183105469,18.0
2025-03-19 00:01:00+00:00,66.76000213623047,66.79000091552734,66.75,66.79000091552734,26.0
2025-03-19 00:02:00+00:00,66.77999877929688,66.77999877929688,66.76000213623047,66.76000213623047,4.0
2025-03-19 00:03:00+00:00,66.76000213623047,66.7699966430664,66.76000213623047,66.76000213623047,18.0
2025-03-19 00:06:00+00:00,66.75,66.75,66.75,66.75,5.0
2025-03-19 00:07:00+00:00,66.73999786376953,66.73999786376953,66.73999786376953,66.73999786376953,3.0
2025-03-19 00:08:00+00:00,66.72000122070312,66.72000122070312,66.72000122070312,66.72000122070312,8.0
2025-03-19 00:12:00+00:00,66.72000122070312,66.7300033569336,66.72000122070312,66.7300033569336,14.0
2025-03-19 00:13:00+00:00,66.7300033569336,66.7300033569336,66.72000122070312,66.72000122070312,9.0
2025-03-19 00:15:00+00:00,66.77999877929688,66.77999877929688,66.73999786376953,66.73999786376953,6.0
2025-03-19 00:16:00+00:00,66.79000091552734,66.80000305175781,66.7699966430664,66.7699966430664,49.0
2025-03-19 00:17:00+00:00,66.80000305175781,66.80000305175781,66.80000305175781,66.80000305175781,11.0
2025-03-19 00:24:00+00:00,66.75,66.75,66.75,66.75,7.0
2025-03-19 00:25:00+00:00,66.73999786376953,66.73999786376953,66.73999786376953,66.73999786376953,10.0
2025-03-19 00:30:00+00:00,66.73999786376953,66.73999786376953,66.73999786376953,66.73999786376953,5.0
2025-03-19 00:31:00+00:00,66.73999786376953,66.73999786376953,66.73999786376953,66.73999786376953,7.0
2025-03-19 00:32:00+00:00,66.7300033569336,66.7300033569336,66.7300033569336,66.7300033569336,11.0
2025-03-19 00:33:00+00:00,66.72000122070312,66.72000122070312,66.72000122070312,66.72000122070312,2.0
2025-03-19 00:34:00+00:00,66.75,66.75,66.75,66.75,18.0
2025-03-19 00:35:00+00:00,66.77999877929688,66.77999877929688,66.77999877929688,66.77999877929688,5.0
2025-03-19 00:36:00+00:00,66.77999877929688,66.77999877929688,66.77999877929688,66.77999877929688,2.0
2025-03-19 00:37:00+00:00,66.80000305175781,66.80000305175781,66.80000305175781,66.80000305175781,3.0
2025-03-19 00:38:00+00:00,66.79000091552734,66.80999755859375,66.79000091552734,66.80999755859375,5.0
2025-03-19 00:42:00+00:00,66.86000061035156,66.86000061035156,66.83999633789062,66.83999633789062,4.0
2025-03-19 00:45:00+00:00,66.7699966430664,66.7699966430664,66.7699966430664,66.7699966430664,40.0
2025-03-19 00:57:00+00:00,66.80999755859375,66.81999969482422,66.80999755859375,66.81999969482422,13.0
2025-03-19 01:00:00+00:00,66.75,66.80999755859375,66.75,66.80999755859375,9.0
2025-03-19 01:01:00+00:00,66.73999786376953,66.73999786376953,66.73999786376953,66.73999786376953,2.0
2025-03-19 01:02:00+00:00,66.73999786376953,66.75,66.73999786376953,66.75,2.0
2025-03-19 01:04:00+00:00,66.61000061035156,66.72000122070312,66.61000061035156,66.72000122070312,5.0
2025-03-19 01:05:00+00:00,66.62999725341797,66.62999725341797,66.62000274658203,66.62000274658203,11.0
2025-03-19 01:06:00+00:00,66.62000274658203,66.62000274658203,66.62000274658203,66.62000274658203,1.0
2025-03-19 01:07:00+00:00,66.58000183105469,66.58000183105469,66.58000183105469,66.58000183105469,2.0
2025-03-19 01:09:00+00:00,66.58999633789062,66.58999633789062,66.58999633789062,66.58999633789062,5.0
2025-03-19 01:11:00+00:00,66.58999633789062,66.58999633789062,66.58999633789062,66.58999633789062,8.0
2025-03-19 01:12:00+00:00,66.58000183105469,66.58000183105469,66.58000183105469,66.58000183105469,5.0
2025-03-19 01:13:00+00:00,66.5999984741211,66.5999984741211,66.5999984741211,66.5999984741211,6.0
2025-03-19 01:14:00+00:00,66.61000061035156,66.61000061035156,66.61000061035156,66.61000061035156,3.0
2025-03-19 01:15:00+00:00,66.61000061035156,66.61000061035156,66.5999984741211,66.5999984741211,11.0
2025-03-19 01:18:00+00:00,66.5999984741211,66.5999984741211,66.5999984741211,66.5999984741211,3.0
2025-03-19 01:21:00+00:00,66.61000061035156,66.61000061035156,66.61000061035156,66.61000061035156,1.0
2025-03-19 01:23:00+00:00,66.61000061035156,66.61000061035156,66.61000061035156,66.61000061035156,4.0
2025-03-19 01:24:00+00:00,66.62000274658203,66.62000274658203,66.62000274658203,66.62000274658203,2.0
2025-03-19 01:31:00+00:00,66.68000030517578,66.68000030517578,66.68000030517578,66.68000030517578,12.0
2025-03-19 01:34:00+00:00,66.66999816894531,66.66999816894531,66.66999816894531,66.66999816894531,6.0
2025-03-19 01:37:00+00:00,66.7300033569336,66.7300033569336,66.7300033569336,66.7300033569336,2.0
2025-03-19 01:38:00+00:00,66.69000244140625,66.69000244140625,66.69000244140625,66.69000244140625,3.0
2025-03-19 01:42:00+00:00,66.6500015258789,66.6500015258789,66.63999938964844,66.63999938964844,3.0
2025-03-19 01:44:00+00:00,66.66000366210938,66.66000366210938,66.66000366210938,66.66000366210938,4.0
2025-03-19 01:46:00+00:00,66.66000366210938,66.66000366210938,66.66000366210938,66.66000366210938,3.0
2025-03-19 01:53:00+00:00,66.62000274658203,66.62000274658203,66.62000274658203,66.62000274658203,4.0
2025-03-19 02:02:00+00:00,66.66000366210938,66.66000366210938,66.66000366210938,66.66000366210938,10.0
2025-03-19 02:03:00+00:00,66.6500015258789,66.6500015258789,66.6500015258789,66.6500015258789,1.0
2025-03-19 02:06:00+00:00,66.68000030517578,66.68000030517578,66.68000030517578,66.68000030517578,1.0
2025-03-19 02:11:00+00:00,66.66999816894531,66.66999816894531,66.66999816894531,66.66999816894531,1.0
2025-03-19 02:25:00+00:00,66.69999694824219,66.69999694824219,66.69999694824219,66.69999694824219,4.0
2025-03-19 02:26:00+00:00,66.69999694824219,66.69999694824219,66.69999694824219,66.69999694824219,2.0
2025-03-19 02:29:00+00:00,66.69999694824219,66.69999694824219,66.68000030517578,66.68000030517578,2.0
2025-03-19 02:30:00+00:00,66.72000122070312,66.72000122070312,66.70999908447266,66.70999908447266,71.0
2025-03-19 02:37:00+00:00,66.69999694824219,66.70999908447266,66.69999694824219,66.69999694824219,3.0
2025-03-19 03:23:00+00:00,66.66000366210938,66.66000366210938,66.66000366210938,66.66000366210938,1.0
2025-03-19 03:30:00+00:00,66.70999908447266,66.70999908447266,66.69999694824219,66.69999694824219,2.0
2025-03-19 03:35:00+00:00,66.66999816894531,66.66999816894531,66.66999816894531,66.66999816894531,2.0
2025-03-19 03:40:00+00:00,66.66000366210938,66.66000366210938,66.66000366210938,66.66000366210938,2.0
2025-03-19 03:46:00+00:00,66.7300033569336,66.7300033569336,66.7300033569336,66.7300033569336,14.0
2025-03-19 04:11:00+00:00,66.68000030517578,66.68000030517578,66.68000030517578,66.68000030517578,2.0
2025-03-19 04:19:00+00:00,66.69999694824219,66.69999694824219,66.69999694824219,66.69999694824219,1.0
2025-03-19 04:22:00+00:00,66.66999816894531,66.66999816894531,66.66999816894531,66.66999816894531,5.0
2025-03-19 04:32:00+00:00,66.63999938964844,66.63999938964844,66.63999938964844,66.63999938964844,6.0
2025-03-19 04:39:00+00:00,66.62999725341797,66.62999725341797,66.62999725341797,66.62999725341797,1.0
2025-03-19 04:41:00+00:00,66.62999725341797,66.62999725341797,66.62999725341797,66.62999725341797,2.0
2025-03-19 04:48:00+00:00,66.62999725341797,66.62999725341797,66.61000061035156,66.61000061035156,6.0
2025-03-19 04:49:00+00:00,66.63999938964844,66.63999938964844,66.62999725341797,66.62999725341797,2.0
2025-03-19 04:50:00+00:00,66.66000366210938,66.66000366210938,66.63999938964844,66.63999938964844,3.0
2025-03-19 05:12:00+00:00,66.63999938964844,66.63999938964844,66.63999938964844,66.63999938964844,8.0
2025-03-19 05:16:00+00:00,66.63999938964844,66.63999938964844,66.63999938964844,66.63999938964844,53.0
2025-03-19 05:17:00+00:00,66.66000366210938,66.66000366210938,66.66000366210938,66.66000366210938,71.0
2025-03-19 05:33:00+00:00,66.63999938964844,66.63999938964844,66.63999938964844,66.63999938964844,1.0
2025-03-19 05:39:00+00:00,66.58999633789062,66.58999633789062,66.58999633789062,66.58999633789062,1.0
2025-03-19 05:47:00+00:00,66.54000091552734,66.55999755859375,66.52999877929688,66.55999755859375,5.0
2025-03-19 05:49:00+00:00,66.5199966430664,66.52999877929688,66.5199966430664,66.52999877929688,3.0
2025-03-19 05:50:00+00:00,66.54000091552734,66.54000091552734,66.54000091552734,66.54000091552734,3.0
2025-03-19 06:01:00+00:00,66.51000213623047,66.5199966430664,66.51000213623047,66.5199966430664,7.0
2025-03-19 06:04:00+00:00,66.52999877929688,66.52999877929688,66.52999877929688,66.52999877929688,40.0
2025-03-19 06:05:00+00:00,66.54000091552734,66.54000091552734,66.54000091552734,66.54000091552734,1.0
2025-03-19 06:07:00+00:00,66.5,66.5,66.5,66.5,5.0
2025-03-19 06:10:00+00:00,66.54000091552734,66.54000091552734,66.52999877929688,66.52999877929688,2.0
2025-03-19 06:12:00+00:00,66.56999969482422,66.56999969482422,66.56999969482422,66.56999969482422,1.0
2025-03-19 06:13:00+00:00,66.55999755859375,66.55999755859375,66.55999755859375,66.55999755859375,1.0
2025-03-19 06:17:00+00:00,66.52999877929688,66.52999877929688,66.52999877929688,66.52999877929688,1.0
2025-03-19 06:26:00+00:00,66.48999786376953,66.5,66.48999786376953,66.5,28.0
2025-03-19 06:27:00+00:00,66.51000213623047,66.51000213623047,66.51000213623047,66.51000213623047,1.0
2025-03-19 06:28:00+00:00,66.47000122070312,66.4800033569336,66.47000122070312,66.4800033569336,3.0
2025-03-19 06:29:00+00:00,66.4800033569336,66.4800033569336,66.4800033569336,66.4800033569336,1.0
2025-03-19 06:34:00+00:00,66.41999816894531,66.41999816894531,66.41999816894531,66.41999816894531,1.0
2025-03-19 06:37:00+00:00,66.44000244140625,66.44000244140625,66.44000244140625,66.44000244140625,1.0
2025-03-19 06:42:00+00:00,66.41999816894531,66.43000030517578,66.41999816894531,66.43000030517578,2.0
2025-03-19 06:53:00+00:00,66.33999633789062,66.36000061035156,66.33999633789062,66.36000061035156,10.0
2025-03-19 06:54:00+00:00,66.33999633789062,66.33999633789062,66.33999633789062,66.33999633789062,1.0
2025-03-19 06:55:00+00:00,66.37999725341797,66.37999725341797,66.37999725341797,66.37999725341797,3.0
2025-03-19 06:56:00+00:00,66.4000015258789,66.4000015258789,66.4000015258789,66.4000015258789,3.0
2025-03-19 06:59:00+00:00,66.41000366210938,66.41000366210938,66.41000366210938,66.41000366210938,1.0
2025-03-19 07:01:00+00:00,66.45999908447266,66.45999908447266,66.43000030517578,66.44000244140625,4.0
2025-03-19 07:08:00+00:00,66.54000091552734,66.54000091552734,66.5199966430664,66.5199966430664,4.0
2025-03-19 07:09:00+00:00,66.55000305175781,66.55000305175781,66.5199966430664,66.5199966430664,18.0
2025-03-19 07:14:00+00:00,66.6500015258789,66.6500015258789,66.63999938964844,66.63999938964844,2.0
2025-03-19 07:29:00+00:00,66.6500015258789,66.6500015258789,66.6500015258789,66.6500015258789,9.0
2025-03-19 07:32:00+00:00,66.68000030517578,66.70999908447266,66.68000030517578,66.68000030517578,14.0
2025-03-19 07:33:00+00:00,66.6500015258789,66.6500015258789,66.6500015258789,66.6500015258789,2.0
2025-03-19 07:39:00+00:00,66.62999725341797,66.62999725341797,66.62000274658203,66.62000274658203,4.0
2025-03-19 07:41:00+00:00,66.5999984741211,66.5999984741211,66.5999984741211,66.5999984741211,2.0
2025-03-19 07:42:00+00:00,66.62000274658203,66.62000274658203,66.5999984741211,66.5999984741211,7.0
2025-03-19 07:45:00+00:00,66.5999984741211,66.61000061035156,66.5999984741211,66.61000061035156,3.0
2025-03-19 07:46:00+00:00,66.63999938964844,66.63999938964844,66.62000274658203,66.62000274658203,2.0
2025-03-19 07:47:00+00:00,66.62000274658203,66.62999725341797,66.61000061035156,66.61000061035156,7.0
2025-03-19 07:48:00+00:00,66.63999938964844,66.63999938964844,66.62000274658203,66.62000274658203,8.0
2025-03-19 07:49:00+00:00,66.62999725341797,66.62999725341797,66.62999725341797,66.62999725341797,4.0
2025-03-19 07:52:00+00:00,66.61000061035156,66.62999725341797,66.61000061035156,66.62000274658203,3.0
2025-03-19 07:53:00+00:00,66.62999725341797,66.62999725341797,66.62000274658203,66.62999725341797,3.0
2025-03-19 07:55:00+00:00,66.62000274658203,66.6500015258789,66.62000274658203,66.6500015258789,3.0
2025-03-19 07:56:00+00:00,66.62000274658203,66.62999725341797,66.62000274658203,66.62999725341797,2.0
2025-03-19 07:57:00+00:00,66.61000061035156,66.61000061035156,66.61000061035156,66.61000061035156,2.0
2025-03-19 07:58:00+00:00,66.55999755859375,66.56999969482422,66.55999755859375,66.56999969482422,3.0
2025-03-19 08:00:00+00:00,66.58999633789062,66.62000274658203,66.58999633789062,66.62000274658203,2.0
2025-03-19 08:03:00+00:00,66.54000091552734,66.54000091552734,66.52999877929688,66.54000091552734,4.0
2025-03-19 08:04:00+00:00,66.55000305175781,66.55000305175781,66.55000305175781,66.55000305175781,1.0
2025-03-19 08:05:00+00:00,66.58000183105469,66.58999633789062,66.58000183105469,66.58000183105469,5.0
2025-03-19 08:06:00+00:00,66.68000030517578,66.68000030517578,66.63999938964844,66.63999938964844,8.0
2025-03-19 08:07:00+00:00,66.63999938964844,66.66999816894531,66.63999938964844,66.66999816894531,2.0
2025-03-19 08:09:00+00:00,66.69999694824219,66.69999694824219,66.69999694824219,66.69999694824219,25.0
2025-03-19 08:11:00+00:00,66.68000030517578,66.68000030517578,66.66999816894531,66.66999816894531,3.0
2025-03-19 08:12:00+00:00,66.66000366210938,66.66999816894531,66.66000366210938,66.66999816894531,2.0
2025-03-19 08:15:00+00:00,66.70999908447266,66.7300033569336,66.70999908447266,66.7300033569336,3.0
2025-03-19 08:25:00+00:00,66.70999908447266,66.70999908447266,66.70999908447266,66.70999908447266,0.0
2025-03-19 08:26:00+00:00,66.70999908447266,66.70999908447266,66.70999908447266,66.70999908447266,2072.0
2025-03-19 08:29:00+00:00,66.61000061035156,66.66999816894531,66.61000061035156,66.66999816894531,12.0
2025-03-19 08:30:00+00:00,66.58999633789062,66.61000061035156,66.58999633789062,66.5999984741211,7.0
2025-03-19 08:32:00+00:00,66.5999984741211,66.62000274658203,66.55000305175781,66.56999969482422,25.0
2025-03-19 08:33:00+00:00,66.44000244140625,66.44000244140625,66.43000030517578,66.43000030517578,6.0
2025-03-19 08:34:00+00:00,66.44000244140625,66.5,66.44000244140625,66.5,16.0
2025-03-19 08:35:00+00:00,66.41000366210938,66.44999694824219,66.41000366210938,66.44999694824219,16.0
2025-03-19 08:36:00+00:00,66.31999969482422,66.41000366210938,66.31999969482422,66.4000015258789,28.0
2025-03-19 08:37:00+00:00,66.30999755859375,66.3499984741211,66.29000091552734,66.3499984741211,43.0
2025-03-19 08:38:00+00:00,66.33000183105469,66.33000183105469,66.27999877929688,66.27999877929688,12.0
2025-03-19 08:39:00+00:00,66.36000061035156,66.36000061035156,66.33000183105469,66.33000183105469,8.0
2025-03-19 08:41:00+00:00,66.41000366210938,66.41000366210938,66.4000015258789,66.4000015258789,3.0
2025-03-19 08:42:00+00:00,66.43000030517578,66.44000244140625,66.43000030517578,66.43000030517578,8.0
2025-03-19 08:43:00+00:00,66.45999908447266,66.45999908447266,66.41999816894531,66.41999816894531,13.0
2025-03-19 08:44:00+00:00,66.44999694824219,66.44999694824219,66.44000244140625,66.44000244140625,6.0
2025-03-19 08:45:00+00:00,66.41999816894531,66.44999694824219,66.41999816894531,66.44999694824219,7.0
2025-03-19 08:48:00+00:00,66.45999908447266,66.45999908447266,66.45999908447266,66.45999908447266,1.0
2025-03-19 08:49:00+00:00,66.37999725341797,66.41000366210938,66.37999725341797,66.41000366210938,38.0
2025-03-19 08:50:00+00:00,66.37000274658203,66.37000274658203,66.33000183105469,66.33999633789062,9.0
2025-03-19 08:51:00+00:00,66.37000274658203,66.37999725341797,66.37000274658203,66.37000274658203,11.0
2025-03-19 08:52:00+00:00,66.38999938964844,66.38999938964844,66.36000061035156,66.36000061035156,46.0
2025-03-19 08:53:00+00:00,66.4000015258789,66.44999694824219,66.4000015258789,66.44999694824219,3.0
2025-03-19 08:54:00+00:00,66.41999816894531,66.41999816894531,66.41999816894531,66.41999816894531,2.0
2025-03-19 08:55:00+00:00,66.41999816894531,66.41999816894531,66.41999816894531,66.41999816894531,5.0
2025-03-19 08:56:00+00:00,66.37999725341797,66.41999816894531,66.37999725341797,66.4000015258789,5.0
2025-03-19 08:57:00+00:00,66.31999969482422,66.36000061035156,66.31999969482422,66.36000061035156,60.0
2025-03-19 08:58:00+00:00,66.33999633789062,66.3499984741211,66.30000305175781,66.30000305175781,6.0
2025-03-19 08:59:00+00:00,66.26000213623047,66.31999969482422,66.25,66.31999969482422,300.0
2025-03-19 09:00:00+00:00,66.25,66.2699966430664,66.23999786376953,66.2699966430664,38.0
2025-03-19 09:01:00+00:00,66.29000091552734,66.29000091552734,66.27999877929688,66.29000091552734,7.0
2025-03-19 09:02:00+00:00,66.30000305175781,66.30000305175781,66.29000091552734,66.30000305175781,8.0
2025-03-19 09:04:00+00:00,66.30000305175781,66.30000305175781,66.29000091552734,66.29000091552734,3.0
2025-03-19 09:05:00+00:00,66.30000305175781,66.30000305175781,66.30000305175781,66.30000305175781,3.0
2025-03-19 09:06:00+00:00,66.31999969482422,66.31999969482422,66.31999969482422,66.31999969482422,6.0
2025-03-19 09:07:00+00:00,66.37000274658203,66.37000274658203,66.36000061035156,66.36000061035156,2.0
2025-03-19 09:10:00+00:00,66.33999633789062,66.36000061035156,66.33000183105469,66.3499984741211,16.0
2025-03-19 09:11:00+00:00,66.31999969482422,66.33999633789062,66.31999969482422,66.33999633789062,7.0
2025-03-19 09:12:00+00:00,66.2699966430664,66.2699966430664,66.2699966430664,66.2699966430664,1.0
2025-03-19 09:13:00+00:00,66.26000213623047,66.27999877929688,66.26000213623047,66.26000213623047,7.0
2025-03-19 09:14:00+00:00,66.25,66.25,66.25,66.25,4.0
2025-03-19 09:15:00+00:00,66.27999877929688,66.27999877929688,66.2699966430664,66.2699966430664,2.0
2025-03-19 09:16:00+00:00,66.29000091552734,66.29000091552734,66.29000091552734,66.29000091552734,2.0
2025-03-19 09:17:00+00:00,66.26000213623047,66.26000213623047,66.26000213623047,66.26000213623047,5.0
2025-03-19 09:19:00+00:00,66.27999877929688,66.27999877929688,66.26000213623047,66.26000213623047,2.0
2025-03-19 09:20:00+00:00,66.30999755859375,66.30999755859375,66.30999755859375,66.30999755859375,8.0
2025-03-19 09:24:00+00:00,66.30000305175781,66.30000305175781,66.30000305175781,66.30000305175781,1.0
2025-03-19 09:26:00+00:00,66.30000305175781,66.30000305175781,66.2699966430664,66.2699966430664,33.0
2025-03-19 09:27:00+00:00,66.25,66.29000091552734,66.25,66.29000091552734,27.0
2025-03-19 09:28:00+00:00,66.25,66.26000213623047,66.23999786376953,66.23999786376953,6.0
2025-03-19 09:29:00+00:00,66.23999786376953,66.26000213623047,66.23999786376953,66.26000213623047,2.0
2025-03-19 09:30:00+00:00,66.2300033569336,66.25,66.2300033569336,66.2300033569336,16.0
2025-03-19 09:31:00+00:00,66.22000122070312,66.22000122070312,66.20999908447266,66.22000122070312,7.0
2025-03-19 09:32:00+00:00,66.27999877929688,66.27999877929688,66.23999786376953,66.23999786376953,7.0
2025-03-19 09:33:00+00:00,66.33999633789062,66.33999633789062,66.27999877929688,66.27999877929688,17.0
2025-03-19 09:36:00+00:00,66.36000061035156,66.36000061035156,66.36000061035156,66.36000061035156,0.0
2025-03-19 09:37:00+00:00,66.37999725341797,66.37999725341797,66.37999725341797,66.37999725341797,3025.0
2025-03-19 09:38:00+00:00,66.33999633789062,66.33999633789062,66.33000183105469,66.33999633789062,8.0
2025-03-19 09:39:00+00:00,66.3499984741211,66.3499984741211,66.3499984741211,66.3499984741211,2.0
2025-03-19 09:41:00+00:00,66.31999969482422,66.31999969482422,66.31999969482422,66.31999969482422,2.0
2025-03-19 09:46:00+00:00,66.27999877929688,66.27999877929688,66.27999877929688,66.27999877929688,1.0
2025-03-19 09:47:00+00:00,66.31999969482422,66.31999969482422,66.31999969482422,66.31999969482422,1.0
2025-03-19 09:49:00+00:00,66.37000274658203,66.37999725341797,66.37000274658203,66.37999725341797,3.0
2025-03-19 09:50:00+00:00,66.4800033569336,66.48999786376953,66.38999938964844,66.38999938964844,14.0
2025-03-19 09:51:00+00:00,66.45999908447266,66.4800033569336,66.45999908447266,66.4800033569336,21.0
2025-03-19 09:52:00+00:00,66.47000122070312,66.47000122070312,66.45999908447266,66.45999908447266,4.0
2025-03-19 09:53:00+00:00,66.45999908447266,66.47000122070312,66.45999908447266,66.45999908447266,7.0
2025-03-19 09:54:00+00:00,66.44000244140625,66.45999908447266,66.44000244140625,66.45999908447266,14.0
2025-03-19 09:56:00+00:00,66.44999694824219,66.45999908447266,66.44999694824219,66.44999694824219,4.0
2025-03-19 09:57:00+00:00,66.44999694824219,66.47000122070312,66.44999694824219,66.47000122070312,25.0
2025-03-19 09:58:00+00:00,66.51000213623047,66.51000213623047,66.44999694824219,66.45999908447266,123.0
2025-03-19 09:59:00+00:00,66.51000213623047,66.51000213623047,66.5,66.5,5.0
2025-03-19 10:00:00+00:00,66.5199966430664,66.5199966430664,66.4800033569336,66.4800033569336,25.0
2025-03-19 10:01:00+00:00,66.5199966430664,66.5199966430664,66.5199966430664,66.5199966430664,1.0
2025-03-19 10:02:00+00:00,66.5,66.5,66.5,66.5,1.0
2025-03-19 10:03:00+00:00,66.5,66.51000213623047,66.5,66.51000213623047,11.0
2025-03-19 10:04:00+00:00,66.54000091552734,66.54000091552734,66.51000213623047,66.51000213623047,19.0
2025-03-19 10:05:00+00:00,66.55000305175781,66.55000305175781,66.55000305175781,66.55000305175781,18.0
2025-03-19 10:06:00+00:00,66.48999786376953,66.5199966430664,66.4800033569336,66.5199966430664,20.0
2025-03-19 10:08:00+00:00,66.48999786376953,66.48999786376953,66.48999786376953,66.48999786376953,4.0
2025-03-19 10:09:00+00:00,66.48999786376953,66.48999786376953,66.48999786376953,66.48999786376953,23.0
2025-03-19 10:10:00+00:00,66.48999786376953,66.51000213623047,66.4800033569336,66.51000213623047,65.0
2025-03-19 10:11:00+00:00,66.4800033569336,66.48999786376953,66.4800033569336,66.48999786376953,25.0
2025-03-19 10:12:00+00:00,66.4800033569336,66.4800033569336,66.47000122070312,66.47000122070312,4.0
2025-03-19 10:13:00+00:00,66.52999877929688,66.52999877929688,66.5,66.5,9.0
2025-03-19 10:14:00+00:00,66.5199966430664,66.58000183105469,66.5199966430664,66.55000305175781,34.0
2025-03-19 10:15:00+00:00,66.52999877929688,66.52999877929688,66.51000213623047,66.51000213623047,27.0
2025-03-19 10:16:00+00:00,66.58999633789062,66.58999633789062,66.5199966430664,66.5199966430664,6.0
2025-03-19 10:17:00+00:00,66.5999984741211,66.5999984741211,66.5999984741211,66.5999984741211,1.0
2025-03-19 10:19:00+00:00,66.62999725341797,66.6500015258789,66.61000061035156,66.61000061035156,60.0
2025-03-19 10:21:00+00:00,66.63999938964844,66.63999938964844,66.63999938964844,66.63999938964844,5.0
2025-03-19 10:22:00+00:00,66.63999938964844,66.63999938964844,66.63999938964844,66.63999938964844,3.0
2025-03-19 10:23:00+00:00,66.6500015258789,66.69000244140625,66.6500015258789,66.68000030517578,75.0
2025-03-19 10:25:00+00:00,66.62999725341797,66.6500015258789,66.62999725341797,66.6500015258789,5.0
2025-03-19 10:27:00+00:00,66.5999984741211,66.6500015258789,66.5999984741211,66.6500015258789,11.0
2025-03-19 10:28:00+00:00,66.56999969482422,66.56999969482422,66.55999755859375,66.55999755859375,4.0
2025-03-19 10:29:00+00:00,66.56999969482422,66.58000183105469,66.56999969482422,66.56999969482422,9.0
2025-03-19 10:33:00+00:00,66.62000274658203,66.62999725341797,66.62000274658203,66.62999725341797,4.0
2025-03-19 10:35:00+00:00,66.63999938964844,66.63999938964844,66.63999938964844,66.63999938964844,2.0
2025-03-19 10:39:00+00:00,66.66000366210938,66.66000366210938,66.6500015258789,66.6500015258789,4.0
2025-03-19 10:40:00+00:00,66.66000366210938,66.66999816894531,66.6500015258789,66.66000366210938,12.0
2025-03-19 10:42:00+00:00,66.6500015258789,66.68000030517578,66.6500015258789,66.68000030517578,7.0
2025-03-19 10:43:00+00:00,66.69999694824219,66.69999694824219,66.68000030517578,66.68000030517578,3.0
2025-03-19 10:44:00+00:00,66.70999908447266,66.70999908447266,66.70999908447266,66.70999908447266,4.0
2025-03-19 10:46:00+00:00,66.66999816894531,66.68000030517578,66.66000366210938,66.68000030517578,6.0
2025-03-19 10:47:00+00:00,66.69999694824219,66.69999694824219,66.69000244140625,66.69000244140625,11.0
2025-03-19 10:48:00+00:00,66.69999694824219,66.70999908447266,66.69999694824219,66.70999908447266,4.0
2025-03-19 10:49:00+00:00,66.69000244140625,66.70999908447266,66.69000244140625,66.69999694824219,7.0
2025-03-19 10:50:00+00:00,66.69000244140625,66.69000244140625,66.66999816894531,66.66999816894531,6.0
2025-03-19 10:51:00+00:00,66.69000244140625,66.69000244140625,66.66999816894531,66.68000030517578,7.0
2025-03-19 10:52:00+00:00,66.69999694824219,66.72000122070312,66.69000244140625,66.69000244140625,7.0
2025-03-19 10:53:00+00:00,66.69000244140625,66.69999694824219,66.68000030517578,66.69999694824219,4.0
2025-03-19 10:54:00+00:00,66.68000030517578,66.69999694824219,66.68000030517578,66.69999694824219,2.0
2025-03-19 10:55:00+00:00,66.68000030517578,66.68000030517578,66.6500015258789,66.66000366210938,9.0
2025-03-19 10:56:00+00:00,66.70999908447266,66.7300033569336,66.69000244140625,66.69000244140625,39.0
2025-03-19 10:58:00+00:00,66.69999694824219,66.69999694824219,66.69999694824219,66.69999694824219,6.0
2025-03-19 10:59:00+00:00,66.7300033569336,66.7300033569336,66.69999694824219,66.69999694824219,3.0
2025-03-19 11:00:00+00:00,66.7300033569336,66.73999786376953,66.72000122070312,66.73999786376953,4.0
2025-03-19 11:01:00+00:00,66.72000122070312,66.72000122070312,66.72000122070312,66.72000122070312,3.0
2025-03-19 11:02:00+00:00,66.72000122070312,66.7300033569336,66.72000122070312,66.7300033569336,55.0
2025-03-19 11:05:00+00:00,66.70999908447266,66.70999908447266,66.70999908447266,66.70999908447266,12.0
2025-03-19 11:07:00+00:00,66.7300033569336,66.7300033569336,66.72000122070312,66.72000122070312,2.0
2025-03-19 11:08:00+00:00,66.73999786376953,66.76000213623047,66.7300033569336,66.7300033569336,44.0
2025-03-19 11:09:00+00:00,66.75,66.76000213623047,66.75,66.76000213623047,18.0
2025-03-19 11:10:00+00:00,66.77999877929688,66.79000091552734,66.76000213623047,66.76000213623047,8.0
2025-03-19 11:11:00+00:00,66.7699966430664,66.77999877929688,66.76000213623047,66.77999877929688,4.0
2025-03-19 11:12:00+00:00,66.7699966430664,66.77999877929688,66.7699966430664,66.7699966430664,4.0
2025-03-19 11:13:00+00:00,66.77999877929688,66.81999969482422,66.77999877929688,66.80000305175781,126.0
2025-03-19 11:14:00+00:00,66.83000183105469,66.83999633789062,66.79000091552734,66.79000091552734,27.0
2025-03-19 11:15:00+00:00,66.83999633789062,66.8499984741211,66.80999755859375,66.83000183105469,25.0
2025-03-19 11:16:00+00:00,66.83000183105469,66.83999633789062,66.83000183105469,66.83000183105469,8.0
2025-03-19 11:17:00+00:00,66.81999969482422,66.83000183105469,66.81999969482422,66.83000183105469,12.0
2025-03-19 11:18:00+00:00,66.80999755859375,66.81999969482422,66.80000305175781,66.81999969482422,6.0
2025-03-19 11:19:00+00:00,66.80000305175781,66.80999755859375,66.80000305175781,66.80999755859375,52.0
2025-03-19 11:21:00+00:00,66.79000091552734,66.79000091552734,66.79000091552734,66.79000091552734,1.0
2025-03-19 11:22:00+00:00,66.79000091552734,66.79000091552734,66.79000091552734,66.79000091552734,6.0
2025-03-19 11:23:00+00:00,66.81999969482422,66.81999969482422,66.80999755859375,66.80999755859375,15.0
2025-03-19 11:24:00+00:00,66.80999755859375,66.81999969482422,66.80999755859375,66.81999969482422,14.0
2025-03-19 11:26:00+00:00,66.76000213623047,66.77999877929688,66.76000213623047,66.77999877929688,4.0
2025-03-19 11:28:00+00:00,66.75,66.7699966430664,66.75,66.7699966430664,3.0
2025-03-19 11:29:00+00:00,66.79000091552734,66.79000091552734,66.76000213623047,66.76000213623047,4.0
2025-03-19 11:30:00+00:00,66.79000091552734,66.79000091552734,66.77999877929688,66.77999877929688,2.0
2025-03-19 11:31:00+00:00,66.80999755859375,66.80999755859375,66.80000305175781,66.80000305175781,7.0
2025-03-19 11:32:00+00:00,66.7699966430664,66.79000091552734,66.7699966430664,66.79000091552734,10.0
2025-03-19 11:34:00+00:00,66.7699966430664,66.77999877929688,66.76000213623047,66.76000213623047,51.0
2025-03-19 11:35:00+00:00,66.76000213623047,66.77999877929688,66.76000213623047,66.7699966430664,3.0
2025-03-19 11:38:00+00:00,66.75,66.76000213623047,66.75,66.76000213623047,2.0
2025-03-19 11:39:00+00:00,66.76000213623047,66.76000213623047,66.76000213623047,66.76000213623047,3.0
2025-03-19 11:41:00+00:00,66.73999786376953,66.73999786376953,66.73999786376953,66.73999786376953,1.0
2025-03-19 11:43:00+00:00,66.81999969482422,66.81999969482422,66.77999877929688,66.77999877929688,5.0
2025-03-19 11:45:00+00:00,66.87000274658203,66.87000274658203,66.8499984741211,66.8499984741211,2.0
2025-03-19 11:47:00+00:00,66.83999633789062,66.8499984741211,66.83000183105469,66.8499984741211,5.0
2025-03-19 11:48:00+00:00,66.86000061035156,66.86000061035156,66.83000183105469,66.83999633789062,9.0
2025-03-19 11:49:00+00:00,66.83000183105469,66.87000274658203,66.83000183105469,66.83999633789062,11.0
2025-03-19 11:50:00+00:00,66.81999969482422,66.81999969482422,66.81999969482422,66.81999969482422,3.0
2025-03-19 11:51:00+00:00,66.81999969482422,66.83000183105469,66.80000305175781,66.80000305175781,7.0
2025-03-19 11:52:00+00:00,66.83999633789062,66.8499984741211,66.80999755859375,66.80999755859375,7.0
2025-03-19 11:56:00+00:00,66.8499984741211,66.87999725341797,66.83999633789062,66.87999725341797,23.0
2025-03-19 11:57:00+00:00,66.88999938964844,66.88999938964844,66.87000274658203,66.87000274658203,5.0
2025-03-19 11:58:00+00:00,66.87999725341797,66.9000015258789,66.87999725341797,66.9000015258789,2.0
2025-03-19 11:59:00+00:00,66.9000015258789,66.9000015258789,66.87999725341797,66.9000015258789,12.0
2025-03-19 12:00:00+00:00,66.88999938964844,66.9000015258789,66.87999725341797,66.87999725341797,9.0
2025-03-19 12:01:00+00:00,66.88999938964844,66.93000030517578,66.86000061035156,66.93000030517578,26.0
2025-03-19 12:02:00+00:00,66.87000274658203,66.87000274658203,66.87000274658203,66.87000274658203,2.0
2025-03-19 12:04:00+00:00,66.87999725341797,66.87999725341797,66.8499984741211,66.86000061035156,65.0
2025-03-19 12:06:00+00:00,66.9000015258789,66.9000015258789,66.88999938964844,66.9000015258789,5.0
2025-03-19 12:08:00+00:00,66.86000061035156,66.87999725341797,66.86000061035156,66.87999725341797,8.0
2025-03-19 12:10:00+00:00,66.87000274658203,66.87000274658203,66.86000061035156,66.86000061035156,4.0
2025-03-19 12:11:00+00:00,66.83999633789062,66.87000274658203,66.83000183105469,66.87000274658203,18.0
2025-03-19 12:13:00+00:00,66.87999725341797,66.87999725341797,66.8499984741211,66.8499984741211,14.0
2025-03-19 12:14:00+00:00,66.87999725341797,66.87999725341797,66.87000274658203,66.87000274658203,2.0
2025-03-19 12:15:00+00:00,66.86000061035156,66.87000274658203,66.86000061035156,66.87000274658203,2.0
2025-03-19 12:16:00+00:00,66.83999633789062,66.87000274658203,66.83999633789062,66.86000061035156,15.0
2025-03-19 12:17:00+00:00,66.79000091552734,66.81999969482422,66.79000091552734,66.81999969482422,33.0
2025-03-19 12:18:00+00:00,66.76000213623047,66.76000213623047,66.75,66.75,3.0
2025-03-19 12:19:00+00:00,66.72000122070312,66.7699966430664,66.72000122070312,66.7699966430664,23.0
2025-03-19 12:20:00+00:00,66.70999908447266,66.70999908447266,66.69000244140625,66.70999908447266,34.0
2025-03-19 12:21:00+00:00,66.7300033569336,66.7300033569336,66.69000244140625,66.69000244140625,9.0
2025-03-19 12:22:00+00:00,66.7300033569336,66.73999786376953,66.7300033569336,66.73999786376953,4.0
2025-03-19 12:23:00+00:00,66.7300033569336,66.73999786376953,66.7300033569336,66.73999786376953,6.0
2025-03-19 12:24:00+00:00,66.75,66.75,66.73999786376953,66.73999786376953,10.0
2025-03-19 12:26:00+00:00,66.80999755859375,66.80999755859375,66.80000305175781,66.80000305175781,8.0
2025-03-19 12:27:00+00:00,66.79000091552734,66.80999755859375,66.79000091552734,66.80999755859375,361.0
2025-03-19 12:29:00+00:00,66.7699966430664,66.7699966430664,66.73999786376953,66.73999786376953,9.0
2025-03-19 12:30:00+00:00,66.76000213623047,66.76000213623047,66.76000213623047,66.76000213623047,8.0
2025-03-19 12:31:00+00:00,66.77999877929688,66.77999877929688,66.77999877929688,66.77999877929688,4.0
2025-03-19 12:32:00+00:00,66.75,66.7699966430664,66.75,66.7699966430664,5.0
2025-03-19 12:34:00+00:00,66.77999877929688,66.79000091552734,66.77999877929688,66.79000091552734,4.0
2025-03-19 12:35:00+00:00,66.76000213623047,66.79000091552734,66.76000213623047,66.77999877929688,5.0
2025-03-19 12:36:00+00:00,66.77999877929688,66.77999877929688,66.7699966430664,66.7699966430664,21.0
2025-03-19 12:37:00+00:00,66.77999877929688,66.77999877929688,66.77999877929688,66.77999877929688,11.0
2025-03-19 12:38:00+00:00,66.77999877929688,66.80999755859375,66.77999877929688,66.79000091552734,691.0
2025-03-19 12:39:00+00:00,66.77999877929688,66.80999755859375,66.77999877929688,66.80999755859375,7.0
2025-03-19 12:40:00+00:00,66.80000305175781,66.80000305175781,66.79000091552734,66.79000091552734,63.0
2025-03-19 12:41:00+00:00,66.83999633789062,66.8499984741211,66.80000305175781,66.80000305175781,12.0
2025-03-19 12:42:00+00:00,66.87000274658203,66.87000274658203,66.83999633789062,66.83999633789062,4.0
2025-03-19 12:43:00+00:00,66.8499984741211,66.87000274658203,66.8499984741211,66.87000274658203,7.0
2025-03-19 12:44:00+00:00,66.87000274658203,66.87000274658203,66.8499984741211,66.8499984741211,13.0
2025-03-19 12:45:00+00:00,66.86000061035156,66.88999938964844,66.86000061035156,66.87000274658203,239.0
2025-03-19 12:47:00+00:00,66.88999938964844,66.88999938964844,66.88999938964844,66.88999938964844,2.0
2025-03-19 12:48:00+00:00,66.86000061035156,66.87000274658203,66.83999633789062,66.86000061035156,122.0
2025-03-19 12:49:00+00:00,66.87000274658203,66.87000274658203,66.86000061035156,66.86000061035156,9.0
2025-03-19 12:50:00+00:00,66.8499984741211,66.87000274658203,66.8499984741211,66.87000274658203,107.0
2025-03-19 12:51:00+00:00,66.83000183105469,66.83999633789062,66.83000183105469,66.83999633789062,6.0
2025-03-19 12:53:00+00:00,66.83999633789062,66.83999633789062,66.83999633789062,66.83999633789062,8.0
2025-03-19 12:54:00+00:00,66.80999755859375,66.83999633789062,66.80000305175781,66.83999633789062,488.0
2025-03-19 12:55:00+00:00,66.79000091552734,66.81999969482422,66.79000091552734,66.81999969482422,82.0
2025-03-19 12:56:00+00:00,66.77999877929688,66.79000091552734,66.7699966430664,66.79000091552734,12.0
2025-03-19 12:57:00+00:00,66.80999755859375,66.80999755859375,66.79000091552734,66.79000091552734,38.0
2025-03-19 12:58:00+00:00,66.87999725341797,66.87999725341797,66.80999755859375,66.80999755859375,28.0
2025-03-19 12:59:00+00:00,66.88999938964844,66.88999938964844,66.87999725341797,66.87999725341797,29.0
2025-03-19 13:00:00+00:00,66.81999969482422,66.9000015258789,66.80000305175781,66.9000015258789,122.0
2025-03-19 13:01:00+00:00,66.88999938964844,66.88999938964844,66.80999755859375,66.80999755859375,13.0
2025-03-19 13:03:00+00:00,66.91000366210938,66.91000366210938,66.86000061035156,66.86000061035156,13.0
2025-03-19 13:04:00+00:00,66.88999938964844,66.93000030517578,66.87999725341797,66.9000015258789,35.0
2025-03-19 13:05:00+00:00,66.88999938964844,66.9000015258789,66.88999938964844,66.9000015258789,14.0
2025-03-19 13:06:00+00:00,66.94999694824219,66.94999694824219,66.88999938964844,66.88999938964844,214.0
2025-03-19 13:07:00+00:00,67.0,67.04000091552734,66.94999694824219,66.95999908447266,74.0
2025-03-19 13:08:00+00:00,67.02999877929688,67.02999877929688,66.98999786376953,66.98999786376953,31.0
2025-03-19 13:09:00+00:00,67.0,67.0199966430664,66.98999786376953,67.01000213623047,94.0
2025-03-19 13:10:00+00:00,67.0199966430664,67.0199966430664,66.97000122070312,67.0,29.0
2025-03-19 13:11:00+00:00,67.01000213623047,67.0199966430664,66.98999786376953,67.01000213623047,27.0
2025-03-19 13:12:00+00:00,66.9800033569336,67.01000213623047,66.97000122070312,67.01000213623047,164.0
2025-03-19 13:13:00+00:00,66.94999694824219,66.9800033569336,66.93000030517578,66.9800033569336,264.0
2025-03-19 13:14:00+00:00,66.94999694824219,66.97000122070312,66.94000244140625,66.94000244140625,154.0
2025-03-19 13:15:00+00:00,66.91000366210938,66.94999694824219,66.9000015258789,66.94000244140625,141.0
2025-03-19 13:16:00+00:00,66.93000030517578,66.94000244140625,66.9000015258789,66.91000366210938,27.0
2025-03-19 13:17:00+00:00,66.94999694824219,66.94999694824219,66.93000030517578,66.93000030517578,17.0
2025-03-19 13:19:00+00:00,66.9800033569336,66.9800033569336,66.9800033569336,66.9800033569336,13.0
2025-03-19 13:20:00+00:00,66.94999694824219,66.94999694824219,66.94000244140625,66.94999694824219,29.0
2025-03-19 13:21:00+00:00,66.94999694824219,66.9800033569336,66.94000244140625,66.94000244140625,143.0
2025-03-19 13:22:00+00:00,66.93000030517578,66.94999694824219,66.9000015258789,66.94999694824219,50.0
2025-03-19 13:23:00+00:00,66.95999908447266,66.9800033569336,66.95999908447266,66.9800033569336,98.0
2025-03-19 13:24:00+00:00,66.93000030517578,66.95999908447266,66.93000030517578,66.94999694824219,23.0
2025-03-19 13:25:00+00:00,66.94000244140625,66.94999694824219,66.94000244140625,66.94000244140625,7.0
2025-03-19 13:26:00+00:00,66.88999938964844,66.91000366210938,66.88999938964844,66.91000366210938,5.0
2025-03-19 13:27:00+00:00,66.86000061035156,66.87000274658203,66.86000061035156,66.87000274658203,49.0
2025-03-19 13:28:00+00:00,66.86000061035156,66.88999938964844,66.86000061035156,66.87999725341797,6.0
2025-03-19 13:29:00+00:00,66.80999755859375,66.83000183105469,66.80999755859375,66.81999969482422,14.0
2025-03-19 13:30:00+00:00,66.86000061035156,66.87000274658203,66.83000183105469,66.83000183105469,215.0
2025-03-19 13:31:00+00:00,66.80999755859375,66.8499984741211,66.80999755859375,66.8499984741211,5.0
2025-03-19 13:32:00+00:00,66.80999755859375,66.80999755859375,66.80000305175781,66.80000305175781,3.0
2025-03-19 13:34:00+00:00,66.7300033569336,66.80000305175781,66.7300033569336,66.80000305175781,247.0
2025-03-19 13:35:00+00:00,66.7300033569336,66.73999786376953,66.72000122070312,66.73999786376953,22.0
2025-03-19 13:36:00+00:00,66.6500015258789,66.7300033569336,66.6500015258789,66.7300033569336,19.0
2025-03-19 13:37:00+00:00,66.72000122070312,66.7300033569336,66.72000122070312,66.7300033569336,11.0
2025-03-19 13:39:00+00:00,66.77999877929688,66.80000305175781,66.7699966430664,66.7699966430664,10.0
2025-03-19 13:40:00+00:00,66.77999877929688,66.77999877929688,66.7699966430664,66.77999877929688,8.0
2025-03-19 13:41:00+00:00,66.70999908447266,66.72000122070312,66.70999908447266,66.72000122070312,7.0
2025-03-19 13:42:00+00:00,66.7300033569336,66.7300033569336,66.7300033569336,66.7300033569336,3.0
2025-03-19 13:45:00+00:00,66.70999908447266,66.70999908447266,66.69000244140625,66.69000244140625,11.0
2025-03-19 13:46:00+00:00,66.75,66.75,66.73999786376953,66.73999786376953,11.0
2025-03-19 13:47:00+00:00,66.69999694824219,66.72000122070312,66.69999694824219,66.72000122070312,5.0
2025-03-19 13:49:00+00:00,66.70999908447266,66.72000122070312,66.70999908447266,66.72000122070312,2.0
2025-03-19 13:51:00+00:00,66.70999908447266,66.7300033569336,66.66000366210938,66.66000366210938,43.0
2025-03-19 13:52:00+00:00,66.7300033569336,66.75,66.70999908447266,66.70999908447266,472.0
2025-03-19 13:53:00+00:00,66.77999877929688,66.77999877929688,66.7699966430664,66.7699966430664,106.0
2025-03-19 13:54:00+00:00,66.80000305175781,66.83999633789062,66.80000305175781,66.80000305175781,22.0
2025-03-19 13:55:00+00:00,66.7699966430664,66.79000091552734,66.7699966430664,66.79000091552734,55.0
2025-03-19 13:56:00+00:00,66.81999969482422,66.81999969482422,66.79000091552734,66.79000091552734,2.0
2025-03-19 13:58:00+00:00,66.86000061035156,66.88999938964844,66.83000183105469,66.88999938964844,32.0
2025-03-19 14:00:00+00:00,66.7699966430664,66.86000061035156,66.7699966430664,66.86000061035156,21.0
2025-03-19 14:02:00+00:00,66.83000183105469,66.83000183105469,66.79000091552734,66.79000091552734,2.0
2025-03-19 14:03:00+00:00,66.83999633789062,66.83999633789062,66.80000305175781,66.83000183105469,15.0
2025-03-19 14:04:00+00:00,66.83999633789062,66.87000274658203,66.83999633789062,66.86000061035156,4.0
2025-03-19 14:05:00+00:00,66.83000183105469,66.83999633789062,66.83000183105469,66.83000183105469,5.0
2025-03-19 14:06:00+00:00,66.83000183105469,66.83000183105469,66.80999755859375,66.81999969482422,10.0
2025-03-19 14:07:00+00:00,66.8499984741211,66.86000061035156,66.8499984741211,66.8499984741211,11.0
2025-03-19 14:08:00+00:00,66.8499984741211,66.8499984741211,66.83999633789062,66.83999633789062,10.0
2025-03-19 14:09:00+00:00,66.83999633789062,66.86000061035156,66.81999969482422,66.83000183105469,13.0
2025-03-19 14:10:00+00:00,66.83000183105469,66.83000183105469,66.81999969482422,66.81999969482422,4.0
2025-03-19 14:11:00+00:00,66.86000061035156,66.86000061035156,66.83999633789062,66.83999633789062,105.0
2025-03-19 14:15:00+00:00,66.86000061035156,66.87999725341797,66.86000061035156,66.87999725341797,151.0
2025-03-19 14:16:00+00:00,66.88999938964844,66.88999938964844,66.8499984741211,66.8499984741211,5.0
2025-03-19 14:18:00+00:00,66.9000015258789,66.9000015258789,66.87000274658203,66.88999938964844,373.0
2025-03-19 14:19:00+00:00,66.91000366210938,66.94000244140625,66.9000015258789,66.9000015258789,23.0
2025-03-19 14:20:00+00:00,66.91999816894531,66.93000030517578,66.91999816894531,66.91999816894531,101.0
2025-03-19 14:21:00+00:00,66.94000244140625,66.94000244140625,66.9000015258789,66.91000366210938,69.0
2025-03-19 14:22:00+00:00,66.95999908447266,66.95999908447266,66.93000030517578,66.94000244140625,44.0
2025-03-19 14:23:00+00:00,66.94999694824219,66.95999908447266,66.93000030517578,66.94999694824219,46.0
2025-03-19 14:24:00+00:00,66.94000244140625,66.95999908447266,66.93000030517578,66.94999694824219,74.0
2025-03-19 14:25:00+00:00,66.93000030517578,66.94999694824219,66.91999816894531,66.94999694824219,24.0
2025-03-19 14:26:00+00:00,66.93000030517578,66.94000244140625,66.91999816894531,66.93000030517578,40.0
2025-03-19 14:27:00+00:00,66.87000274658203,66.93000030517578,66.87000274658203,66.93000030517578,95.0
2025-03-19 14:28:00+00:00,66.87000274658203,66.88999938964844,66.87000274658203,66.87999725341797,12.0
2025-03-19 14:29:00+00:00,66.9000015258789,66.9000015258789,66.88999938964844,66.88999938964844,18.0
2025-03-19 14:30:00+00:00,67.04000091552734,67.08000183105469,66.87999725341797,66.87999725341797,87.0
2025-03-19 14:31:00+00:00,67.1500015258789,67.1500015258789,67.01000213623047,67.0199966430664,428.0
2025-03-19 14:32:00+00:00,67.08999633789062,67.13999938964844,67.08999633789062,67.13999938964844,457.0
2025-03-19 14:33:00+00:00,67.11000061035156,67.11000061035156,67.05000305175781,67.05000305175781,31.0
2025-03-19 14:34:00+00:00,67.11000061035156,67.16000366210938,67.0999984741211,67.12999725341797,267.0
2025-03-19 14:35:00+00:00,67.12000274658203,67.16000366210938,67.0999984741211,67.16000366210938,70.0
2025-03-19 14:36:00+00:00,67.08000183105469,67.0999984741211,67.08000183105469,67.0999984741211,45.0
2025-03-19 14:37:00+00:00,67.16999816894531,67.16999816894531,67.08000183105469,67.08000183105469,9.0
2025-03-19 14:38:00+00:00,67.12000274658203,67.18000030517578,67.12000274658203,67.18000030517578,30.0
2025-03-19 14:39:00+00:00,67.12000274658203,67.12999725341797,67.12000274658203,67.12999725341797,5.0
2025-03-19 14:40:00+00:00,67.11000061035156,67.12000274658203,67.08000183105469,67.12000274658203,9.0
2025-03-19 14:41:00+00:00,67.11000061035156,67.12999725341797,67.0999984741211,67.0999984741211,67.0
2025-03-19 14:42:00+00:00,67.08000183105469,67.08999633789062,67.05000305175781,67.08999633789062,32.0
2025-03-19 14:43:00+00:00,67.0199966430664,67.06999969482422,67.0199966430664,67.06999969482422,228.0
2025-03-19 14:44:00+00:00,66.95999908447266,67.04000091552734,66.9000015258789,67.04000091552734,144.0
2025-03-19 14:45:00+00:00,66.93000030517578,66.97000122070312,66.91999816894531,66.97000122070312,9.0
2025-03-19 14:46:00+00:00,66.91999816894531,66.91999816894531,66.83999633789062,66.88999938964844,54.0
2025-03-19 14:47:00+00:00,66.88999938964844,66.91000366210938,66.87999725341797,66.91000366210938,19.0
2025-03-19 14:48:00+00:00,66.94999694824219,66.94999694824219,66.94999694824219,66.94999694824219,2.0
2025-03-19 14:49:00+00:00,66.93000030517578,66.95999908447266,66.91999816894531,66.91999816894531,263.0
2025-03-19 14:50:00+00:00,66.97000122070312,67.0,66.95999908447266,66.9800033569336,545.0
2025-03-19 14:51:00+00:00,66.94999694824219,67.02999877929688,66.94999694824219,67.01000213623047,347.0
2025-03-19 14:52:00+00:00,67.0,67.0,66.94999694824219,66.94999694824219,4.0
2025-03-19 14:53:00+00:00,67.0199966430664,67.0199966430664,67.0,67.0,4.0
2025-03-19 14:54:00+00:00,67.05000305175781,67.05999755859375,67.0199966430664,67.04000091552734,12.0
2025-03-19 14:55:00+00:00,67.0199966430664,67.0199966430664,67.0199966430664,67.0199966430664,26.0
2025-03-19 14:56:00+00:00,67.04000091552734,67.04000091552734,67.01000213623047,67.01000213623047,3.0
2025-03-19 14:57:00+00:00,67.02999877929688,67.04000091552734,67.02999877929688,67.04000091552734,70.0
2025-03-19 14:58:00+00:00,67.05999755859375,67.05999755859375,67.05999755859375,67.05999755859375,23.0
2025-03-19 14:59:00+00:00,67.08000183105469,67.0999984741211,67.05999755859375,67.05999755859375,222.0
2025-03-19 15:00:00+00:00,67.16000366210938,67.16000366210938,67.08000183105469,67.08999633789062,118.0
2025-03-19 15:01:00+00:00,67.18000030517578,67.22000122070312,67.1500015258789,67.1500015258789,126.0
2025-03-19 15:02:00+00:00,67.18000030517578,67.19000244140625,67.16999816894531,67.19000244140625,7.0
2025-03-19 15:04:00+00:00,67.20999908447266,67.20999908447266,67.19999694824219,67.19999694824219,772.0
2025-03-19 15:05:00+00:00,67.30000305175781,67.30000305175781,67.2300033569336,67.2300033569336,88.0
2025-03-19 15:06:00+00:00,67.30999755859375,67.30999755859375,67.2699966430664,67.29000091552734,51.0
2025-03-19 15:07:00+00:00,67.30999755859375,67.31999969482422,67.30000305175781,67.31999969482422,131.0
2025-03-19 15:08:00+00:00,67.3499984741211,67.3499984741211,67.30999755859375,67.30999755859375,91.0
2025-03-19 15:09:00+00:00,67.3499984741211,67.37000274658203,67.3499984741211,67.3499984741211,80.0
2025-03-19 15:10:00+00:00,67.33999633789062,67.37999725341797,67.33999633789062,67.3499984741211,578.0
2025-03-19 15:11:00+00:00,67.3499984741211,67.37000274658203,67.3499984741211,67.36000061035156,35.0
2025-03-19 15:12:00+00:00,67.36000061035156,67.36000061035156,67.3499984741211,67.36000061035156,59.0
2025-03-19 15:13:00+00:00,67.37999725341797,67.37999725341797,67.36000061035156,67.37000274658203,17.0
2025-03-19 15:14:00+00:00,67.41000366210938,67.41999816894531,67.37000274658203,67.38999938964844,41.0
2025-03-19 15:15:00+00:00,67.4000015258789,67.41999816894531,67.4000015258789,67.41999816894531,82.0
2025-03-19 15:16:00+00:00,67.4000015258789,67.41000366210938,67.37999725341797,67.37999725341797,79.0
2025-03-19 15:17:00+00:00,67.3499984741211,67.4000015258789,67.3499984741211,67.4000015258789,24.0
2025-03-19 15:18:00+00:00,67.37999725341797,67.37999725341797,67.37000274658203,67.37000274658203,3.0
2025-03-19 15:19:00+00:00,67.37999725341797,67.37999725341797,67.37999725341797,67.37999725341797,15.0
2025-03-19 15:20:00+00:00,67.41999816894531,67.41999816894531,67.4000015258789,67.4000015258789,4.0
2025-03-19 15:21:00+00:00,67.37000274658203,67.4000015258789,67.37000274658203,67.4000015258789,41.0
2025-03-19 15:22:00+00:00,67.4000015258789,67.4000015258789,67.4000015258789,67.4000015258789,103.0
2025-03-19 15:23:00+00:00,67.37000274658203,67.37000274658203,67.3499984741211,67.3499984741211,95.0
2025-03-19 15:26:00+00:00,67.4000015258789,67.4000015258789,67.4000015258789,67.4000015258789,135.0
2025-03-19 15:27:00+00:00,67.44999694824219,67.4800033569336,67.44000244140625,67.44000244140625,47.0
2025-03-19 15:28:00+00:00,67.44000244140625,67.47000122070312,67.44000244140625,67.45999908447266,24.0
2025-03-19 15:29:00+00:00,67.44999694824219,67.44999694824219,67.43000030517578,67.43000030517578,7.0
2025-03-19 15:30:00+00:00,67.41999816894531,67.44999694824219,67.41000366210938,67.44000244140625,75.0
2025-03-19 15:31:00+00:00,67.37000274658203,67.38999938964844,67.37000274658203,67.38999938964844,49.0
2025-03-19 15:32:00+00:00,67.4000015258789,67.41999816894531,67.4000015258789,67.4000015258789,27.0
2025-03-19 15:33:00+00:00,67.41000366210938,67.41000366210938,67.37999725341797,67.37999725341797,9.0
2025-03-19 15:34:00+00:00,67.4000015258789,67.44000244140625,67.4000015258789,67.41000366210938,26.0
2025-03-19 15:35:00+00:00,67.37000274658203,67.41000366210938,67.37000274658203,67.38999938964844,18.0
2025-03-19 15:36:00+00:00,67.33999633789062,67.37999725341797,67.33999633789062,67.37999725341797,10.0
2025-03-19 15:37:00+00:00,67.30999755859375,67.33999633789062,67.30999755859375,67.31999969482422,44.0
2025-03-19 15:38:00+00:00,67.30999755859375,67.33000183105469,67.27999877929688,67.33000183105469,147.0
2025-03-19 15:39:00+00:00,67.33000183105469,67.33000183105469,67.33000183105469,67.33000183105469,59.0
2025-03-19 15:40:00+00:00,67.33000183105469,67.33999633789062,67.29000091552734,67.29000091552734,37.0
2025-03-19 15:41:00+00:00,67.31999969482422,67.31999969482422,67.30999755859375,67.30999755859375,8.0
2025-03-19 15:42:00+00:00,67.33000183105469,67.33000183105469,67.33000183105469,67.33000183105469,7.0
2025-03-19 15:44:00+00:00,67.31999969482422,67.31999969482422,67.30000305175781,67.30000305175781,11.0
2025-03-19 15:45:00+00:00,67.23999786376953,67.31999969482422,67.2300033569336,67.31999969482422,173.0
2025-03-19 15:46:00+00:00,67.18000030517578,67.25,67.18000030517578,67.23999786376953,47.0
2025-03-19 15:47:00+00:00,67.18000030517578,67.20999908447266,67.18000030517578,67.20999908447266,17.0
2025-03-19 15:48:00+00:00,67.16000366210938,67.19000244140625,67.16000366210938,67.19000244140625,7.0
2025-03-19 15:49:00+00:00,67.13999938964844,67.16999816894531,67.12999725341797,67.1500015258789,37.0
2025-03-19 15:50:00+00:00,67.19999694824219,67.20999908447266,67.16000366210938,67.16000366210938,30.0
2025-03-19 15:51:00+00:00,67.16999816894531,67.18000030517578,67.16999816894531,67.16999816894531,11.0
2025-03-19 15:52:00+00:00,67.1500015258789,67.16000366210938,67.13999938964844,67.16000366210938,321.0
2025-03-19 15:53:00+00:00,67.12000274658203,67.12999725341797,67.12000274658203,67.12999725341797,11.0
2025-03-19 15:54:00+00:00,67.12999725341797,67.12999725341797,67.12999725341797,67.12999725341797,296.0
2025-03-19 15:55:00+00:00,67.0999984741211,67.12000274658203,67.0999984741211,67.12000274658203,9.0
2025-03-19 15:57:00+00:00,67.1500015258789,67.1500015258789,67.1500015258789,67.1500015258789,241.0
2025-03-19 15:58:00+00:00,67.16000366210938,67.16000366210938,67.12999725341797,67.12999725341797,113.0
2025-03-19 15:59:00+00:00,67.13999938964844,67.18000030517578,67.13999938964844,67.1500015258789,91.0
2025-03-19 16:00:00+00:00,67.16000366210938,67.16000366210938,67.13999938964844,67.16000366210938,28.0
2025-03-19 16:01:00+00:00,67.23999786376953,67.25,67.18000030517578,67.19000244140625,84.0
2025-03-19 16:02:00+00:00,67.26000213623047,67.26000213623047,67.23999786376953,67.23999786376953,7.0
2025-03-19 16:03:00+00:00,67.2300033569336,67.23999786376953,67.22000122070312,67.2300033569336,47.0
2025-03-19 16:04:00+00:00,67.27999877929688,67.27999877929688,67.26000213623047,67.26000213623047,78.0
2025-03-19 16:05:00+00:00,67.30000305175781,67.30000305175781,67.27999877929688,67.27999877929688,59.0
2025-03-19 16:06:00+00:00,67.30999755859375,67.30999755859375,67.30999755859375,67.30999755859375,288.0
2025-03-19 16:07:00+00:00,67.25,67.3499984741211,67.25,67.3499984741211,67.0
2025-03-19 16:08:00+00:00,67.23999786376953,67.27999877929688,67.20999908447266,67.27999877929688,93.0
2025-03-19 16:09:00+00:00,67.26000213623047,67.2699966430664,67.23999786376953,67.23999786376953,36.0
2025-03-19 16:10:00+00:00,67.22000122070312,67.2300033569336,67.20999908447266,67.20999908447266,56.0
2025-03-19 16:11:00+00:00,67.23999786376953,67.23999786376953,67.20999908447266,67.20999908447266,31.0
2025-03-19 16:12:00+00:00,67.13999938964844,67.18000030517578,67.13999938964844,67.18000030517578,68.0
2025-03-19 16:14:00+00:00,67.1500015258789,67.1500015258789,67.13999938964844,67.1500015258789,24.0
2025-03-19 16:15:00+00:00,67.16999816894531,67.16999816894531,67.13999938964844,67.13999938964844,176.0
2025-03-19 16:16:00+00:00,67.11000061035156,67.1500015258789,67.0999984741211,67.1500015258789,49.0
2025-03-19 16:17:00+00:00,67.08000183105469,67.08000183105469,67.06999969482422,67.08000183105469,156.0
2025-03-19 16:18:00+00:00,67.0999984741211,67.12000274658203,67.0999984741211,67.12000274658203,65.0
2025-03-19 16:20:00+00:00,67.0999984741211,67.0999984741211,67.0999984741211,67.0999984741211,63.0
2025-03-19 16:21:00+00:00,67.16000366210938,67.16000366210938,67.16000366210938,67.16000366210938,4.0
2025-03-19 16:22:00+00:00,67.20999908447266,67.20999908447266,67.19999694824219,67.19999694824219,14.0
2025-03-19 16:24:00+00:00,67.1500015258789,67.18000030517578,67.1500015258789,67.18000030517578,19.0
2025-03-19 16:25:00+00:00,67.06999969482422,67.12999725341797,67.05000305175781,67.12999725341797,223.0
2025-03-19 16:26:00+00:00,67.12999725341797,67.12999725341797,67.08000183105469,67.08000183105469,30.0
2025-03-19 16:27:00+00:00,67.13999938964844,67.23999786376953,67.12000274658203,67.12999725341797,149.0
2025-03-19 16:28:00+00:00,67.1500015258789,67.2300033569336,67.1500015258789,67.1500015258789,103.0
2025-03-19 16:29:00+00:00,67.11000061035156,67.13999938964844,67.08999633789062,67.13999938964844,101.0
2025-03-19 16:30:00+00:00,67.11000061035156,67.12999725341797,67.11000061035156,67.12999725341797,72.0
2025-03-19 16:31:00+00:00,67.05000305175781,67.05000305175781,67.05000305175781,67.05000305175781,123.0
2025-03-19 16:34:00+00:00,67.16999816894531,67.16999816894531,67.1500015258789,67.1500015258789,155.0
2025-03-19 16:35:00+00:00,67.18000030517578,67.18000030517578,67.13999938964844,67.16000366210938,43.0
2025-03-19 16:36:00+00:00,67.19000244140625,67.19999694824219,67.19000244140625,67.19000244140625,25.0
2025-03-19 16:37:00+00:00,67.20999908447266,67.22000122070312,67.19000244140625,67.22000122070312,92.0
2025-03-19 16:38:00+00:00,67.19999694824219,67.19999694824219,67.19999694824219,67.19999694824219,28.0
2025-03-19 16:39:00+00:00,67.25,67.26000213623047,67.2300033569336,67.23999786376953,241.0
2025-03-19 16:40:00+00:00,67.33999633789062,67.3499984741211,67.25,67.26000213623047,429.0
2025-03-19 16:41:00+00:00,67.37000274658203,67.4000015258789,67.36000061035156,67.36000061035156,41.0
2025-03-19 16:42:00+00:00,67.37999725341797,67.37999725341797,67.37999725341797,67.37999725341797,6.0
2025-03-19 16:43:00+00:00,67.4000015258789,67.4000015258789,67.36000061035156,67.37000274658203,12.0
2025-03-19 16:44:00+00:00,67.43000030517578,67.43000030517578,67.41000366210938,67.41000366210938,11.0
2025-03-19 16:45:00+00:00,67.41999816894531,67.44000244140625,67.41999816894531,67.44000244140625,24.0
2025-03-19 16:46:00+00:00,67.44000244140625,67.44000244140625,67.41999816894531,67.43000030517578,370.0
2025-03-19 16:47:00+00:00,67.5199966430664,67.58000183105469,67.44999694824219,67.44999694824219,1160.0
2025-03-19 16:48:00+00:00,67.54000091552734,67.56999969482422,67.54000091552734,67.55000305175781,112.0
2025-03-19 16:49:00+00:00,67.55000305175781,67.55000305175781,67.52999877929688,67.52999877929688,47.0
2025-03-19 16:50:00+00:00,67.55000305175781,67.56999969482422,67.52999877929688,67.52999877929688,697.0
2025-03-19 16:51:00+00:00,67.54000091552734,67.55999755859375,67.52999877929688,67.55000305175781,112.0
2025-03-19 16:52:00+00:00,67.5199966430664,67.55999755859375,67.5199966430664,67.55999755859375,49.0
2025-03-19 16:53:00+00:00,67.55000305175781,67.58999633789062,67.55000305175781,67.55000305175781,87.0
2025-03-19 16:54:00+00:00,67.5999984741211,67.62999725341797,67.58999633789062,67.58999633789062,42.0
2025-03-19 16:55:00+00:00,67.58999633789062,67.5999984741211,67.58999633789062,67.5999984741211,26.0
2025-03-19 16:56:00+00:00,67.58999633789062,67.58999633789062,67.56999969482422,67.56999969482422,9.0
2025-03-19 16:57:00+00:00,67.55999755859375,67.58000183105469,67.55999755859375,67.58000183105469,10.0
2025-03-19 16:58:00+00:00,67.54000091552734,67.55999755859375,67.52999877929688,67.55999755859375,251.0
2025-03-19 16:59:00+00:00,67.5,67.5,67.5,67.5,113.0
2025-03-19 17:00:00+00:00,67.56999969482422,67.58999633789062,67.5,67.52999877929688,63.0
2025-03-19 17:01:00+00:00,67.55999755859375,67.58000183105469,67.55999755859375,67.58000183105469,22.0
2025-03-19 17:02:00+00:00,67.52999877929688,67.55000305175781,67.52999877929688,67.55000305175781,15.0
2025-03-19 17:03:00+00:00,67.55000305175781,67.55000305175781,67.52999877929688,67.52999877929688,42.0
2025-03-19 17:04:00+00:00,67.56999969482422,67.56999969482422,67.55000305175781,67.55000305175781,108.0
2025-03-19 17:07:00+00:00,67.55000305175781,67.55000305175781,67.52999877929688,67.52999877929688,49.0
2025-03-19 17:09:00+00:00,67.54000091552734,67.54000091552734,67.52999877929688,67.52999877929688,91.0
2025-03-19 17:10:00+00:00,67.48999786376953,67.52999877929688,67.48999786376953,67.5199966430664,79.0
2025-03-19 17:11:00+00:00,67.52999877929688,67.52999877929688,67.47000122070312,67.47000122070312,45.0
2025-03-19 17:13:00+00:00,67.48999786376953,67.48999786376953,67.48999786376953,67.48999786376953,8.0
2025-03-19 17:14:00+00:00,67.47000122070312,67.47000122070312,67.45999908447266,67.45999908447266,64.0
2025-03-19 17:15:00+00:00,67.44999694824219,67.45999908447266,67.44999694824219,67.45999908447266,5.0
2025-03-19 17:16:00+00:00,67.41999816894531,67.41999816894531,67.41999816894531,67.41999816894531,45.0
2025-03-19 17:17:00+00:00,67.33999633789062,67.41000366210938,67.33000183105469,67.41000366210938,45.0
2025-03-19 17:18:00+00:00,67.31999969482422,67.37000274658203,67.30000305175781,67.3499984741211,30.0
2025-03-19 17:19:00+00:00,67.30999755859375,67.31999969482422,67.30000305175781,67.30000305175781,32.0
2025-03-19 17:20:00+00:00,67.25,67.26000213623047,67.23999786376953,67.26000213623047,8.0
2025-03-19 17:21:00+00:00,67.23999786376953,67.23999786376953,67.23999786376953,67.23999786376953,36.0
2025-03-19 17:22:00+00:00,67.2699966430664,67.27999877929688,67.2699966430664,67.2699966430664,23.0
2025-03-19 17:23:00+00:00,67.26000213623047,67.27999877929688,67.26000213623047,67.27999877929688,30.0
2025-03-19 17:24:00+00:00,67.23999786376953,67.25,67.23999786376953,67.25,42.0
2025-03-19 17:25:00+00:00,67.26000213623047,67.26000213623047,67.23999786376953,67.23999786376953,28.0
2025-03-19 17:26:00+00:00,67.27999877929688,67.27999877929688,67.2699966430664,67.2699966430664,3.0
2025-03-19 17:27:00+00:00,67.27999877929688,67.27999877929688,67.27999877929688,67.27999877929688,18.0
2025-03-19 17:28:00+00:00,67.31999969482422,67.31999969482422,67.30000305175781,67.30000305175781,4.0
2025-03-19 17:29:00+00:00,67.31999969482422,67.31999969482422,67.30999755859375,67.30999755859375,32.0
2025-03-19 17:30:00+00:00,67.30999755859375,67.30999755859375,67.30999755859375,67.30999755859375,18.0
2025-03-19 17:32:00+00:00,67.30999755859375,67.30999755859375,67.30999755859375,67.30999755859375,19.0
2025-03-19 17:35:00+00:00,67.37000274658203,67.37000274658203,67.3499984741211,67.3499984741211,9.0
2025-03-19 17:36:00+00:00,67.37999725341797,67.37999725341797,67.37999725341797,67.37999725341797,5.0
2025-03-19 17:37:00+00:00,67.3499984741211,67.3499984741211,67.3499984741211,67.3499984741211,5.0
2025-03-19 17:38:00+00:00,67.33999633789062,67.33999633789062,67.33999633789062,67.33999633789062,5.0
2025-03-19 17:39:00+00:00,67.33000183105469,67.3499984741211,67.33000183105469,67.33999633789062,26.0
2025-03-19 17:40:00+00:00,67.33000183105469,67.33000183105469,67.33000183105469,67.33000183105469,16.0
2025-03-19 17:41:00+00:00,67.38999938964844,67.38999938964844,67.3499984741211,67.3499984741211,7.0
2025-03-19 17:42:00+00:00,67.33999633789062,67.37000274658203,67.33999633789062,67.37000274658203,110.0
2025-03-19 17:43:00+00:00,67.33000183105469,67.33999633789062,67.33000183105469,67.33999633789062,23.0
2025-03-19 17:45:00+00:00,67.31999969482422,67.31999969482422,67.31999969482422,67.31999969482422,14.0
2025-03-19 17:46:00+00:00,67.30999755859375,67.30999755859375,67.30999755859375,67.30999755859375,2.0
2025-03-19 17:47:00+00:00,67.31999969482422,67.31999969482422,67.31999969482422,67.31999969482422,25.0
2025-03-19 17:49:00+00:00,67.30999755859375,67.31999969482422,67.30999755859375,67.30999755859375,165.0
2025-03-19 17:51:00+00:00,67.31999969482422,67.31999969482422,67.31999969482422,67.31999969482422,21.0
2025-03-19 17:52:00+00:00,67.27999877929688,67.33000183105469,67.27999877929688,67.33000183105469,81.0
2025-03-19 17:53:00+00:00,67.26000213623047,67.27999877929688,67.25,67.27999877929688,205.0
2025-03-19 17:54:00+00:00,67.2699966430664,67.33000183105469,67.26000213623047,67.26000213623047,439.0
2025-03-19 17:56:00+00:00,67.26000213623047,67.29000091552734,67.26000213623047,67.29000091552734,9.0
2025-03-19 17:57:00+00:00,67.2300033569336,67.2699966430664,67.2300033569336,67.25,8.0
2025-03-19 17:58:00+00:00,67.16999816894531,67.23999786376953,67.16999816894531,67.23999786376953,608.0
2025-03-19 17:59:00+00:00,67.19999694824219,67.19999694824219,67.1500015258789,67.1500015258789,362.0
2025-03-19 18:00:00+00:00,67.16999816894531,67.19999694824219,67.16999816894531,67.16999816894531,105.0
2025-03-19 18:01:00+00:00,67.05999755859375,67.16999816894531,67.05000305175781,67.16999816894531,150.0
2025-03-19 18:02:00+00:00,67.12000274658203,67.12999725341797,67.08999633789062,67.08999633789062,76.0
2025-03-19 18:03:00+00:00,67.08999633789062,67.12000274658203,67.08000183105469,67.12000274658203,52.0
2025-03-19 18:04:00+00:00,67.02999877929688,67.08999633789062,67.01000213623047,67.08999633789062,43.0
2025-03-19 18:05:00+00:00,67.02999877929688,67.06999969482422,67.02999877929688,67.04000091552734,70.0
2025-03-19 18:06:00+00:00,66.91999816894531,67.02999877929688,66.91999816894531,67.02999877929688,55.0
2025-03-19 18:07:00+00:00,67.0199966430664,67.0199966430664,66.91999816894531,66.91999816894531,131.0
2025-03-19 18:08:00+00:00,67.05999755859375,67.05999755859375,67.0,67.02999877929688,71.0
2025-03-19 18:09:00+00:00,67.05000305175781,67.08999633789062,67.02999877929688,67.02999877929688,599.0
2025-03-19 18:10:00+00:00,67.02999877929688,67.05000305175781,66.98999786376953,67.05000305175781,215.0
2025-03-19 18:12:00+00:00,67.0199966430664,67.0199966430664,67.0199966430664,67.0199966430664,303.0
2025-03-19 18:15:00+00:00,67.05000305175781,67.05999755859375,67.04000091552734,67.04000091552734,364.0
2025-03-19 18:16:00+00:00,67.06999969482422,67.08000183105469,67.05999755859375,67.05999755859375,150.0
2025-03-19 18:17:00+00:00,67.19999694824219,67.19999694824219,67.08000183105469,67.08000183105469,208.0
2025-03-19 18:18:00+00:00,67.16999816894531,67.19999694824219,67.16999816894531,67.19999694824219,566.0
2025-03-19 18:19:00+00:00,67.1500015258789,67.16999816894531,67.12000274658203,67.12000274658203,87.0
2025-03-19 18:20:00+00:00,67.13999938964844,67.1500015258789,67.12999725341797,67.13999938964844,961.0
2025-03-19 18:22:00+00:00,67.08000183105469,67.08000183105469,67.08000183105469,67.08000183105469,126.0
2025-03-19 18:23:00+00:00,67.11000061035156,67.11000061035156,67.11000061035156,67.11000061035156,28.0
2025-03-19 18:24:00+00:00,67.0999984741211,67.0999984741211,67.0999984741211,67.0999984741211,646.0
2025-03-19 18:25:00+00:00,67.1500015258789,67.1500015258789,67.1500015258789,67.1500015258789,569.0
2025-03-19 18:26:00+00:00,67.16999816894531,67.16999816894531,67.1500015258789,67.1500015258789,335.0
2025-03-19 18:27:00+00:00,67.16000366210938,67.19000244140625,67.16000366210938,67.18000030517578,1428.0
2025-03-19 18:28:00+00:00,67.16000366210938,67.16999816894531,67.13999938964844,67.1500015258789,1699.0
2025-03-19 18:29:00+00:00,67.12999725341797,67.16999816894531,67.12999725341797,67.16000366210938,1349.0
2025-03-19 18:31:00+00:00,67.16000366210938,67.19999694824219,67.1500015258789,67.19000244140625,1405.0
2025-03-19 18:32:00+00:00,67.16999816894531,67.19000244140625,67.16999816894531,67.16999816894531,113.0
2025-03-19 18:33:00+00:00,67.16999816894531,67.16999816894531,67.16999816894531,67.16999816894531,137.0
2025-03-19 18:34:00+00:00,67.19000244140625,67.19000244140625,67.16999816894531,67.16999816894531,3.0
2025-03-19 18:35:00+00:00,67.19000244140625,67.19000244140625,67.18000030517578,67.18000030517578,199.0
2025-03-19 18:37:00+00:00,67.16999816894531,67.16999816894531,67.16999816894531,67.16999816894531,6.0
2025-03-19 18:38:00+00:00,67.16000366210938,67.16000366210938,67.16000366210938,67.16000366210938,55.0
2025-03-19 18:40:00+00:00,67.1500015258789,67.18000030517578,67.1500015258789,67.16999816894531,92.0
2025-03-19 18:41:00+00:00,67.13999938964844,67.13999938964844,67.13999938964844,67.13999938964844,130.0
2025-03-19 18:45:00+00:00,67.16000366210938,67.16000366210938,67.16000366210938,67.16000366210938,9.0
2025-03-19 18:47:00+00:00,67.19999694824219,67.19999694824219,67.19999694824219,67.19999694824219,1.0
2025-03-19 18:48:00+00:00,67.16999816894531,67.16999816894531,67.16999816894531,67.16999816894531,141.0
2025-03-19 19:07:00+00:00,67.23999786376953,67.23999786376953,67.23999786376953,67.23999786376953,16.0
2025-03-19 19:19:00+00:00,67.26000213623047,67.26000213623047,67.26000213623047,67.26000213623047,2.0
2025-03-19 19:20:00+00:00,67.26000213623047,67.26000213623047,67.26000213623047,67.26000213623047,4.0
2025-03-19 19:23:00+00:00,67.23999786376953,67.25,67.23999786376953,67.23999786376953,8.0
2025-03-19 19:24:00+00:00,67.23999786376953,67.23999786376953,67.23999786376953,67.23999786376953,15.0
2025-03-19 19:28:00+00:00,67.25,67.25,67.25,67.25,14.0
2025-03-19 19:34:00+00:00,67.26000213623047,67.27999877929688,67.26000213623047,67.26000213623047,79.0
2025-03-19 19:35:00+00:00,67.25,67.26000213623047,67.25,67.26000213623047,3.0
2025-03-19 19:38:00+00:00,67.2699966430664,67.2699966430664,67.26000213623047,67.26000213623047,3.0
2025-03-19 19:42:00+00:00,67.30999755859375,67.30999755859375,67.30000305175781,67.30999755859375,22.0
2025-03-19 19:43:00+00:00,67.27999877929688,67.30000305175781,67.27999877929688,67.30000305175781,8.0
2025-03-19 19:55:00+00:00,67.2300033569336,67.2300033569336,67.2300033569336,67.2300033569336,56.0
2025-03-19 20:01:00+00:00,67.2300033569336,67.2300033569336,67.2300033569336,67.2300033569336,2.0
2025-03-19 20:02:00+00:00,67.25,67.25,67.2300033569336,67.2300033569336,2.0
2025-03-19 20:05:00+00:00,67.22000122070312,67.22000122070312,67.22000122070312,67.22000122070312,2.0
2025-03-19 20:06:00+00:00,67.19999694824219,67.19999694824219,67.19999694824219,67.19999694824219,18.0
2025-03-19 20:19:00+00:00,67.2300033569336,67.2300033569336,67.2300033569336,67.2300033569336,1.0
2025-03-19 20:21:00+00:00,67.20999908447266,67.20999908447266,67.20999908447266,67.20999908447266,6.0
2025-03-19 20:23:00+00:00,67.20999908447266,67.20999908447266,67.20999908447266,67.20999908447266,1.0
2025-03-19 20:25:00+00:00,67.2300033569336,67.2300033569336,67.2300033569336,67.2300033569336,52.0
2025-03-19 20:40:00+00:00,67.2300033569336,67.23999786376953,67.2300033569336,67.23999786376953,5.0
2025-03-19 20:45:00+00:00,67.19999694824219,67.22000122070312,67.19999694824219,67.22000122070312,170.0
2025-03-19 20:49:00+00:00,67.18000030517578,67.19000244140625,67.18000030517578,67.19000244140625,12.0
2025-03-19 20:50:00+00:00,67.19000244140625,67.19000244140625,67.19000244140625,67.19000244140625,3.0
2025-03-19 20:51:00+00:00,67.19000244140625,67.19000244140625,67.19000244140625,67.19000244140625,7.0
2025-03-19 23:15:00+00:00,67.29000091552734,67.29000091552734,67.29000091552734,67.29000091552734,0.0
2025-03-19 23:29:00+00:00,67.31999969482422,67.31999969482422,67.31999969482422,67.31999969482422,4.0
2025-03-19 23:30:00+00:00,67.30999755859375,67.30999755859375,67.30999755859375,67.30999755859375,1.0
2025-03-19 23:32:00+00:00,67.30000305175781,67.30000305175781,67.30000305175781,67.30000305175781,8.0
2025-03-19 23:36:00+00:00,67.30999755859375,67.30999755859375,67.30999755859375,67.30999755859375,4.0
2025-03-20 01:16:00+00:00,67.45999908447266,67.45999908447266,67.45999908447266,67.45999908447266,3.0
2025-03-20 01:45:00+00:00,67.4000015258789,67.4000015258789,67.4000015258789,67.4000015258789,51.0
2025-03-20 02:03:00+00:00,67.4000015258789,67.4000015258789,67.4000015258789,67.4000015258789,0.0
