Datetime,Close,High,Low,Open,Volume
2025-01-03 00:45:00+00:00,109.19999694824219,109.2040023803711,109.19999694824219,109.2040023803711,0.0
2025-01-03 00:46:00+00:00,109.197998046875,109.19999694824219,109.197998046875,109.19999694824219,0.0
2025-01-03 00:47:00+00:00,109.19400024414062,109.1989974975586,109.19400024414062,109.197998046875,0.0
2025-01-03 00:48:00+00:00,109.18499755859375,109.19400024414062,109.18499755859375,109.19400024414062,0.0
2025-01-03 00:49:00+00:00,109.18299865722656,109.18499755859375,109.18199920654297,109.18499755859375,0.0
2025-01-03 00:50:00+00:00,109.177001953125,109.18199920654297,109.1760025024414,109.18199920654297,0.0
2025-01-03 00:51:00+00:00,109.18099975585938,109.18099975585938,109.1760025024414,109.177001953125,0.0
2025-01-03 00:52:00+00:00,109.1719970703125,109.18199920654297,109.1709976196289,109.18099975585938,0.0
2025-01-03 00:53:00+00:00,109.1719970703125,109.1729965209961,109.16999816894531,109.1719970703125,0.0
2025-01-03 00:54:00+00:00,109.1760025024414,109.177001953125,109.1719970703125,109.1719970703125,0.0
2025-01-03 00:55:00+00:00,109.177001953125,109.18099975585938,109.1760025024414,109.177001953125,0.0
2025-01-03 00:56:00+00:00,109.16899871826172,109.17900085449219,109.16699981689453,109.1760025024414,0.0
2025-01-03 00:57:00+00:00,109.16300201416016,109.16999816894531,109.16200256347656,109.16899871826172,0.0
2025-01-03 00:58:00+00:00,109.15699768066406,109.16300201416016,109.15699768066406,109.16300201416016,0.0
2025-01-03 00:59:00+00:00,109.15899658203125,109.16100311279297,109.1520004272461,109.15699768066406,0.0
2025-01-03 01:00:00+00:00,109.16000366210938,109.16699981689453,109.15899658203125,109.15899658203125,0.0
2025-01-03 01:01:00+00:00,109.16699981689453,109.16699981689453,109.16000366210938,109.16000366210938,0.0
2025-01-03 01:02:00+00:00,109.17500305175781,109.1760025024414,109.16600036621094,109.16699981689453,0.0
2025-01-03 01:03:00+00:00,109.1729965209961,109.1780014038086,109.1729965209961,109.17500305175781,0.0
2025-01-03 01:04:00+00:00,109.1780014038086,109.1780014038086,109.1709976196289,109.1729965209961,0.0
2025-01-03 01:05:00+00:00,109.17400360107422,109.18000030517578,109.17400360107422,109.1780014038086,0.0
2025-01-03 01:06:00+00:00,109.1729965209961,109.17500305175781,109.1719970703125,109.17400360107422,0.0
2025-01-03 01:07:00+00:00,109.16100311279297,109.1729965209961,109.15899658203125,109.1729965209961,0.0
2025-01-03 01:08:00+00:00,109.16899871826172,109.16899871826172,109.15899658203125,109.16100311279297,0.0
2025-01-03 01:09:00+00:00,109.1729965209961,109.1729965209961,109.16699981689453,109.16799926757812,0.0
2025-01-03 01:10:00+00:00,109.1729965209961,109.1760025024414,109.1729965209961,109.1729965209961,0.0
2025-01-03 01:11:00+00:00,109.18099975585938,109.18099975585938,109.1729965209961,109.1729965209961,0.0
2025-01-03 01:12:00+00:00,109.19000244140625,109.19000244140625,109.18099975585938,109.18099975585938,0.0
2025-01-03 01:13:00+00:00,109.18900299072266,109.19200134277344,109.18800354003906,109.19000244140625,0.0
2025-01-03 01:14:00+00:00,109.18900299072266,109.19000244140625,109.18599700927734,109.18900299072266,0.0
2025-01-03 01:15:00+00:00,109.1760025024414,109.19000244140625,109.1760025024414,109.18900299072266,0.0
2025-01-03 01:16:00+00:00,109.18000030517578,109.18099975585938,109.17500305175781,109.17500305175781,0.0
2025-01-03 01:17:00+00:00,109.1729965209961,109.18099975585938,109.1729965209961,109.18000030517578,0.0
2025-01-03 01:18:00+00:00,109.17900085449219,109.17900085449219,109.1719970703125,109.1729965209961,0.0
2025-01-03 01:19:00+00:00,109.177001953125,109.18299865722656,109.177001953125,109.17900085449219,0.0
2025-01-03 01:20:00+00:00,109.1780014038086,109.18299865722656,109.177001953125,109.177001953125,0.0
2025-01-03 01:21:00+00:00,109.1729965209961,109.177001953125,109.1719970703125,109.177001953125,0.0
2025-01-03 01:22:00+00:00,109.17900085449219,109.18199920654297,109.1729965209961,109.1729965209961,0.0
2025-01-03 01:23:00+00:00,109.2030029296875,109.2030029296875,109.17900085449219,109.17900085449219,0.0
2025-01-03 01:24:00+00:00,109.20600128173828,109.20700073242188,109.2020034790039,109.2030029296875,0.0
2025-01-03 01:25:00+00:00,109.20800018310547,109.20899963378906,109.20600128173828,109.20600128173828,0.0
2025-01-03 01:26:00+00:00,109.21099853515625,109.21099853515625,109.20800018310547,109.20899963378906,0.0
2025-01-03 01:27:00+00:00,109.21299743652344,109.21299743652344,109.20999908447266,109.20999908447266,0.0
2025-01-03 01:28:00+00:00,109.21700286865234,109.21800231933594,109.21299743652344,109.21299743652344,0.0
2025-01-03 01:29:00+00:00,109.20600128173828,109.21600341796875,109.20500183105469,109.21600341796875,0.0
2025-01-03 01:30:00+00:00,109.20999908447266,109.21099853515625,109.20600128173828,109.20700073242188,0.0
2025-01-03 01:31:00+00:00,109.21199798583984,109.21299743652344,109.20800018310547,109.20999908447266,0.0
2025-01-03 01:32:00+00:00,109.20700073242188,109.21199798583984,109.20700073242188,109.21199798583984,0.0
2025-01-03 01:33:00+00:00,109.2030029296875,109.20700073242188,109.2030029296875,109.20700073242188,0.0
2025-01-03 01:34:00+00:00,109.197998046875,109.2030029296875,109.1969985961914,109.2030029296875,0.0
2025-01-03 01:35:00+00:00,109.197998046875,109.1989974975586,109.19200134277344,109.197998046875,0.0
2025-01-03 01:36:00+00:00,109.21099853515625,109.21099853515625,109.197998046875,109.197998046875,0.0
2025-01-03 01:37:00+00:00,109.21099853515625,109.21099853515625,109.20800018310547,109.21099853515625,0.0
2025-01-03 01:38:00+00:00,109.21299743652344,109.21499633789062,109.21099853515625,109.21099853515625,0.0
2025-01-03 01:39:00+00:00,109.20500183105469,109.21299743652344,109.20500183105469,109.21299743652344,0.0
2025-01-03 01:40:00+00:00,109.2030029296875,109.20800018310547,109.2030029296875,109.20500183105469,0.0
2025-01-03 01:41:00+00:00,109.2030029296875,109.2030029296875,109.19999694824219,109.2030029296875,0.0
2025-01-03 01:42:00+00:00,109.20700073242188,109.20700073242188,109.2040023803711,109.2040023803711,0.0
2025-01-03 01:43:00+00:00,109.21299743652344,109.21399688720703,109.20700073242188,109.20700073242188,0.0
2025-01-03 01:44:00+00:00,109.20999908447266,109.21299743652344,109.20600128173828,109.21299743652344,0.0
2025-01-03 01:45:00+00:00,109.20999908447266,109.21099853515625,109.20899963378906,109.20999908447266,0.0
2025-01-03 01:46:00+00:00,109.20999908447266,109.21099853515625,109.20700073242188,109.20999908447266,0.0
2025-01-03 01:47:00+00:00,109.2040023803711,109.20999908447266,109.2020034790039,109.20999908447266,0.0
2025-01-03 01:48:00+00:00,109.20099639892578,109.2040023803711,109.19999694824219,109.2040023803711,0.0
2025-01-03 01:49:00+00:00,109.1989974975586,109.20099639892578,109.197998046875,109.20099639892578,0.0
2025-01-03 01:50:00+00:00,109.20700073242188,109.20800018310547,109.1989974975586,109.1989974975586,0.0
2025-01-03 01:51:00+00:00,109.2020034790039,109.20800018310547,109.2020034790039,109.20700073242188,0.0
2025-01-03 01:52:00+00:00,109.20500183105469,109.20500183105469,109.20099639892578,109.20099639892578,0.0
2025-01-03 01:53:00+00:00,109.20600128173828,109.20700073242188,109.20500183105469,109.20500183105469,0.0
2025-01-03 01:54:00+00:00,109.2040023803711,109.21199798583984,109.2030029296875,109.20600128173828,0.0
2025-01-03 01:55:00+00:00,109.2020034790039,109.20800018310547,109.20099639892578,109.2040023803711,0.0
2025-01-03 01:56:00+00:00,109.1989974975586,109.2030029296875,109.197998046875,109.2020034790039,0.0
2025-01-03 01:57:00+00:00,109.19999694824219,109.20700073242188,109.1989974975586,109.1989974975586,0.0
2025-01-03 01:58:00+00:00,109.2020034790039,109.2030029296875,109.1989974975586,109.19999694824219,0.0
2025-01-03 01:59:00+00:00,109.20099639892578,109.2030029296875,109.19999694824219,109.2030029296875,0.0
2025-01-03 02:00:00+00:00,109.19599914550781,109.2040023803711,109.19599914550781,109.20099639892578,0.0
2025-01-03 02:01:00+00:00,109.19300079345703,109.19499969482422,109.19100189208984,109.19499969482422,0.0
2025-01-03 02:02:00+00:00,109.197998046875,109.1989974975586,109.19300079345703,109.19300079345703,0.0
2025-01-03 02:03:00+00:00,109.18399810791016,109.1989974975586,109.18399810791016,109.197998046875,0.0
2025-01-03 02:04:00+00:00,109.16899871826172,109.18299865722656,109.16899871826172,109.18299865722656,0.0
2025-01-03 02:05:00+00:00,109.18000030517578,109.18000030517578,109.16799926757812,109.16899871826172,0.0
2025-01-03 02:06:00+00:00,109.18699645996094,109.18800354003906,109.18099975585938,109.18099975585938,0.0
2025-01-03 02:07:00+00:00,109.19000244140625,109.19000244140625,109.18599700927734,109.18699645996094,0.0
2025-01-03 02:08:00+00:00,109.18800354003906,109.19100189208984,109.18800354003906,109.19100189208984,0.0
2025-01-03 02:09:00+00:00,109.18800354003906,109.19000244140625,109.18399810791016,109.18900299072266,0.0
2025-01-03 02:10:00+00:00,109.18699645996094,109.18900299072266,109.18699645996094,109.18900299072266,0.0
2025-01-03 02:11:00+00:00,109.18699645996094,109.18699645996094,109.18199920654297,109.18699645996094,0.0
2025-01-03 02:12:00+00:00,109.18000030517578,109.18800354003906,109.18000030517578,109.18699645996094,0.0
2025-01-03 02:13:00+00:00,109.18299865722656,109.18299865722656,109.17900085449219,109.18000030517578,0.0
2025-01-03 02:14:00+00:00,109.18299865722656,109.18499755859375,109.18199920654297,109.18199920654297,0.0
2025-01-03 02:15:00+00:00,109.1729965209961,109.18399810791016,109.1729965209961,109.18399810791016,0.0
2025-01-03 02:16:00+00:00,109.1719970703125,109.17400360107422,109.16999816894531,109.17400360107422,0.0
2025-01-03 02:17:00+00:00,109.17500305175781,109.1760025024414,109.1709976196289,109.1719970703125,0.0
2025-01-03 02:18:00+00:00,109.18499755859375,109.18599700927734,109.17500305175781,109.1760025024414,0.0
2025-01-03 02:19:00+00:00,109.19100189208984,109.19300079345703,109.18399810791016,109.18399810791016,0.0
2025-01-03 02:20:00+00:00,109.19200134277344,109.19200134277344,109.18800354003906,109.19100189208984,0.0
2025-01-03 02:21:00+00:00,109.19400024414062,109.19599914550781,109.19300079345703,109.19300079345703,0.0
2025-01-03 02:22:00+00:00,109.19300079345703,109.19400024414062,109.19000244140625,109.19100189208984,0.0
2025-01-03 02:23:00+00:00,109.18800354003906,109.1969985961914,109.18699645996094,109.19400024414062,0.0
2025-01-03 02:24:00+00:00,109.18800354003906,109.19100189208984,109.18599700927734,109.18699645996094,0.0
2025-01-03 02:25:00+00:00,109.18199920654297,109.18900299072266,109.18199920654297,109.18900299072266,0.0
2025-01-03 02:26:00+00:00,109.18199920654297,109.18199920654297,109.18000030517578,109.18199920654297,0.0
2025-01-03 02:27:00+00:00,109.18299865722656,109.18299865722656,109.1780014038086,109.18199920654297,0.0
2025-01-03 02:28:00+00:00,109.17400360107422,109.18299865722656,109.1719970703125,109.18199920654297,0.0
2025-01-03 02:29:00+00:00,109.16600036621094,109.177001953125,109.16600036621094,109.17400360107422,0.0
2025-01-03 02:30:00+00:00,109.16300201416016,109.16600036621094,109.16000366210938,109.16600036621094,0.0
2025-01-03 02:31:00+00:00,109.16000366210938,109.16400146484375,109.15899658203125,109.16300201416016,0.0
2025-01-03 02:32:00+00:00,109.16200256347656,109.16200256347656,109.16000366210938,109.16100311279297,0.0
2025-01-03 02:33:00+00:00,109.15899658203125,109.16200256347656,109.15899658203125,109.16200256347656,0.0
2025-01-03 02:34:00+00:00,109.16600036621094,109.16600036621094,109.15799713134766,109.16000366210938,0.0
2025-01-03 02:35:00+00:00,109.16999816894531,109.16999816894531,109.16600036621094,109.16600036621094,0.0
2025-01-03 02:36:00+00:00,109.16600036621094,109.16899871826172,109.16500091552734,109.16899871826172,0.0
2025-01-03 02:37:00+00:00,109.16699981689453,109.16699981689453,109.16500091552734,109.16600036621094,0.0
2025-01-03 02:38:00+00:00,109.16899871826172,109.1760025024414,109.16699981689453,109.16699981689453,0.0
2025-01-03 02:39:00+00:00,109.16799926757812,109.16999816894531,109.16600036621094,109.16899871826172,0.0
2025-01-03 02:40:00+00:00,109.16400146484375,109.16899871826172,109.16400146484375,109.16799926757812,0.0
2025-01-03 02:41:00+00:00,109.16200256347656,109.16400146484375,109.16200256347656,109.16400146484375,0.0
2025-01-03 02:42:00+00:00,109.16000366210938,109.16200256347656,109.16000366210938,109.16200256347656,0.0
2025-01-03 02:43:00+00:00,109.16200256347656,109.16300201416016,109.15899658203125,109.16000366210938,0.0
2025-01-03 02:44:00+00:00,109.15799713134766,109.16100311279297,109.15799713134766,109.16100311279297,0.0
2025-01-03 02:45:00+00:00,109.15399932861328,109.15899658203125,109.15299987792969,109.15899658203125,0.0
2025-01-03 02:46:00+00:00,109.15899658203125,109.16000366210938,109.15499877929688,109.15499877929688,0.0
2025-01-03 02:47:00+00:00,109.15299987792969,109.16000366210938,109.1520004272461,109.15899658203125,0.0
2025-01-03 02:48:00+00:00,109.14700317382812,109.15399932861328,109.14199829101562,109.15299987792969,0.0
2025-01-03 02:49:00+00:00,109.14199829101562,109.1520004272461,109.14199829101562,109.14700317382812,0.0
2025-01-03 02:50:00+00:00,109.13800048828125,109.14099884033203,109.13800048828125,109.14099884033203,0.0
2025-01-03 02:51:00+00:00,109.14199829101562,109.14199829101562,109.13800048828125,109.13800048828125,0.0
2025-01-03 02:52:00+00:00,109.1449966430664,109.1449966430664,109.14199829101562,109.14199829101562,0.0
2025-01-03 02:53:00+00:00,109.14700317382812,109.14700317382812,109.1449966430664,109.1449966430664,0.0
2025-01-03 02:54:00+00:00,109.1449966430664,109.14700317382812,109.14399719238281,109.14700317382812,0.0
2025-01-03 02:55:00+00:00,109.1510009765625,109.1510009765625,109.1449966430664,109.1449966430664,0.0
2025-01-03 02:56:00+00:00,109.15699768066406,109.15799713134766,109.1510009765625,109.1510009765625,0.0
2025-01-03 02:57:00+00:00,109.15899658203125,109.16000366210938,109.1520004272461,109.15699768066406,0.0
2025-01-03 02:58:00+00:00,109.15699768066406,109.16000366210938,109.15699768066406,109.15899658203125,0.0
2025-01-03 02:59:00+00:00,109.15799713134766,109.15799713134766,109.15699768066406,109.15699768066406,0.0
2025-01-03 03:00:00+00:00,109.15599822998047,109.15899658203125,109.15299987792969,109.15799713134766,0.0
2025-01-03 03:01:00+00:00,109.15799713134766,109.16100311279297,109.15599822998047,109.15599822998047,0.0
2025-01-03 03:02:00+00:00,109.15799713134766,109.16000366210938,109.15799713134766,109.15799713134766,0.0
2025-01-03 03:03:00+00:00,109.15299987792969,109.15799713134766,109.15299987792969,109.15799713134766,0.0
2025-01-03 03:04:00+00:00,109.15599822998047,109.15699768066406,109.15299987792969,109.15299987792969,0.0
2025-01-03 03:05:00+00:00,109.15299987792969,109.15599822998047,109.15299987792969,109.15599822998047,0.0
2025-01-03 03:06:00+00:00,109.15399932861328,109.15399932861328,109.1520004272461,109.15299987792969,0.0
2025-01-03 03:07:00+00:00,109.15799713134766,109.15799713134766,109.15299987792969,109.15299987792969,0.0
2025-01-03 03:08:00+00:00,109.1510009765625,109.15799713134766,109.1510009765625,109.15799713134766,0.0
2025-01-03 03:09:00+00:00,109.15599822998047,109.15599822998047,109.1500015258789,109.1510009765625,0.0
2025-01-03 03:10:00+00:00,109.15599822998047,109.15599822998047,109.15299987792969,109.15599822998047,0.0
2025-01-03 03:11:00+00:00,109.15599822998047,109.15799713134766,109.15499877929688,109.15599822998047,0.0
2025-01-03 03:12:00+00:00,109.15399932861328,109.15599822998047,109.15299987792969,109.15599822998047,0.0
2025-01-03 03:13:00+00:00,109.15399932861328,109.15699768066406,109.15399932861328,109.15399932861328,0.0
2025-01-03 03:14:00+00:00,109.15499877929688,109.15499877929688,109.15299987792969,109.15499877929688,0.0
2025-01-03 03:15:00+00:00,109.16100311279297,109.16100311279297,109.15399932861328,109.15399932861328,0.0
2025-01-03 03:16:00+00:00,109.16300201416016,109.16300201416016,109.16000366210938,109.16100311279297,0.0
2025-01-03 03:17:00+00:00,109.16100311279297,109.16300201416016,109.16100311279297,109.16300201416016,0.0
2025-01-03 03:18:00+00:00,109.16500091552734,109.16500091552734,109.16100311279297,109.16100311279297,0.0
2025-01-03 03:19:00+00:00,109.15799713134766,109.16799926757812,109.15599822998047,109.16600036621094,0.0
2025-01-03 03:20:00+00:00,109.16300201416016,109.16300201416016,109.15699768066406,109.15799713134766,0.0
2025-01-03 03:21:00+00:00,109.16799926757812,109.16799926757812,109.16300201416016,109.16300201416016,0.0
2025-01-03 03:22:00+00:00,109.16699981689453,109.16799926757812,109.16699981689453,109.16799926757812,0.0
2025-01-03 03:23:00+00:00,109.16799926757812,109.16899871826172,109.16699981689453,109.16699981689453,0.0
2025-01-03 03:24:00+00:00,109.15899658203125,109.16899871826172,109.15899658203125,109.16799926757812,0.0
2025-01-03 03:25:00+00:00,109.15799713134766,109.16200256347656,109.15699768066406,109.15899658203125,0.0
2025-01-03 03:26:00+00:00,109.1500015258789,109.16000366210938,109.1500015258789,109.15799713134766,0.0
2025-01-03 03:27:00+00:00,109.15599822998047,109.15899658203125,109.14900207519531,109.1500015258789,0.0
2025-01-03 03:28:00+00:00,109.14900207519531,109.15599822998047,109.14900207519531,109.15599822998047,0.0
2025-01-03 03:29:00+00:00,109.15399932861328,109.15499877929688,109.14800262451172,109.1500015258789,0.0
2025-01-03 03:30:00+00:00,109.15299987792969,109.15399932861328,109.1520004272461,109.15399932861328,0.0
2025-01-03 03:31:00+00:00,109.15499877929688,109.15599822998047,109.15299987792969,109.15299987792969,0.0
2025-01-03 03:32:00+00:00,109.16200256347656,109.16400146484375,109.15599822998047,109.15599822998047,0.0
2025-01-03 03:33:00+00:00,109.16300201416016,109.16500091552734,109.16200256347656,109.16200256347656,0.0
2025-01-03 03:34:00+00:00,109.1709976196289,109.1719970703125,109.16300201416016,109.16300201416016,0.0
2025-01-03 03:35:00+00:00,109.1760025024414,109.1760025024414,109.1709976196289,109.1709976196289,0.0
2025-01-03 03:36:00+00:00,109.1719970703125,109.1760025024414,109.1719970703125,109.1760025024414,0.0
2025-01-03 03:37:00+00:00,109.16999816894531,109.1719970703125,109.16799926757812,109.1719970703125,0.0
2025-01-03 03:38:00+00:00,109.16999816894531,109.16999816894531,109.16899871826172,109.16899871826172,0.0
2025-01-03 03:39:00+00:00,109.16600036621094,109.1709976196289,109.16600036621094,109.16999816894531,0.0
2025-01-03 03:40:00+00:00,109.16899871826172,109.16899871826172,109.16500091552734,109.16600036621094,0.0
2025-01-03 03:41:00+00:00,109.16899871826172,109.16899871826172,109.16799926757812,109.16899871826172,0.0
2025-01-03 03:42:00+00:00,109.1709976196289,109.1709976196289,109.16799926757812,109.16999816894531,0.0
2025-01-03 03:43:00+00:00,109.16999816894531,109.16999816894531,109.16899871826172,109.16999816894531,0.0
2025-01-03 03:45:00+00:00,109.1760025024414,109.1760025024414,109.16899871826172,109.16999816894531,0.0
2025-01-03 03:46:00+00:00,109.18299865722656,109.18299865722656,109.1760025024414,109.1760025024414,0.0
2025-01-03 03:47:00+00:00,109.18099975585938,109.18299865722656,109.17900085449219,109.18299865722656,0.0
2025-01-03 03:48:00+00:00,109.18599700927734,109.18699645996094,109.18099975585938,109.18099975585938,0.0
2025-01-03 03:49:00+00:00,109.18499755859375,109.18699645996094,109.18299865722656,109.18599700927734,0.0
2025-01-03 03:50:00+00:00,109.18299865722656,109.18499755859375,109.18099975585938,109.18499755859375,0.0
2025-01-03 03:51:00+00:00,109.18499755859375,109.18599700927734,109.18399810791016,109.18399810791016,0.0
2025-01-03 03:52:00+00:00,109.18800354003906,109.18800354003906,109.18499755859375,109.18499755859375,0.0
2025-01-03 03:53:00+00:00,109.18199920654297,109.18800354003906,109.18199920654297,109.18800354003906,0.0
2025-01-03 03:54:00+00:00,109.18199920654297,109.18299865722656,109.18099975585938,109.18199920654297,0.0
2025-01-03 03:55:00+00:00,109.18399810791016,109.18399810791016,109.18099975585938,109.18199920654297,0.0
2025-01-03 03:56:00+00:00,109.19000244140625,109.19000244140625,109.18399810791016,109.18399810791016,0.0
2025-01-03 03:57:00+00:00,109.19599914550781,109.19599914550781,109.18900299072266,109.19000244140625,0.0
2025-01-03 03:58:00+00:00,109.16799926757812,109.19599914550781,109.16799926757812,109.19499969482422,0.0
2025-01-03 03:59:00+00:00,109.16899871826172,109.16899871826172,109.15799713134766,109.16799926757812,0.0
2025-01-03 04:00:00+00:00,109.16999816894531,109.1719970703125,109.16300201416016,109.16899871826172,0.0
2025-01-03 04:01:00+00:00,109.1729965209961,109.1729965209961,109.16999816894531,109.16999816894531,0.0
2025-01-03 04:02:00+00:00,109.177001953125,109.1780014038086,109.1709976196289,109.1729965209961,0.0
2025-01-03 04:03:00+00:00,109.1709976196289,109.177001953125,109.1709976196289,109.177001953125,0.0
2025-01-03 04:04:00+00:00,109.16899871826172,109.1719970703125,109.16899871826172,109.1719970703125,0.0
2025-01-03 04:05:00+00:00,109.18000030517578,109.18000030517578,109.16899871826172,109.16899871826172,0.0
2025-01-03 04:07:00+00:00,109.19300079345703,109.19300079345703,109.18199920654297,109.18299865722656,0.0
2025-01-03 04:08:00+00:00,109.19599914550781,109.19599914550781,109.19200134277344,109.19200134277344,0.0
2025-01-03 04:09:00+00:00,109.18800354003906,109.19499969482422,109.18800354003906,109.19499969482422,0.0
2025-01-03 04:10:00+00:00,109.19000244140625,109.19000244140625,109.18599700927734,109.18800354003906,0.0
2025-01-03 04:11:00+00:00,109.19100189208984,109.19100189208984,109.19000244140625,109.19000244140625,0.0
2025-01-03 04:12:00+00:00,109.18900299072266,109.19100189208984,109.18499755859375,109.19100189208984,0.0
2025-01-03 04:13:00+00:00,109.18499755859375,109.18800354003906,109.18499755859375,109.18800354003906,0.0
2025-01-03 04:14:00+00:00,109.1780014038086,109.18499755859375,109.1760025024414,109.18499755859375,0.0
2025-01-03 04:15:00+00:00,109.1760025024414,109.1780014038086,109.1760025024414,109.1780014038086,0.0
2025-01-03 04:16:00+00:00,109.18000030517578,109.18000030517578,109.1760025024414,109.1760025024414,0.0
2025-01-03 04:17:00+00:00,109.18199920654297,109.18299865722656,109.18000030517578,109.18000030517578,0.0
2025-01-03 04:18:00+00:00,109.18099975585938,109.18399810791016,109.18099975585938,109.18199920654297,0.0
2025-01-03 04:19:00+00:00,109.18000030517578,109.18399810791016,109.17900085449219,109.18099975585938,0.0
2025-01-03 04:20:00+00:00,109.18199920654297,109.18199920654297,109.18000030517578,109.18000030517578,0.0
2025-01-03 04:21:00+00:00,109.18900299072266,109.19000244140625,109.18099975585938,109.18199920654297,0.0
2025-01-03 04:22:00+00:00,109.18900299072266,109.18900299072266,109.18800354003906,109.18800354003906,0.0
2025-01-03 04:23:00+00:00,109.1989974975586,109.1989974975586,109.18900299072266,109.18900299072266,0.0
2025-01-03 04:24:00+00:00,109.2020034790039,109.2020034790039,109.1989974975586,109.1989974975586,0.0
2025-01-03 04:25:00+00:00,109.20500183105469,109.20500183105469,109.20099639892578,109.2020034790039,0.0
2025-01-03 04:26:00+00:00,109.20099639892578,109.20800018310547,109.19999694824219,109.20600128173828,0.0
2025-01-03 04:27:00+00:00,109.20099639892578,109.2020034790039,109.1989974975586,109.20099639892578,0.0
2025-01-03 04:28:00+00:00,109.1989974975586,109.2020034790039,109.1989974975586,109.20099639892578,0.0
2025-01-03 04:29:00+00:00,109.19200134277344,109.197998046875,109.19200134277344,109.197998046875,0.0
2025-01-03 04:30:00+00:00,109.19000244140625,109.19200134277344,109.18900299072266,109.19200134277344,0.0
2025-01-03 04:31:00+00:00,109.1969985961914,109.1969985961914,109.18800354003906,109.18900299072266,0.0
2025-01-03 04:32:00+00:00,109.19599914550781,109.1969985961914,109.19599914550781,109.1969985961914,0.0
2025-01-03 04:33:00+00:00,109.18699645996094,109.19599914550781,109.18699645996094,109.19599914550781,0.0
2025-01-03 04:34:00+00:00,109.18299865722656,109.18800354003906,109.18299865722656,109.18800354003906,0.0
2025-01-03 04:35:00+00:00,109.18099975585938,109.18299865722656,109.18099975585938,109.18299865722656,0.0
2025-01-03 04:36:00+00:00,109.18599700927734,109.18599700927734,109.18099975585938,109.18099975585938,0.0
2025-01-03 04:37:00+00:00,109.19000244140625,109.19100189208984,109.18599700927734,109.18599700927734,0.0
2025-01-03 04:38:00+00:00,109.19300079345703,109.19300079345703,109.18900299072266,109.19000244140625,0.0
2025-01-03 04:39:00+00:00,109.18800354003906,109.19300079345703,109.18800354003906,109.19300079345703,0.0
2025-01-03 04:40:00+00:00,109.19000244140625,109.19000244140625,109.18699645996094,109.18800354003906,0.0
2025-01-03 04:41:00+00:00,109.197998046875,109.197998046875,109.19000244140625,109.19000244140625,0.0
2025-01-03 04:42:00+00:00,109.19599914550781,109.197998046875,109.19599914550781,109.197998046875,0.0
2025-01-03 04:43:00+00:00,109.19999694824219,109.19999694824219,109.19599914550781,109.1969985961914,0.0
2025-01-03 04:45:00+00:00,109.197998046875,109.1989974975586,109.19599914550781,109.197998046875,0.0
2025-01-03 04:46:00+00:00,109.19499969482422,109.197998046875,109.19499969482422,109.197998046875,0.0
2025-01-03 04:47:00+00:00,109.19400024414062,109.1969985961914,109.19300079345703,109.19499969482422,0.0
2025-01-03 04:48:00+00:00,109.19300079345703,109.19400024414062,109.19000244140625,109.19400024414062,0.0
2025-01-03 04:49:00+00:00,109.18900299072266,109.19400024414062,109.18699645996094,109.19300079345703,0.0
2025-01-03 04:50:00+00:00,109.18699645996094,109.19000244140625,109.18599700927734,109.18900299072266,0.0
2025-01-03 04:51:00+00:00,109.18900299072266,109.19000244140625,109.18699645996094,109.18699645996094,0.0
2025-01-03 04:52:00+00:00,109.18499755859375,109.18900299072266,109.18499755859375,109.18900299072266,0.0
2025-01-03 04:53:00+00:00,109.18499755859375,109.18699645996094,109.18499755859375,109.18499755859375,0.0
2025-01-03 04:54:00+00:00,109.18499755859375,109.18499755859375,109.18299865722656,109.18499755859375,0.0
2025-01-03 04:55:00+00:00,109.18399810791016,109.18800354003906,109.18399810791016,109.18599700927734,0.0
2025-01-03 04:56:00+00:00,109.18299865722656,109.18599700927734,109.18299865722656,109.18499755859375,0.0
2025-01-03 04:58:00+00:00,109.1760025024414,109.18099975585938,109.1760025024414,109.18099975585938,0.0
2025-01-03 05:00:00+00:00,109.1760025024414,109.177001953125,109.1729965209961,109.17500305175781,0.0
2025-01-03 05:01:00+00:00,109.1760025024414,109.177001953125,109.1760025024414,109.1760025024414,0.0
2025-01-03 05:02:00+00:00,109.1780014038086,109.1780014038086,109.17500305175781,109.1760025024414,0.0
2025-01-03 05:03:00+00:00,109.17500305175781,109.1780014038086,109.1709976196289,109.177001953125,0.0
2025-01-03 05:04:00+00:00,109.17900085449219,109.18000030517578,109.17500305175781,109.17500305175781,0.0
2025-01-03 05:05:00+00:00,109.18099975585938,109.18099975585938,109.17500305175781,109.17900085449219,0.0
2025-01-03 05:06:00+00:00,109.18299865722656,109.18299865722656,109.18099975585938,109.18099975585938,0.0
2025-01-03 05:07:00+00:00,109.18299865722656,109.18499755859375,109.18199920654297,109.18299865722656,0.0
2025-01-03 05:08:00+00:00,109.19499969482422,109.19499969482422,109.18099975585938,109.18199920654297,0.0
2025-01-03 05:09:00+00:00,109.19400024414062,109.19599914550781,109.19400024414062,109.19599914550781,0.0
2025-01-03 05:10:00+00:00,109.19599914550781,109.1969985961914,109.19400024414062,109.19400024414062,0.0
2025-01-03 05:11:00+00:00,109.19499969482422,109.197998046875,109.19499969482422,109.19599914550781,0.0
2025-01-03 05:12:00+00:00,109.197998046875,109.197998046875,109.19400024414062,109.19599914550781,0.0
2025-01-03 05:13:00+00:00,109.2040023803711,109.2040023803711,109.197998046875,109.197998046875,0.0
2025-01-03 05:14:00+00:00,109.20899963378906,109.20899963378906,109.2030029296875,109.2040023803711,0.0
2025-01-03 05:15:00+00:00,109.21199798583984,109.21199798583984,109.20899963378906,109.20899963378906,0.0
2025-01-03 05:16:00+00:00,109.21499633789062,109.21600341796875,109.21199798583984,109.21199798583984,0.0
2025-01-03 05:17:00+00:00,109.21900177001953,109.22000122070312,109.21499633789062,109.21499633789062,0.0
2025-01-03 05:18:00+00:00,109.22200012207031,109.2229995727539,109.21900177001953,109.21900177001953,0.0
2025-01-03 05:19:00+00:00,109.22000122070312,109.22200012207031,109.21900177001953,109.22200012207031,0.0
2025-01-03 05:20:00+00:00,109.21900177001953,109.22100067138672,109.21900177001953,109.22100067138672,0.0
2025-01-03 05:21:00+00:00,109.20999908447266,109.2229995727539,109.20899963378906,109.21900177001953,0.0
2025-01-03 05:22:00+00:00,109.18800354003906,109.20999908447266,109.18599700927734,109.20999908447266,0.0
2025-01-03 05:23:00+00:00,109.18599700927734,109.18900299072266,109.18399810791016,109.18800354003906,0.0
2025-01-03 05:24:00+00:00,109.1780014038086,109.18499755859375,109.177001953125,109.18499755859375,0.0
2025-01-03 05:25:00+00:00,109.17900085449219,109.17900085449219,109.177001953125,109.1780014038086,0.0
2025-01-03 05:26:00+00:00,109.16999816894531,109.17900085449219,109.16999816894531,109.17900085449219,0.0
2025-01-03 05:27:00+00:00,109.16899871826172,109.16999816894531,109.16799926757812,109.16999816894531,0.0
2025-01-03 05:28:00+00:00,109.16100311279297,109.16899871826172,109.16000366210938,109.16899871826172,0.0
2025-01-03 05:29:00+00:00,109.16000366210938,109.16400146484375,109.15899658203125,109.16100311279297,0.0
2025-01-03 05:30:00+00:00,109.15399932861328,109.16100311279297,109.15399932861328,109.16000366210938,0.0
2025-01-03 05:31:00+00:00,109.14700317382812,109.15499877929688,109.14700317382812,109.15399932861328,0.0
2025-01-03 05:32:00+00:00,109.1520004272461,109.1520004272461,109.14700317382812,109.14800262451172,0.0
2025-01-03 05:33:00+00:00,109.1510009765625,109.1520004272461,109.1500015258789,109.1520004272461,0.0
2025-01-03 05:34:00+00:00,109.14700317382812,109.1510009765625,109.14700317382812,109.1510009765625,0.0
2025-01-03 05:35:00+00:00,109.1500015258789,109.1500015258789,109.14700317382812,109.14700317382812,0.0
2025-01-03 05:36:00+00:00,109.1520004272461,109.1520004272461,109.14900207519531,109.1500015258789,0.0
2025-01-03 05:37:00+00:00,109.1520004272461,109.1520004272461,109.1510009765625,109.1520004272461,0.0
2025-01-03 05:38:00+00:00,109.14900207519531,109.1520004272461,109.14800262451172,109.1520004272461,0.0
2025-01-03 05:39:00+00:00,109.14600372314453,109.14900207519531,109.14600372314453,109.14900207519531,0.0
2025-01-03 05:40:00+00:00,109.15399932861328,109.15399932861328,109.14600372314453,109.14600372314453,0.0
2025-01-03 05:41:00+00:00,109.15699768066406,109.15699768066406,109.1520004272461,109.15499877929688,0.0
2025-01-03 05:42:00+00:00,109.15299987792969,109.15699768066406,109.1510009765625,109.15699768066406,0.0
2025-01-03 05:43:00+00:00,109.15599822998047,109.15799713134766,109.1520004272461,109.15299987792969,0.0
2025-01-03 05:44:00+00:00,109.15299987792969,109.15699768066406,109.1520004272461,109.15699768066406,0.0
2025-01-03 05:45:00+00:00,109.15599822998047,109.16000366210938,109.1520004272461,109.1520004272461,0.0
2025-01-03 05:46:00+00:00,109.15299987792969,109.15699768066406,109.15299987792969,109.15599822998047,0.0
2025-01-03 05:47:00+00:00,109.14900207519531,109.15299987792969,109.14900207519531,109.15299987792969,0.0
2025-01-03 05:48:00+00:00,109.14900207519531,109.1500015258789,109.14700317382812,109.1500015258789,0.0
2025-01-03 05:49:00+00:00,109.1510009765625,109.1510009765625,109.14900207519531,109.14900207519531,0.0
2025-01-03 05:50:00+00:00,109.1500015258789,109.1510009765625,109.14900207519531,109.1510009765625,0.0
2025-01-03 05:51:00+00:00,109.15399932861328,109.15399932861328,109.1500015258789,109.1500015258789,0.0
2025-01-03 05:52:00+00:00,109.15799713134766,109.15799713134766,109.1520004272461,109.15399932861328,0.0
2025-01-03 05:53:00+00:00,109.17400360107422,109.17400360107422,109.15599822998047,109.15799713134766,0.0
2025-01-03 05:54:00+00:00,109.17500305175781,109.17900085449219,109.17500305175781,109.17500305175781,0.0
2025-01-03 05:55:00+00:00,109.16899871826172,109.1760025024414,109.16899871826172,109.1760025024414,0.0
2025-01-03 05:56:00+00:00,109.16600036621094,109.16899871826172,109.16600036621094,109.16699981689453,0.0
2025-01-03 05:57:00+00:00,109.16799926757812,109.16799926757812,109.16200256347656,109.16600036621094,0.0
2025-01-03 05:58:00+00:00,109.16699981689453,109.16899871826172,109.16600036621094,109.16799926757812,0.0
2025-01-03 05:59:00+00:00,109.16300201416016,109.16699981689453,109.16300201416016,109.16699981689453,0.0
2025-01-03 06:00:00+00:00,109.15599822998047,109.16300201416016,109.15499877929688,109.16300201416016,0.0
2025-01-03 06:01:00+00:00,109.15899658203125,109.15899658203125,109.15499877929688,109.15699768066406,0.0
2025-01-03 06:02:00+00:00,109.15399932861328,109.16000366210938,109.1520004272461,109.16000366210938,0.0
2025-01-03 06:03:00+00:00,109.15499877929688,109.15599822998047,109.15399932861328,109.15399932861328,0.0
2025-01-03 06:04:00+00:00,109.15899658203125,109.15899658203125,109.15499877929688,109.15499877929688,0.0
2025-01-03 06:05:00+00:00,109.16100311279297,109.16100311279297,109.15899658203125,109.15899658203125,0.0
2025-01-03 06:06:00+00:00,109.15899658203125,109.16200256347656,109.15899658203125,109.16100311279297,0.0
2025-01-03 06:07:00+00:00,109.14700317382812,109.15799713134766,109.14700317382812,109.15799713134766,0.0
2025-01-03 06:08:00+00:00,109.14600372314453,109.14700317382812,109.1449966430664,109.14700317382812,0.0
2025-01-03 06:09:00+00:00,109.14099884033203,109.14600372314453,109.14099884033203,109.14600372314453,0.0
2025-01-03 06:10:00+00:00,109.14199829101562,109.14399719238281,109.14099884033203,109.14199829101562,0.0
2025-01-03 06:11:00+00:00,109.14099884033203,109.14299774169922,109.14099884033203,109.14299774169922,0.0
2025-01-03 06:12:00+00:00,109.13800048828125,109.14099884033203,109.13700103759766,109.14099884033203,0.0
2025-01-03 06:13:00+00:00,109.13899993896484,109.13899993896484,109.13500213623047,109.13600158691406,0.0
2025-01-03 06:14:00+00:00,109.13800048828125,109.13999938964844,109.13600158691406,109.13899993896484,0.0
2025-01-03 06:16:00+00:00,109.13600158691406,109.14199829101562,109.13600158691406,109.14199829101562,0.0
2025-01-03 06:17:00+00:00,109.13400268554688,109.13600158691406,109.13200378417969,109.13600158691406,0.0
2025-01-03 06:18:00+00:00,109.13999938964844,109.13999938964844,109.13300323486328,109.13400268554688,0.0
2025-01-03 06:19:00+00:00,109.12999725341797,109.13999938964844,109.12999725341797,109.13999938964844,0.0
2025-01-03 06:20:00+00:00,109.12799835205078,109.12999725341797,109.12799835205078,109.12999725341797,0.0
2025-01-03 06:21:00+00:00,109.13500213623047,109.13600158691406,109.12699890136719,109.12799835205078,0.0
2025-01-03 06:22:00+00:00,109.13800048828125,109.13800048828125,109.13500213623047,109.13500213623047,0.0
2025-01-03 06:23:00+00:00,109.13999938964844,109.14099884033203,109.13700103759766,109.13800048828125,0.0
2025-01-03 06:24:00+00:00,109.13700103759766,109.13999938964844,109.13300323486328,109.13999938964844,0.0
2025-01-03 06:25:00+00:00,109.13500213623047,109.13600158691406,109.13500213623047,109.13600158691406,0.0
2025-01-03 06:26:00+00:00,109.13400268554688,109.13700103759766,109.13400268554688,109.13500213623047,0.0
2025-01-03 06:27:00+00:00,109.13300323486328,109.13600158691406,109.13300323486328,109.13400268554688,0.0
2025-01-03 06:28:00+00:00,109.13400268554688,109.13400268554688,109.13300323486328,109.13300323486328,0.0
2025-01-03 06:29:00+00:00,109.13700103759766,109.13700103759766,109.13300323486328,109.13400268554688,0.0
2025-01-03 06:30:00+00:00,109.13999938964844,109.14199829101562,109.13700103759766,109.13700103759766,0.0
2025-01-03 06:31:00+00:00,109.14600372314453,109.14600372314453,109.13999938964844,109.13999938964844,0.0
2025-01-03 06:32:00+00:00,109.14099884033203,109.14700317382812,109.14099884033203,109.14700317382812,0.0
2025-01-03 06:33:00+00:00,109.14399719238281,109.14399719238281,109.14099884033203,109.14199829101562,0.0
2025-01-03 06:34:00+00:00,109.14399719238281,109.14800262451172,109.14399719238281,109.1449966430664,0.0
2025-01-03 06:35:00+00:00,109.1510009765625,109.1510009765625,109.14399719238281,109.1449966430664,0.0
2025-01-03 06:36:00+00:00,109.14299774169922,109.1520004272461,109.14299774169922,109.1520004272461,0.0
2025-01-03 06:37:00+00:00,109.13800048828125,109.14399719238281,109.13800048828125,109.14299774169922,0.0
2025-01-03 06:38:00+00:00,109.13400268554688,109.13800048828125,109.13400268554688,109.13800048828125,0.0
2025-01-03 06:39:00+00:00,109.13300323486328,109.13400268554688,109.13200378417969,109.13400268554688,0.0
2025-01-03 06:40:00+00:00,109.13700103759766,109.13800048828125,109.13200378417969,109.13300323486328,0.0
2025-01-03 06:41:00+00:00,109.14099884033203,109.14099884033203,109.13600158691406,109.13700103759766,0.0
2025-01-03 06:42:00+00:00,109.13999938964844,109.14299774169922,109.13999938964844,109.14099884033203,0.0
2025-01-03 06:43:00+00:00,109.14099884033203,109.14199829101562,109.13999938964844,109.13999938964844,0.0
2025-01-03 06:44:00+00:00,109.12999725341797,109.14199829101562,109.12999725341797,109.14099884033203,0.0
2025-01-03 06:45:00+00:00,109.12999725341797,109.13099670410156,109.1259994506836,109.12999725341797,0.0
2025-01-03 06:46:00+00:00,109.13099670410156,109.13300323486328,109.13099670410156,109.13099670410156,0.0
2025-01-03 06:47:00+00:00,109.12799835205078,109.13099670410156,109.12799835205078,109.12999725341797,0.0
2025-01-03 06:48:00+00:00,109.13099670410156,109.13099670410156,109.12699890136719,109.12799835205078,0.0
2025-01-03 06:49:00+00:00,109.1259994506836,109.13200378417969,109.1259994506836,109.13099670410156,0.0
2025-01-03 06:50:00+00:00,109.12899780273438,109.12899780273438,109.12300109863281,109.125,0.0
2025-01-03 06:51:00+00:00,109.11499786376953,109.12799835205078,109.11399841308594,109.12799835205078,0.0
2025-01-03 06:52:00+00:00,109.0999984741211,109.11399841308594,109.0989990234375,109.11399841308594,0.0
2025-01-03 06:53:00+00:00,109.0979995727539,109.0999984741211,109.0979995727539,109.0999984741211,0.0
2025-01-03 06:54:00+00:00,109.09200286865234,109.0979995727539,109.09200286865234,109.0979995727539,0.0
2025-01-03 06:55:00+00:00,109.08699798583984,109.09200286865234,109.08599853515625,109.09200286865234,0.0
2025-01-03 06:56:00+00:00,109.08899688720703,109.09200286865234,109.08599853515625,109.08699798583984,0.0
2025-01-03 06:57:00+00:00,109.08699798583984,109.09200286865234,109.08699798583984,109.08899688720703,0.0
2025-01-03 06:58:00+00:00,109.09400177001953,109.09400177001953,109.08499908447266,109.08699798583984,0.0
2025-01-03 06:59:00+00:00,109.08699798583984,109.09300231933594,109.08599853515625,109.09300231933594,0.0
2025-01-03 07:00:00+00:00,109.08699798583984,109.09500122070312,109.08300018310547,109.08699798583984,0.0
2025-01-03 07:01:00+00:00,109.08399963378906,109.08899688720703,109.08300018310547,109.08599853515625,0.0
2025-01-03 07:02:00+00:00,109.0719985961914,109.08399963378906,109.0719985961914,109.08300018310547,0.0
2025-01-03 07:03:00+00:00,109.06300354003906,109.06900024414062,109.06300354003906,109.06900024414062,0.0
2025-01-03 07:04:00+00:00,109.05899810791016,109.06400299072266,109.05400085449219,109.06199645996094,0.0
2025-01-03 07:05:00+00:00,109.07599639892578,109.0770034790039,109.05999755859375,109.05999755859375,0.0
2025-01-03 07:06:00+00:00,109.09700012207031,109.09700012207031,109.0770034790039,109.0770034790039,0.0
2025-01-03 07:07:00+00:00,109.10199737548828,109.10299682617188,109.09500122070312,109.09700012207031,0.0
2025-01-03 07:08:00+00:00,109.09700012207031,109.10299682617188,109.09600067138672,109.10199737548828,0.0
2025-01-03 07:09:00+00:00,109.10099792480469,109.10099792480469,109.08899688720703,109.09700012207031,0.0
2025-01-03 07:10:00+00:00,109.09600067138672,109.10399627685547,109.09600067138672,109.0989990234375,0.0
2025-01-03 07:11:00+00:00,109.09600067138672,109.09600067138672,109.08999633789062,109.09600067138672,0.0
2025-01-03 07:12:00+00:00,109.09100341796875,109.09600067138672,109.08799743652344,109.09600067138672,0.0
2025-01-03 07:13:00+00:00,109.07599639892578,109.09100341796875,109.07599639892578,109.08999633789062,0.0
2025-01-03 07:14:00+00:00,109.06999969482422,109.07599639892578,109.06999969482422,109.0739974975586,0.0
2025-01-03 07:15:00+00:00,109.06400299072266,109.06999969482422,109.06099700927734,109.06999969482422,0.0
2025-01-03 07:16:00+00:00,109.09700012207031,109.09700012207031,109.06400299072266,109.06400299072266,0.0
2025-01-03 07:17:00+00:00,109.12100219726562,109.1449966430664,109.09500122070312,109.09700012207031,0.0
2025-01-03 07:18:00+00:00,109.13200378417969,109.13300323486328,109.11199951171875,109.12100219726562,0.0
2025-01-03 07:19:00+00:00,109.1259994506836,109.14199829101562,109.1259994506836,109.13099670410156,0.0
2025-01-03 07:20:00+00:00,109.15799713134766,109.15799713134766,109.12100219726562,109.1240005493164,0.0
2025-01-03 07:21:00+00:00,109.15699768066406,109.18299865722656,109.15599822998047,109.16200256347656,0.0
2025-01-03 07:22:00+00:00,109.13999938964844,109.15599822998047,109.13600158691406,109.15599822998047,0.0
2025-01-03 07:23:00+00:00,109.14700317382812,109.15499877929688,109.14099884033203,109.14099884033203,0.0
2025-01-03 07:24:00+00:00,109.12799835205078,109.14700317382812,109.12799835205078,109.14600372314453,0.0
2025-01-03 07:25:00+00:00,109.11000061035156,109.1259994506836,109.11000061035156,109.1259994506836,0.0
2025-01-03 07:26:00+00:00,109.1050033569336,109.11699676513672,109.10299682617188,109.11100006103516,0.0
2025-01-03 07:27:00+00:00,109.11799621582031,109.11799621582031,109.1050033569336,109.1050033569336,0.0
2025-01-03 07:28:00+00:00,109.1050033569336,109.12300109863281,109.1050033569336,109.11799621582031,0.0
2025-01-03 07:29:00+00:00,109.11699676513672,109.11699676513672,109.10399627685547,109.1050033569336,0.0
2025-01-03 07:30:00+00:00,109.10299682617188,109.11900329589844,109.10199737548828,109.11599731445312,0.0
2025-01-03 07:31:00+00:00,109.0999984741211,109.1050033569336,109.09500122070312,109.10299682617188,0.0
2025-01-03 07:32:00+00:00,109.10099792480469,109.10199737548828,109.09600067138672,109.0999984741211,0.0
2025-01-03 07:33:00+00:00,109.09700012207031,109.10099792480469,109.09700012207031,109.10099792480469,0.0
2025-01-03 07:34:00+00:00,109.08300018310547,109.09700012207031,109.08200073242188,109.09600067138672,0.0
2025-01-03 07:35:00+00:00,109.07099914550781,109.08399963378906,109.06900024414062,109.08300018310547,0.0
2025-01-03 07:36:00+00:00,109.072998046875,109.0790023803711,109.07099914550781,109.0719985961914,0.0
2025-01-03 07:37:00+00:00,109.0739974975586,109.07499694824219,109.06800079345703,109.0719985961914,0.0
2025-01-03 07:38:00+00:00,109.09300231933594,109.09400177001953,109.07499694824219,109.07499694824219,0.0
2025-01-03 07:39:00+00:00,109.10099792480469,109.10099792480469,109.09100341796875,109.09400177001953,0.0
2025-01-03 07:40:00+00:00,109.09600067138672,109.10399627685547,109.09600067138672,109.10099792480469,0.0
2025-01-03 07:41:00+00:00,109.09500122070312,109.09600067138672,109.08899688720703,109.09600067138672,0.0
2025-01-03 07:42:00+00:00,109.10099792480469,109.10099792480469,109.08599853515625,109.09500122070312,0.0
2025-01-03 07:43:00+00:00,109.09700012207031,109.10399627685547,109.09700012207031,109.10099792480469,0.0
2025-01-03 07:44:00+00:00,109.08499908447266,109.0999984741211,109.08499908447266,109.09700012207031,0.0
2025-01-03 07:45:00+00:00,109.09300231933594,109.09300231933594,109.08100128173828,109.08399963378906,0.0
2025-01-03 07:46:00+00:00,109.07599639892578,109.09200286865234,109.07599639892578,109.09200286865234,0.0
2025-01-03 07:47:00+00:00,109.0790023803711,109.08000183105469,109.07499694824219,109.07499694824219,0.0
2025-01-03 07:48:00+00:00,109.06999969482422,109.0780029296875,109.06999969482422,109.0780029296875,0.0
2025-01-03 07:49:00+00:00,109.0719985961914,109.0719985961914,109.06900024414062,109.06999969482422,0.0
2025-01-03 07:50:00+00:00,109.0739974975586,109.0790023803711,109.06900024414062,109.072998046875,0.0
2025-01-03 07:51:00+00:00,109.08000183105469,109.08200073242188,109.0739974975586,109.0739974975586,0.0
2025-01-03 07:52:00+00:00,109.08799743652344,109.08999633789062,109.08000183105469,109.08000183105469,0.0
2025-01-03 07:53:00+00:00,109.07099914550781,109.08899688720703,109.07099914550781,109.08799743652344,0.0
2025-01-03 07:54:00+00:00,109.072998046875,109.07599639892578,109.07099914550781,109.07099914550781,0.0
2025-01-03 07:55:00+00:00,109.08300018310547,109.08499908447266,109.0719985961914,109.0719985961914,0.0
2025-01-03 07:56:00+00:00,109.08599853515625,109.09100341796875,109.08300018310547,109.08300018310547,0.0
2025-01-03 07:57:00+00:00,109.0770034790039,109.08599853515625,109.0770034790039,109.08599853515625,0.0
2025-01-03 07:58:00+00:00,109.0780029296875,109.0790023803711,109.0739974975586,109.07599639892578,0.0
2025-01-03 07:59:00+00:00,109.08100128173828,109.08100128173828,109.0719985961914,109.0780029296875,0.0
2025-01-03 08:00:00+00:00,109.06400299072266,109.08200073242188,109.04299926757812,109.08100128173828,0.0
2025-01-03 08:01:00+00:00,109.0469970703125,109.05799865722656,109.04299926757812,109.05799865722656,0.0
2025-01-03 08:02:00+00:00,109.03600311279297,109.05000305175781,109.03500366210938,109.0459976196289,0.0
2025-01-03 08:03:00+00:00,109.04000091552734,109.04000091552734,109.03299713134766,109.03500366210938,0.0
2025-01-03 08:04:00+00:00,109.0459976196289,109.0459976196289,109.03399658203125,109.03800201416016,0.0
2025-01-03 08:05:00+00:00,109.06999969482422,109.06999969482422,109.0459976196289,109.0459976196289,0.0
2025-01-03 08:06:00+00:00,109.07099914550781,109.0739974975586,109.06400299072266,109.06999969482422,0.0
2025-01-03 08:07:00+00:00,109.06500244140625,109.072998046875,109.05899810791016,109.07099914550781,0.0
2025-01-03 08:08:00+00:00,109.07499694824219,109.07499694824219,109.06199645996094,109.06500244140625,0.0
2025-01-03 08:09:00+00:00,109.0770034790039,109.08000183105469,109.07599639892578,109.07599639892578,0.0
2025-01-03 08:10:00+00:00,109.10700225830078,109.11000061035156,109.0770034790039,109.0770034790039,0.0
2025-01-03 08:11:00+00:00,109.08499908447266,109.10800170898438,109.08499908447266,109.10700225830078,0.0
2025-01-03 08:12:00+00:00,109.06999969482422,109.08399963378906,109.06600189208984,109.08399963378906,0.0
2025-01-03 08:13:00+00:00,109.06999969482422,109.072998046875,109.06700134277344,109.06999969482422,0.0
2025-01-03 08:14:00+00:00,109.07099914550781,109.07599639892578,109.06999969482422,109.07099914550781,0.0
2025-01-03 08:15:00+00:00,109.0780029296875,109.0780029296875,109.06999969482422,109.07099914550781,0.0
2025-01-03 08:16:00+00:00,109.072998046875,109.0790023803711,109.06999969482422,109.0780029296875,0.0
2025-01-03 08:17:00+00:00,109.072998046875,109.0739974975586,109.06400299072266,109.072998046875,0.0
2025-01-03 08:18:00+00:00,109.08499908447266,109.08899688720703,109.072998046875,109.072998046875,0.0
2025-01-03 08:19:00+00:00,109.07499694824219,109.08499908447266,109.0719985961914,109.08499908447266,0.0
2025-01-03 08:20:00+00:00,109.07099914550781,109.0780029296875,109.06999969482422,109.07499694824219,0.0
2025-01-03 08:21:00+00:00,109.08200073242188,109.08200073242188,109.06800079345703,109.07099914550781,0.0
2025-01-03 08:22:00+00:00,109.06800079345703,109.08300018310547,109.06600189208984,109.08100128173828,0.0
2025-01-03 08:23:00+00:00,109.0719985961914,109.072998046875,109.06199645996094,109.06800079345703,0.0
2025-01-03 08:24:00+00:00,109.052001953125,109.0739974975586,109.0510025024414,109.0719985961914,0.0
2025-01-03 08:25:00+00:00,109.06300354003906,109.06400299072266,109.0459976196289,109.0510025024414,0.0
2025-01-03 08:26:00+00:00,109.08200073242188,109.08200073242188,109.06300354003906,109.06300354003906,0.0
2025-01-03 08:27:00+00:00,109.0989990234375,109.10099792480469,109.08100128173828,109.08200073242188,0.0
2025-01-03 08:28:00+00:00,109.1050033569336,109.10600280761719,109.08999633789062,109.0999984741211,0.0
2025-01-03 08:29:00+00:00,109.10199737548828,109.1050033569336,109.09600067138672,109.1050033569336,0.0
2025-01-03 08:30:00+00:00,109.11499786376953,109.11499786376953,109.10399627685547,109.10399627685547,0.0
2025-01-03 08:31:00+00:00,109.12100219726562,109.12300109863281,109.11499786376953,109.11599731445312,0.0
2025-01-03 08:32:00+00:00,109.11599731445312,109.125,109.11599731445312,109.12100219726562,0.0
2025-01-03 08:33:00+00:00,109.11299896240234,109.11799621582031,109.11000061035156,109.11599731445312,0.0
2025-01-03 08:34:00+00:00,109.12000274658203,109.12200164794922,109.11299896240234,109.11299896240234,0.0
2025-01-03 08:35:00+00:00,109.11599731445312,109.13200378417969,109.11599731445312,109.12000274658203,0.0
2025-01-03 08:36:00+00:00,109.12100219726562,109.12100219726562,109.11199951171875,109.11399841308594,0.0
2025-01-03 08:37:00+00:00,109.13200378417969,109.13200378417969,109.12200164794922,109.12200164794922,0.0
2025-01-03 08:38:00+00:00,109.1520004272461,109.1520004272461,109.12999725341797,109.13200378417969,0.0
2025-01-03 08:39:00+00:00,109.14399719238281,109.15299987792969,109.14399719238281,109.1520004272461,0.0
2025-01-03 08:40:00+00:00,109.16100311279297,109.16100311279297,109.14399719238281,109.1449966430664,0.0
2025-01-03 08:41:00+00:00,109.15599822998047,109.16600036621094,109.1520004272461,109.16100311279297,0.0
2025-01-03 08:42:00+00:00,109.15399932861328,109.15599822998047,109.14900207519531,109.15599822998047,0.0
2025-01-03 08:43:00+00:00,109.15299987792969,109.15499877929688,109.1500015258789,109.15399932861328,0.0
2025-01-03 08:44:00+00:00,109.13200378417969,109.15299987792969,109.13200378417969,109.15299987792969,0.0
2025-01-03 08:45:00+00:00,109.1240005493164,109.13500213623047,109.1240005493164,109.13200378417969,0.0
2025-01-03 08:46:00+00:00,109.11599731445312,109.12699890136719,109.11499786376953,109.1240005493164,0.0
2025-01-03 08:47:00+00:00,109.11599731445312,109.11799621582031,109.11100006103516,109.11399841308594,0.0
2025-01-03 08:48:00+00:00,109.1259994506836,109.12799835205078,109.11599731445312,109.11599731445312,0.0
2025-01-03 08:49:00+00:00,109.11699676513672,109.1259994506836,109.11100006103516,109.1259994506836,0.0
2025-01-03 08:50:00+00:00,109.11199951171875,109.11699676513672,109.11199951171875,109.11699676513672,0.0
2025-01-03 08:51:00+00:00,109.10700225830078,109.11299896240234,109.10700225830078,109.11199951171875,0.0
2025-01-03 08:52:00+00:00,109.11100006103516,109.11399841308594,109.10700225830078,109.10800170898438,0.0
2025-01-03 08:53:00+00:00,109.09300231933594,109.11100006103516,109.09300231933594,109.11100006103516,0.0
2025-01-03 08:54:00+00:00,109.08999633789062,109.09500122070312,109.08899688720703,109.09300231933594,0.0
2025-01-03 08:55:00+00:00,109.08399963378906,109.08999633789062,109.072998046875,109.08999633789062,0.0
2025-01-03 08:56:00+00:00,109.08899688720703,109.08899688720703,109.0790023803711,109.08300018310547,0.0
2025-01-03 08:57:00+00:00,109.0979995727539,109.0979995727539,109.08899688720703,109.08899688720703,0.0
2025-01-03 08:58:00+00:00,109.10299682617188,109.10800170898438,109.0979995727539,109.0979995727539,0.0
2025-01-03 08:59:00+00:00,109.11199951171875,109.11199951171875,109.10299682617188,109.10399627685547,0.0
2025-01-03 09:00:00+00:00,109.10199737548828,109.11299896240234,109.10199737548828,109.11199951171875,0.0
2025-01-03 09:01:00+00:00,109.10199737548828,109.10199737548828,109.09100341796875,109.10099792480469,0.0
2025-01-03 09:02:00+00:00,109.0989990234375,109.10700225830078,109.0989990234375,109.10099792480469,0.0
2025-01-03 09:03:00+00:00,109.08899688720703,109.10700225830078,109.08799743652344,109.0989990234375,0.0
2025-01-03 09:04:00+00:00,109.06999969482422,109.08899688720703,109.06999969482422,109.08899688720703,0.0
2025-01-03 09:05:00+00:00,109.05799865722656,109.06900024414062,109.05699920654297,109.06800079345703,0.0
2025-01-03 09:06:00+00:00,109.07099914550781,109.0719985961914,109.06099700927734,109.06099700927734,0.0
2025-01-03 09:07:00+00:00,109.06800079345703,109.072998046875,109.06099700927734,109.0719985961914,0.0
2025-01-03 09:08:00+00:00,109.05799865722656,109.06999969482422,109.05799865722656,109.06700134277344,0.0
2025-01-03 09:09:00+00:00,109.0469970703125,109.05899810791016,109.0469970703125,109.05899810791016,0.0
2025-01-03 09:10:00+00:00,108.99299621582031,109.0469970703125,108.99299621582031,109.0469970703125,0.0
2025-01-03 09:11:00+00:00,109.01100158691406,109.01200103759766,108.99400329589844,108.99400329589844,0.0
2025-01-03 09:12:00+00:00,108.99800109863281,109.01200103759766,108.99700164794922,109.01100158691406,0.0
2025-01-03 09:13:00+00:00,108.99400329589844,108.9990005493164,108.99099731445312,108.99800109863281,0.0
2025-01-03 09:14:00+00:00,108.99299621582031,108.99500274658203,108.98799896240234,108.99400329589844,0.0
2025-01-03 09:15:00+00:00,108.98899841308594,108.99199676513672,108.98400115966797,108.99199676513672,0.0
2025-01-03 09:16:00+00:00,108.98699951171875,108.98999786376953,108.98699951171875,108.98999786376953,0.0
2025-01-03 09:17:00+00:00,109.00700378417969,109.00700378417969,108.98600006103516,108.98600006103516,0.0
2025-01-03 09:18:00+00:00,109.00199890136719,109.00900268554688,108.9990005493164,109.00700378417969,0.0
2025-01-03 09:19:00+00:00,108.98799896240234,109.00399780273438,108.98799896240234,109.00199890136719,0.0
2025-01-03 09:20:00+00:00,108.95700073242188,108.98799896240234,108.95500183105469,108.98799896240234,0.0
2025-01-03 09:21:00+00:00,108.95700073242188,108.96399688720703,108.9540023803711,108.95700073242188,0.0
2025-01-03 09:22:00+00:00,108.96099853515625,108.96099853515625,108.9540023803711,108.95800018310547,0.0
2025-01-03 09:23:00+00:00,108.95600128173828,108.96099853515625,108.9489974975586,108.96099853515625,0.0
2025-01-03 09:24:00+00:00,108.9530029296875,108.95999908447266,108.9520034790039,108.95600128173828,0.0
2025-01-03 09:25:00+00:00,108.9520034790039,108.95899963378906,108.95099639892578,108.9530029296875,0.0
2025-01-03 09:26:00+00:00,108.96099853515625,108.96199798583984,108.9530029296875,108.9530029296875,0.0
2025-01-03 09:27:00+00:00,108.9540023803711,108.96099853515625,108.94999694824219,108.96099853515625,0.0
2025-01-03 09:28:00+00:00,108.96900177001953,108.97200012207031,108.9530029296875,108.9530029296875,0.0
2025-01-03 09:29:00+00:00,108.9749984741211,108.98300170898438,108.96800231933594,108.96800231933594,0.0
2025-01-03 09:30:00+00:00,108.96099853515625,108.97599792480469,108.96099853515625,108.97599792480469,0.0
2025-01-03 09:31:00+00:00,108.9530029296875,108.95700073242188,108.94999694824219,108.95700073242188,0.0
2025-01-03 09:32:00+00:00,108.94999694824219,108.9530029296875,108.94200134277344,108.9530029296875,0.0
2025-01-03 09:33:00+00:00,108.9540023803711,108.9540023803711,108.94999694824219,108.94999694824219,0.0
2025-01-03 09:34:00+00:00,108.96800231933594,108.97000122070312,108.95500183105469,108.95500183105469,0.0
2025-01-03 09:35:00+00:00,108.98999786376953,108.98999786376953,108.96499633789062,108.96700286865234,0.0
2025-01-03 09:36:00+00:00,109.00399780273438,109.00399780273438,108.98699951171875,108.98999786376953,0.0
2025-01-03 09:37:00+00:00,109.00499725341797,109.00900268554688,109.00199890136719,109.00299835205078,0.0
2025-01-03 09:38:00+00:00,109.00299835205078,109.00900268554688,108.99500274658203,109.00499725341797,0.0
2025-01-03 09:39:00+00:00,108.9990005493164,109.00399780273438,108.99700164794922,109.00199890136719,0.0
2025-01-03 09:40:00+00:00,109.00599670410156,109.01100158691406,108.99800109863281,108.99800109863281,0.0
2025-01-03 09:41:00+00:00,109.0009994506836,109.00499725341797,109.0,109.00499725341797,0.0
2025-01-03 09:42:00+00:00,109.00900268554688,109.00900268554688,109.0009994506836,109.0009994506836,0.0
2025-01-03 09:43:00+00:00,109.01799774169922,109.01799774169922,109.00700378417969,109.00900268554688,0.0
2025-01-03 09:44:00+00:00,109.0270004272461,109.0270004272461,109.01599884033203,109.01799774169922,0.0
2025-01-03 09:45:00+00:00,109.03299713134766,109.03299713134766,109.02200317382812,109.0260009765625,0.0
2025-01-03 09:46:00+00:00,109.02899932861328,109.03800201416016,109.0270004272461,109.03299713134766,0.0
2025-01-03 09:47:00+00:00,109.03199768066406,109.03299713134766,109.02999877929688,109.02999877929688,0.0
2025-01-03 09:48:00+00:00,109.0270004272461,109.03600311279297,109.0270004272461,109.03199768066406,0.0
2025-01-03 09:49:00+00:00,109.02999877929688,109.02999877929688,109.01799774169922,109.0270004272461,0.0
2025-01-03 09:50:00+00:00,109.04000091552734,109.04000091552734,109.02899932861328,109.02899932861328,0.0
2025-01-03 09:51:00+00:00,109.0260009765625,109.04399871826172,109.0260009765625,109.04000091552734,0.0
2025-01-03 09:52:00+00:00,109.03099822998047,109.03099822998047,109.01899719238281,109.0260009765625,0.0
2025-01-03 09:53:00+00:00,109.03199768066406,109.03299713134766,109.03099822998047,109.03099822998047,0.0
2025-01-03 09:54:00+00:00,109.02999877929688,109.03399658203125,109.02899932861328,109.03199768066406,0.0
2025-01-03 09:55:00+00:00,109.03399658203125,109.03700256347656,109.02899932861328,109.02999877929688,0.0
2025-01-03 09:56:00+00:00,109.02200317382812,109.03600311279297,109.02200317382812,109.03500366210938,0.0
2025-01-03 09:57:00+00:00,109.03500366210938,109.03600311279297,109.02200317382812,109.02300262451172,0.0
2025-01-03 09:58:00+00:00,109.02400207519531,109.03800201416016,109.02400207519531,109.03399658203125,0.0
2025-01-03 09:59:00+00:00,109.0250015258789,109.0260009765625,109.02200317382812,109.02400207519531,0.0
2025-01-03 10:00:00+00:00,109.01699829101562,109.02400207519531,109.00900268554688,109.02400207519531,0.0
2025-01-03 10:01:00+00:00,108.99800109863281,109.01699829101562,108.99700164794922,109.01699829101562,0.0
2025-01-03 10:02:00+00:00,109.0,109.00299835205078,108.99400329589844,108.99700164794922,0.0
2025-01-03 10:03:00+00:00,109.0,109.00299835205078,109.0,109.0009994506836,0.0
2025-01-03 10:04:00+00:00,109.00900268554688,109.00900268554688,109.0,109.0,0.0
2025-01-03 10:05:00+00:00,109.0199966430664,109.02200317382812,109.01000213623047,109.01000213623047,0.0
2025-01-03 10:06:00+00:00,109.01300048828125,109.02100372314453,109.01300048828125,109.0199966430664,0.0
2025-01-03 10:07:00+00:00,109.03199768066406,109.03399658203125,109.01200103759766,109.01300048828125,0.0
2025-01-03 10:08:00+00:00,109.03700256347656,109.03800201416016,109.03199768066406,109.03199768066406,0.0
2025-01-03 10:09:00+00:00,109.04499816894531,109.0459976196289,109.03299713134766,109.03700256347656,0.0
2025-01-03 10:10:00+00:00,109.06099700927734,109.06099700927734,109.0459976196289,109.0459976196289,0.0
2025-01-03 10:11:00+00:00,109.06800079345703,109.06800079345703,109.06099700927734,109.06099700927734,0.0
2025-01-03 10:12:00+00:00,109.07099914550781,109.0719985961914,109.06400299072266,109.06800079345703,0.0
2025-01-03 10:13:00+00:00,109.0790023803711,109.08000183105469,109.07099914550781,109.07099914550781,0.0
2025-01-03 10:14:00+00:00,109.06800079345703,109.08000183105469,109.06800079345703,109.0790023803711,0.0
2025-01-03 10:15:00+00:00,109.06600189208984,109.06999969482422,109.06600189208984,109.06800079345703,0.0
2025-01-03 10:16:00+00:00,109.06800079345703,109.06999969482422,109.06500244140625,109.06600189208984,0.0
2025-01-03 10:17:00+00:00,109.08100128173828,109.08100128173828,109.06800079345703,109.06800079345703,0.0
2025-01-03 10:18:00+00:00,109.08699798583984,109.09300231933594,109.08100128173828,109.08100128173828,0.0
2025-01-03 10:19:00+00:00,109.08300018310547,109.09500122070312,109.08300018310547,109.08899688720703,0.0
2025-01-03 10:20:00+00:00,109.09100341796875,109.09200286865234,109.08599853515625,109.08599853515625,0.0
2025-01-03 10:21:00+00:00,109.0780029296875,109.09100341796875,109.07499694824219,109.08999633789062,0.0
2025-01-03 10:22:00+00:00,109.08599853515625,109.08799743652344,109.0719985961914,109.0780029296875,0.0
2025-01-03 10:23:00+00:00,109.0989990234375,109.0999984741211,109.08499908447266,109.08599853515625,0.0
2025-01-03 10:24:00+00:00,109.10700225830078,109.10700225830078,109.0989990234375,109.0989990234375,0.0
2025-01-03 10:25:00+00:00,109.10800170898438,109.11000061035156,109.1050033569336,109.10800170898438,0.0
2025-01-03 10:26:00+00:00,109.11199951171875,109.11299896240234,109.10800170898438,109.10800170898438,0.0
2025-01-03 10:27:00+00:00,109.10199737548828,109.11199951171875,109.10199737548828,109.11199951171875,0.0
2025-01-03 10:28:00+00:00,109.09100341796875,109.10199737548828,109.08899688720703,109.10199737548828,0.0
2025-01-03 10:29:00+00:00,109.08999633789062,109.09300231933594,109.08999633789062,109.09100341796875,0.0
2025-01-03 10:30:00+00:00,109.09300231933594,109.09700012207031,109.08999633789062,109.08999633789062,0.0
2025-01-03 10:31:00+00:00,109.09200286865234,109.09700012207031,109.08799743652344,109.09200286865234,0.0
2025-01-03 10:32:00+00:00,109.08499908447266,109.08999633789062,109.08499908447266,109.08999633789062,0.0
2025-01-03 10:33:00+00:00,109.08000183105469,109.08599853515625,109.08000183105469,109.08499908447266,0.0
2025-01-03 10:34:00+00:00,109.07499694824219,109.08200073242188,109.07499694824219,109.08000183105469,0.0
2025-01-03 10:35:00+00:00,109.0780029296875,109.0780029296875,109.06999969482422,109.07499694824219,0.0
2025-01-03 10:36:00+00:00,109.08100128173828,109.08100128173828,109.0739974975586,109.0780029296875,0.0
2025-01-03 10:37:00+00:00,109.08699798583984,109.08899688720703,109.08100128173828,109.08100128173828,0.0
2025-01-03 10:38:00+00:00,109.08100128173828,109.09100341796875,109.0790023803711,109.08799743652344,0.0
2025-01-03 10:39:00+00:00,109.08499908447266,109.08499908447266,109.08000183105469,109.08100128173828,0.0
2025-01-03 10:40:00+00:00,109.08899688720703,109.08999633789062,109.08499908447266,109.08499908447266,0.0
2025-01-03 10:41:00+00:00,109.10399627685547,109.10399627685547,109.08999633789062,109.09100341796875,0.0
2025-01-03 10:42:00+00:00,109.0999984741211,109.10700225830078,109.09700012207031,109.10399627685547,0.0
2025-01-03 10:43:00+00:00,109.08999633789062,109.0989990234375,109.08999633789062,109.0989990234375,0.0
2025-01-03 10:44:00+00:00,109.08799743652344,109.08899688720703,109.08100128173828,109.08899688720703,0.0
2025-01-03 10:45:00+00:00,109.08599853515625,109.08999633789062,109.08599853515625,109.08899688720703,0.0
2025-01-03 10:46:00+00:00,109.09700012207031,109.09700012207031,109.08599853515625,109.08599853515625,0.0
2025-01-03 10:47:00+00:00,109.09600067138672,109.0989990234375,109.09600067138672,109.09700012207031,0.0
2025-01-03 10:48:00+00:00,109.09500122070312,109.0979995727539,109.09500122070312,109.09700012207031,0.0
2025-01-03 10:49:00+00:00,109.08999633789062,109.09500122070312,109.08699798583984,109.09500122070312,0.0
2025-01-03 10:50:00+00:00,109.10600280761719,109.10700225830078,109.08999633789062,109.08999633789062,0.0
2025-01-03 10:51:00+00:00,109.12000274658203,109.12000274658203,109.10600280761719,109.10600280761719,0.0
2025-01-03 10:52:00+00:00,109.10800170898438,109.12100219726562,109.10800170898438,109.12100219726562,0.0
2025-01-03 10:53:00+00:00,109.11000061035156,109.11100006103516,109.10700225830078,109.10900115966797,0.0
2025-01-03 10:54:00+00:00,109.10700225830078,109.11100006103516,109.1050033569336,109.11100006103516,0.0
2025-01-03 10:55:00+00:00,109.10199737548828,109.10700225830078,109.09500122070312,109.10700225830078,0.0
2025-01-03 10:56:00+00:00,109.11299896240234,109.11299896240234,109.10199737548828,109.10199737548828,0.0
2025-01-03 10:57:00+00:00,109.12699890136719,109.12799835205078,109.11199951171875,109.11199951171875,0.0
2025-01-03 10:58:00+00:00,109.12100219726562,109.12899780273438,109.12100219726562,109.12699890136719,0.0
2025-01-03 10:59:00+00:00,109.11799621582031,109.12100219726562,109.11799621582031,109.12100219726562,0.0
2025-01-03 11:00:00+00:00,109.0979995727539,109.11799621582031,109.0979995727539,109.11799621582031,0.0
2025-01-03 11:01:00+00:00,109.09300231933594,109.0999984741211,109.09300231933594,109.09700012207031,0.0
2025-01-03 11:02:00+00:00,109.09600067138672,109.10199737548828,109.09300231933594,109.09300231933594,0.0
2025-01-03 11:03:00+00:00,109.10900115966797,109.10900115966797,109.09600067138672,109.09600067138672,0.0
2025-01-03 11:04:00+00:00,109.10299682617188,109.10800170898438,109.10299682617188,109.10800170898438,0.0
2025-01-03 11:05:00+00:00,109.09400177001953,109.10399627685547,109.09400177001953,109.10399627685547,0.0
2025-01-03 11:06:00+00:00,109.0739974975586,109.09600067138672,109.0719985961914,109.09400177001953,0.0
2025-01-03 11:07:00+00:00,109.072998046875,109.0770034790039,109.06999969482422,109.07499694824219,0.0
2025-01-03 11:08:00+00:00,109.072998046875,109.0739974975586,109.06800079345703,109.07099914550781,0.0
2025-01-03 11:09:00+00:00,109.05899810791016,109.072998046875,109.05899810791016,109.072998046875,0.0
2025-01-03 11:10:00+00:00,109.0479965209961,109.05899810791016,109.04499816894531,109.05899810791016,0.0
2025-01-03 11:11:00+00:00,109.0479965209961,109.052001953125,109.04499816894531,109.04900360107422,0.0
2025-01-03 11:12:00+00:00,109.04900360107422,109.05000305175781,109.04499816894531,109.0479965209961,0.0
2025-01-03 11:13:00+00:00,109.0469970703125,109.05400085449219,109.0469970703125,109.04900360107422,0.0
2025-01-03 11:14:00+00:00,109.05000305175781,109.0510025024414,109.05000305175781,109.05000305175781,0.0
2025-01-03 11:15:00+00:00,109.05400085449219,109.05400085449219,109.04900360107422,109.05000305175781,0.0
2025-01-03 11:16:00+00:00,109.04000091552734,109.05400085449219,109.04000091552734,109.05400085449219,0.0
2025-01-03 11:17:00+00:00,109.0260009765625,109.03900146484375,109.0250015258789,109.03900146484375,0.0
2025-01-03 11:18:00+00:00,109.0250015258789,109.0260009765625,109.01899719238281,109.0260009765625,0.0
2025-01-03 11:19:00+00:00,109.02400207519531,109.0250015258789,109.02300262451172,109.02400207519531,0.0
2025-01-03 11:20:00+00:00,109.02100372314453,109.0250015258789,109.0199966430664,109.02400207519531,0.0
2025-01-03 11:21:00+00:00,109.01399993896484,109.02200317382812,109.01300048828125,109.02200317382812,0.0
2025-01-03 11:22:00+00:00,108.99800109863281,109.01300048828125,108.99800109863281,109.01300048828125,0.0
2025-01-03 11:23:00+00:00,108.99299621582031,108.99800109863281,108.99299621582031,108.99800109863281,0.0
2025-01-03 11:24:00+00:00,108.97699737548828,108.99299621582031,108.97599792480469,108.99299621582031,0.0
2025-01-03 11:25:00+00:00,108.96499633789062,108.97699737548828,108.96499633789062,108.97699737548828,0.0
2025-01-03 11:26:00+00:00,108.96199798583984,108.96499633789062,108.95899963378906,108.96499633789062,0.0
2025-01-03 11:27:00+00:00,108.9530029296875,108.96099853515625,108.9530029296875,108.96099853515625,0.0
2025-01-03 11:28:00+00:00,108.96199798583984,108.96299743652344,108.9530029296875,108.9530029296875,0.0
2025-01-03 11:29:00+00:00,108.96299743652344,108.96499633789062,108.95999908447266,108.96199798583984,0.0
2025-01-03 11:30:00+00:00,108.98400115966797,108.98400115966797,108.96299743652344,108.96299743652344,0.0
2025-01-03 11:31:00+00:00,109.00399780273438,109.00499725341797,108.98600006103516,108.98600006103516,0.0
2025-01-03 11:32:00+00:00,109.00800323486328,109.01200103759766,109.00399780273438,109.00399780273438,0.0
2025-01-03 11:33:00+00:00,109.00499725341797,109.01000213623047,109.00199890136719,109.00800323486328,0.0
2025-01-03 11:34:00+00:00,109.00399780273438,109.00599670410156,109.00199890136719,109.00499725341797,0.0
2025-01-03 11:35:00+00:00,108.99500274658203,109.00199890136719,108.99400329589844,109.00199890136719,0.0
2025-01-03 11:36:00+00:00,108.99299621582031,108.99500274658203,108.99199676513672,108.99500274658203,0.0
2025-01-03 11:37:00+00:00,108.97799682617188,108.99299621582031,108.97799682617188,108.99299621582031,0.0
2025-01-03 11:38:00+00:00,108.97699737548828,108.97899627685547,108.97599792480469,108.97799682617188,0.0
2025-01-03 11:39:00+00:00,108.9800033569336,108.98500061035156,108.97599792480469,108.97599792480469,0.0
2025-01-03 11:40:00+00:00,108.9800033569336,108.98300170898438,108.97799682617188,108.97899627685547,0.0
2025-01-03 11:41:00+00:00,108.97100067138672,108.9800033569336,108.96600341796875,108.9800033569336,0.0
2025-01-03 11:42:00+00:00,108.96199798583984,108.97000122070312,108.96099853515625,108.97000122070312,0.0
2025-01-03 11:43:00+00:00,108.96399688720703,108.96499633789062,108.96099853515625,108.96099853515625,0.0
2025-01-03 11:44:00+00:00,108.94999694824219,108.96499633789062,108.94999694824219,108.96499633789062,0.0
2025-01-03 11:45:00+00:00,108.947998046875,108.9530029296875,108.9469985961914,108.95099639892578,0.0
2025-01-03 11:46:00+00:00,108.9520034790039,108.9520034790039,108.947998046875,108.947998046875,0.0
2025-01-03 11:47:00+00:00,108.9489974975586,108.9540023803711,108.9489974975586,108.9530029296875,0.0
2025-01-03 11:48:00+00:00,108.94499969482422,108.95600128173828,108.94499969482422,108.947998046875,0.0
2025-01-03 11:49:00+00:00,108.93099975585938,108.94400024414062,108.93099975585938,108.94400024414062,0.0
2025-01-03 11:50:00+00:00,108.9280014038086,108.93000030517578,108.9280014038086,108.93000030517578,0.0
2025-01-03 11:51:00+00:00,108.93299865722656,108.93599700927734,108.9280014038086,108.9280014038086,0.0
2025-01-03 11:52:00+00:00,108.927001953125,108.93199920654297,108.927001953125,108.93199920654297,0.0
2025-01-03 11:53:00+00:00,108.93800354003906,108.94000244140625,108.927001953125,108.927001953125,0.0
2025-01-03 11:54:00+00:00,108.93399810791016,108.94200134277344,108.93299865722656,108.93800354003906,0.0
2025-01-03 11:55:00+00:00,108.93199920654297,108.93599700927734,108.93000030517578,108.93399810791016,0.0
2025-01-03 11:56:00+00:00,108.93699645996094,108.94100189208984,108.93099975585938,108.93199920654297,0.0
2025-01-03 11:57:00+00:00,108.95600128173828,108.95600128173828,108.93699645996094,108.93699645996094,0.0
2025-01-03 11:58:00+00:00,108.95600128173828,108.95700073242188,108.9530029296875,108.95600128173828,0.0
2025-01-03 11:59:00+00:00,108.96800231933594,108.96800231933594,108.95600128173828,108.95600128173828,0.0
2025-01-03 12:00:00+00:00,108.96800231933594,108.9729995727539,108.96700286865234,108.96800231933594,0.0
2025-01-03 12:01:00+00:00,108.96499633789062,108.96700286865234,108.96099853515625,108.96600341796875,0.0
2025-01-03 12:02:00+00:00,108.96399688720703,108.96700286865234,108.95700073242188,108.96499633789062,0.0
2025-01-03 12:03:00+00:00,108.9800033569336,108.9800033569336,108.96399688720703,108.96499633789062,0.0
2025-01-03 12:04:00+00:00,108.9729995727539,108.98699951171875,108.9729995727539,108.98100280761719,0.0
2025-01-03 12:05:00+00:00,108.95600128173828,108.9729995727539,108.95600128173828,108.9729995727539,0.0
2025-01-03 12:06:00+00:00,108.9540023803711,108.96199798583984,108.9540023803711,108.95600128173828,0.0
2025-01-03 12:07:00+00:00,108.94499969482422,108.95500183105469,108.94400024414062,108.95500183105469,0.0
2025-01-03 12:08:00+00:00,108.9469985961914,108.9469985961914,108.94400024414062,108.94499969482422,0.0
2025-01-03 12:09:00+00:00,108.95700073242188,108.95700073242188,108.94200134277344,108.9469985961914,0.0
2025-01-03 12:10:00+00:00,108.97799682617188,108.98300170898438,108.95700073242188,108.95700073242188,0.0
2025-01-03 12:11:00+00:00,108.97799682617188,108.98600006103516,108.97699737548828,108.97699737548828,0.0
2025-01-03 12:12:00+00:00,108.97599792480469,108.98600006103516,108.97599792480469,108.97899627685547,0.0
2025-01-03 12:13:00+00:00,108.97000122070312,108.97599792480469,108.96800231933594,108.97599792480469,0.0
2025-01-03 12:14:00+00:00,108.96900177001953,108.97100067138672,108.96600341796875,108.97000122070312,0.0
2025-01-03 12:15:00+00:00,108.97100067138672,108.9749984741211,108.96700286865234,108.96900177001953,0.0
2025-01-03 12:16:00+00:00,108.97699737548828,108.97699737548828,108.96900177001953,108.97000122070312,0.0
2025-01-03 12:18:00+00:00,108.9800033569336,108.9800033569336,108.96600341796875,108.96600341796875,0.0
2025-01-03 12:19:00+00:00,108.98400115966797,108.98400115966797,108.97799682617188,108.9800033569336,0.0
2025-01-03 12:20:00+00:00,108.98600006103516,108.98999786376953,108.9800033569336,108.98400115966797,0.0
2025-01-03 12:21:00+00:00,108.98500061035156,108.98899841308594,108.98200225830078,108.98600006103516,0.0
2025-01-03 12:22:00+00:00,108.97100067138672,108.98400115966797,108.97100067138672,108.98400115966797,0.0
2025-01-03 12:23:00+00:00,108.98400115966797,108.98400115966797,108.97100067138672,108.97100067138672,0.0
2025-01-03 12:24:00+00:00,108.97599792480469,108.98500061035156,108.97599792480469,108.98300170898438,0.0
2025-01-03 12:25:00+00:00,108.97799682617188,108.98100280761719,108.97599792480469,108.97599792480469,0.0
2025-01-03 12:26:00+00:00,108.98600006103516,108.98600006103516,108.9749984741211,108.97799682617188,0.0
2025-01-03 12:27:00+00:00,108.97699737548828,108.98699951171875,108.97699737548828,108.98600006103516,0.0
2025-01-03 12:28:00+00:00,108.97100067138672,108.97699737548828,108.97100067138672,108.97699737548828,0.0
2025-01-03 12:29:00+00:00,108.96900177001953,108.9729995727539,108.96800231933594,108.9729995727539,0.0
2025-01-03 12:30:00+00:00,108.95899963378906,108.97100067138672,108.95800018310547,108.97000122070312,0.0
2025-01-03 12:31:00+00:00,108.96099853515625,108.96099853515625,108.95500183105469,108.95800018310547,0.0
2025-01-03 12:32:00+00:00,108.96099853515625,108.96099853515625,108.95800018310547,108.95999908447266,0.0
2025-01-03 12:33:00+00:00,108.9489974975586,108.96700286865234,108.9489974975586,108.95899963378906,0.0
2025-01-03 12:34:00+00:00,108.9469985961914,108.9520034790039,108.9469985961914,108.94999694824219,0.0
2025-01-03 12:35:00+00:00,108.93900299072266,108.9469985961914,108.93800354003906,108.94599914550781,0.0
2025-01-03 12:36:00+00:00,108.93499755859375,108.94000244140625,108.93499755859375,108.93900299072266,0.0
2025-01-03 12:37:00+00:00,108.92900085449219,108.93399810791016,108.9280014038086,108.93399810791016,0.0
2025-01-03 12:38:00+00:00,108.93800354003906,108.94200134277344,108.9280014038086,108.92900085449219,0.0
2025-01-03 12:39:00+00:00,108.93699645996094,108.94200134277344,108.93699645996094,108.93800354003906,0.0
2025-01-03 12:40:00+00:00,108.93099975585938,108.93599700927734,108.93000030517578,108.93599700927734,0.0
2025-01-03 12:41:00+00:00,108.93399810791016,108.93399810791016,108.93000030517578,108.93000030517578,0.0
2025-01-03 12:42:00+00:00,108.94599914550781,108.94599914550781,108.93299865722656,108.93399810791016,0.0
2025-01-03 12:43:00+00:00,108.96199798583984,108.96199798583984,108.94400024414062,108.94599914550781,0.0
2025-01-03 12:44:00+00:00,108.9540023803711,108.96299743652344,108.9540023803711,108.96199798583984,0.0
2025-01-03 12:45:00+00:00,108.94999694824219,108.9540023803711,108.947998046875,108.9540023803711,0.0
2025-01-03 12:46:00+00:00,108.94599914550781,108.95099639892578,108.94499969482422,108.95099639892578,0.0
2025-01-03 12:47:00+00:00,108.9489974975586,108.9489974975586,108.93900299072266,108.9469985961914,0.0
2025-01-03 12:48:00+00:00,108.9469985961914,108.95600128173828,108.9469985961914,108.95099639892578,0.0
2025-01-03 12:49:00+00:00,108.94100189208984,108.947998046875,108.93800354003906,108.9469985961914,0.0
2025-01-03 12:50:00+00:00,108.93800354003906,108.94200134277344,108.93699645996094,108.94000244140625,0.0
2025-01-03 12:51:00+00:00,108.92900085449219,108.93800354003906,108.927001953125,108.93800354003906,0.0
2025-01-03 12:52:00+00:00,108.94300079345703,108.94400024414062,108.92900085449219,108.92900085449219,0.0
2025-01-03 12:53:00+00:00,108.95899963378906,108.95899963378906,108.94100189208984,108.94300079345703,0.0
2025-01-03 12:54:00+00:00,108.96299743652344,108.96700286865234,108.95899963378906,108.96099853515625,0.0
2025-01-03 12:55:00+00:00,108.96399688720703,108.97000122070312,108.95800018310547,108.96299743652344,0.0
2025-01-03 12:56:00+00:00,108.9729995727539,108.9739990234375,108.96399688720703,108.96399688720703,0.0
2025-01-03 12:57:00+00:00,108.9729995727539,108.97799682617188,108.97200012207031,108.9729995727539,0.0
2025-01-03 12:58:00+00:00,108.9749984741211,108.9749984741211,108.96900177001953,108.9729995727539,0.0
2025-01-03 12:59:00+00:00,108.97599792480469,108.97599792480469,108.97000122070312,108.9739990234375,0.0
2025-01-03 13:00:00+00:00,108.97200012207031,108.97599792480469,108.96700286865234,108.97599792480469,0.0
2025-01-03 13:01:00+00:00,108.97000122070312,108.9729995727539,108.96800231933594,108.97200012207031,0.0
2025-01-03 13:02:00+00:00,108.95700073242188,108.97000122070312,108.95500183105469,108.97000122070312,0.0
2025-01-03 13:03:00+00:00,108.9469985961914,108.95700073242188,108.94300079345703,108.95700073242188,0.0
2025-01-03 13:04:00+00:00,108.947998046875,108.947998046875,108.93800354003906,108.947998046875,0.0
2025-01-03 13:05:00+00:00,108.9530029296875,108.9530029296875,108.947998046875,108.947998046875,0.0
2025-01-03 13:06:00+00:00,108.95500183105469,108.95500183105469,108.9489974975586,108.95099639892578,0.0
2025-01-03 13:07:00+00:00,108.96299743652344,108.96600341796875,108.9540023803711,108.9540023803711,0.0
2025-01-03 13:08:00+00:00,108.95500183105469,108.96299743652344,108.95500183105469,108.96299743652344,0.0
2025-01-03 13:09:00+00:00,108.9530029296875,108.96299743652344,108.9520034790039,108.95500183105469,0.0
2025-01-03 13:10:00+00:00,108.95800018310547,108.95999908447266,108.9530029296875,108.9530029296875,0.0
2025-01-03 13:11:00+00:00,108.94200134277344,108.95800018310547,108.94200134277344,108.95800018310547,0.0
2025-01-03 13:12:00+00:00,108.95500183105469,108.95500183105469,108.94100189208984,108.94200134277344,0.0
2025-01-03 13:13:00+00:00,108.97699737548828,108.97699737548828,108.95700073242188,108.95700073242188,0.0
2025-01-03 13:14:00+00:00,108.97000122070312,108.98200225830078,108.97000122070312,108.97699737548828,0.0
2025-01-03 13:15:00+00:00,108.98200225830078,108.98200225830078,108.96299743652344,108.96700286865234,0.0
2025-01-03 13:16:00+00:00,108.98500061035156,108.98500061035156,108.98100280761719,108.98300170898438,0.0
2025-01-03 13:17:00+00:00,108.99099731445312,108.99299621582031,108.98500061035156,108.98500061035156,0.0
2025-01-03 13:18:00+00:00,108.98600006103516,108.99099731445312,108.98400115966797,108.99099731445312,0.0
2025-01-03 13:19:00+00:00,108.99500274658203,108.99500274658203,108.98600006103516,108.98699951171875,0.0
2025-01-03 13:20:00+00:00,109.01100158691406,109.01100158691406,108.99600219726562,108.99600219726562,0.0
2025-01-03 13:21:00+00:00,108.99700164794922,109.01100158691406,108.99199676513672,109.01100158691406,0.0
2025-01-03 13:22:00+00:00,109.00700378417969,109.00800323486328,108.99700164794922,108.99700164794922,0.0
2025-01-03 13:23:00+00:00,109.02200317382812,109.02300262451172,109.00700378417969,109.00700378417969,0.0
2025-01-03 13:24:00+00:00,109.00299835205078,109.02200317382812,109.00199890136719,109.02200317382812,0.0
2025-01-03 13:25:00+00:00,109.01300048828125,109.01399993896484,108.9990005493164,109.00299835205078,0.0
2025-01-03 13:26:00+00:00,108.99099731445312,109.01399993896484,108.99099731445312,109.01300048828125,0.0
2025-01-03 13:27:00+00:00,109.01399993896484,109.01599884033203,108.99199676513672,108.99199676513672,0.0
2025-01-03 13:28:00+00:00,109.00399780273438,109.01399993896484,109.00399780273438,109.01399993896484,0.0
2025-01-03 13:29:00+00:00,108.99700164794922,109.00399780273438,108.99299621582031,109.00399780273438,0.0
2025-01-03 13:30:00+00:00,108.9800033569336,109.0009994506836,108.9800033569336,108.99700164794922,0.0
2025-01-03 13:31:00+00:00,108.96299743652344,108.98100280761719,108.96199798583984,108.9800033569336,0.0
2025-01-03 13:32:00+00:00,108.95999908447266,108.96900177001953,108.95999908447266,108.96299743652344,0.0
2025-01-03 13:33:00+00:00,108.96199798583984,108.96399688720703,108.95899963378906,108.95999908447266,0.0
2025-01-03 13:34:00+00:00,108.96499633789062,108.96600341796875,108.95999908447266,108.96099853515625,0.0
2025-01-03 13:35:00+00:00,108.9749984741211,108.97599792480469,108.96299743652344,108.96299743652344,0.0
2025-01-03 13:36:00+00:00,108.98400115966797,108.98500061035156,108.97599792480469,108.97599792480469,0.0
2025-01-03 13:37:00+00:00,108.98999786376953,108.98999786376953,108.98100280761719,108.98400115966797,0.0
2025-01-03 13:38:00+00:00,109.0009994506836,109.00199890136719,108.98899841308594,108.98899841308594,0.0
2025-01-03 13:39:00+00:00,108.98699951171875,109.0009994506836,108.98699951171875,109.0009994506836,0.0
2025-01-03 13:40:00+00:00,108.98100280761719,108.98699951171875,108.9800033569336,108.98699951171875,0.0
2025-01-03 13:41:00+00:00,108.97200012207031,108.98699951171875,108.97100067138672,108.98100280761719,0.0
2025-01-03 13:42:00+00:00,108.96299743652344,108.97200012207031,108.96299743652344,108.97200012207031,0.0
2025-01-03 13:43:00+00:00,108.96099853515625,108.96299743652344,108.9540023803711,108.96299743652344,0.0
2025-01-03 13:44:00+00:00,108.96199798583984,108.97000122070312,108.96099853515625,108.96099853515625,0.0
2025-01-03 13:45:00+00:00,108.95600128173828,108.96199798583984,108.95600128173828,108.96199798583984,0.0
2025-01-03 13:46:00+00:00,108.95700073242188,108.95800018310547,108.95500183105469,108.95600128173828,0.0
2025-01-03 13:47:00+00:00,108.96900177001953,108.9749984741211,108.95700073242188,108.95700073242188,0.0
2025-01-03 13:48:00+00:00,108.97799682617188,108.9800033569336,108.96900177001953,108.96900177001953,0.0
2025-01-03 13:49:00+00:00,108.97699737548828,108.98200225830078,108.9739990234375,108.97799682617188,0.0
2025-01-03 13:50:00+00:00,108.99299621582031,108.99299621582031,108.97599792480469,108.97699737548828,0.0
2025-01-03 13:51:00+00:00,109.00399780273438,109.00399780273438,108.98300170898438,108.99299621582031,0.0
2025-01-03 13:52:00+00:00,109.01499938964844,109.01499938964844,109.00199890136719,109.00399780273438,0.0
2025-01-03 13:53:00+00:00,109.01499938964844,109.01699829101562,109.01300048828125,109.01399993896484,0.0
2025-01-03 13:54:00+00:00,109.00499725341797,109.01599884033203,109.0009994506836,109.01499938964844,0.0
2025-01-03 13:55:00+00:00,108.9990005493164,109.00800323486328,108.9990005493164,109.00499725341797,0.0
2025-01-03 13:56:00+00:00,109.00399780273438,109.00399780273438,108.99099731445312,108.99800109863281,0.0
2025-01-03 13:57:00+00:00,109.0260009765625,109.0260009765625,109.00399780273438,109.00399780273438,0.0
2025-01-03 13:58:00+00:00,109.01899719238281,109.02799987792969,109.01699829101562,109.0260009765625,0.0
2025-01-03 13:59:00+00:00,109.01300048828125,109.0260009765625,109.01200103759766,109.02100372314453,0.0
2025-01-03 14:00:00+00:00,109.0199966430664,109.0250015258789,109.01200103759766,109.01200103759766,0.0
2025-01-03 14:01:00+00:00,109.0270004272461,109.0270004272461,109.01799774169922,109.0199966430664,0.0
2025-01-03 14:02:00+00:00,109.03800201416016,109.04100036621094,109.0260009765625,109.0270004272461,0.0
2025-01-03 14:03:00+00:00,109.03399658203125,109.04299926757812,109.03399658203125,109.03900146484375,0.0
2025-01-03 14:04:00+00:00,109.03700256347656,109.03900146484375,109.03399658203125,109.03399658203125,0.0
2025-01-03 14:05:00+00:00,109.03500366210938,109.0459976196289,109.0270004272461,109.03700256347656,0.0
2025-01-03 14:06:00+00:00,109.02999877929688,109.04000091552734,109.02799987792969,109.03500366210938,0.0
2025-01-03 14:07:00+00:00,109.0459976196289,109.0459976196289,109.02999877929688,109.02999877929688,0.0
2025-01-03 14:08:00+00:00,109.05400085449219,109.05500030517578,109.04399871826172,109.04499816894531,0.0
2025-01-03 14:09:00+00:00,109.0459976196289,109.05699920654297,109.0459976196289,109.0530014038086,0.0
2025-01-03 14:10:00+00:00,109.04499816894531,109.05000305175781,109.03700256347656,109.0459976196289,0.0
2025-01-03 14:11:00+00:00,109.03700256347656,109.04499816894531,109.03500366210938,109.04499816894531,0.0
2025-01-03 14:12:00+00:00,109.04000091552734,109.04199981689453,109.03700256347656,109.03800201416016,0.0
2025-01-03 14:13:00+00:00,109.0270004272461,109.03900146484375,109.0250015258789,109.03900146484375,0.0
2025-01-03 14:14:00+00:00,109.04000091552734,109.04100036621094,109.0199966430664,109.0250015258789,0.0
2025-01-03 14:15:00+00:00,109.02300262451172,109.04000091552734,109.02300262451172,109.04000091552734,0.0
2025-01-03 14:16:00+00:00,109.03199768066406,109.03700256347656,109.02400207519531,109.02400207519531,0.0
2025-01-03 14:17:00+00:00,109.0270004272461,109.03399658203125,109.0260009765625,109.03199768066406,0.0
2025-01-03 14:18:00+00:00,109.03399658203125,109.03700256347656,109.0260009765625,109.0260009765625,0.0
2025-01-03 14:19:00+00:00,109.01799774169922,109.03500366210938,109.01799774169922,109.03199768066406,0.0
2025-01-03 14:20:00+00:00,109.02300262451172,109.02300262451172,109.00599670410156,109.01699829101562,0.0
2025-01-03 14:21:00+00:00,109.01599884033203,109.02400207519531,109.01399993896484,109.02300262451172,0.0
2025-01-03 14:22:00+00:00,109.0199966430664,109.02100372314453,109.00900268554688,109.01499938964844,0.0
2025-01-03 14:23:00+00:00,109.01499938964844,109.02400207519531,109.01399993896484,109.01899719238281,0.0
2025-01-03 14:24:00+00:00,109.01100158691406,109.02100372314453,109.01000213623047,109.01499938964844,0.0
2025-01-03 14:25:00+00:00,109.01499938964844,109.01499938964844,109.00399780273438,109.01100158691406,0.0
2025-01-03 14:26:00+00:00,109.01499938964844,109.02200317382812,109.01499938964844,109.01499938964844,0.0
2025-01-03 14:27:00+00:00,109.01699829101562,109.01899719238281,109.01399993896484,109.01499938964844,0.0
2025-01-03 14:28:00+00:00,109.0250015258789,109.0260009765625,109.01799774169922,109.01799774169922,0.0
2025-01-03 14:29:00+00:00,109.02899932861328,109.03099822998047,109.0260009765625,109.0260009765625,0.0
2025-01-03 14:30:00+00:00,109.02300262451172,109.02899932861328,109.02300262451172,109.02899932861328,0.0
2025-01-03 14:31:00+00:00,109.03600311279297,109.03700256347656,109.02200317382812,109.02200317382812,0.0
2025-01-03 14:32:00+00:00,109.04499816894531,109.04499816894531,109.03600311279297,109.03700256347656,0.0
2025-01-03 14:33:00+00:00,109.01699829101562,109.04399871826172,109.01699829101562,109.04399871826172,0.0
2025-01-03 14:34:00+00:00,109.01200103759766,109.01799774169922,109.00199890136719,109.01699829101562,0.0
2025-01-03 14:35:00+00:00,109.03600311279297,109.03600311279297,109.01200103759766,109.01200103759766,0.0
2025-01-03 14:36:00+00:00,109.03099822998047,109.03600311279297,109.0250015258789,109.03600311279297,0.0
2025-01-03 14:37:00+00:00,109.03500366210938,109.03600311279297,109.02999877929688,109.03099822998047,0.0
2025-01-03 14:38:00+00:00,109.0270004272461,109.03700256347656,109.0260009765625,109.03700256347656,0.0
2025-01-03 14:39:00+00:00,109.01399993896484,109.02799987792969,109.01399993896484,109.0270004272461,0.0
2025-01-03 14:40:00+00:00,109.00399780273438,109.01499938964844,108.99800109863281,109.01399993896484,0.0
2025-01-03 14:41:00+00:00,108.98300170898438,109.00399780273438,108.97799682617188,109.00399780273438,0.0
2025-01-03 14:42:00+00:00,108.98400115966797,108.99500274658203,108.97899627685547,108.98200225830078,0.0
2025-01-03 14:43:00+00:00,108.98400115966797,108.98699951171875,108.98200225830078,108.98400115966797,0.0
2025-01-03 14:44:00+00:00,108.97899627685547,108.98899841308594,108.97699737548828,108.98500061035156,0.0
2025-01-03 14:45:00+00:00,108.98899841308594,108.98899841308594,108.9800033569336,108.9800033569336,0.0
2025-01-03 14:46:00+00:00,108.98500061035156,108.99099731445312,108.98300170898438,108.98999786376953,0.0
2025-01-03 14:47:00+00:00,108.98300170898438,108.98500061035156,108.9800033569336,108.98500061035156,0.0
2025-01-03 14:48:00+00:00,108.98200225830078,108.98799896240234,108.9749984741211,108.98200225830078,0.0
2025-01-03 14:49:00+00:00,108.97799682617188,108.98600006103516,108.97799682617188,108.98200225830078,0.0
2025-01-03 14:50:00+00:00,108.98699951171875,108.98799896240234,108.97799682617188,108.97799682617188,0.0
2025-01-03 14:51:00+00:00,108.98100280761719,108.98600006103516,108.9729995727539,108.98600006103516,0.0
2025-01-03 14:52:00+00:00,108.97100067138672,108.9800033569336,108.96800231933594,108.9800033569336,0.0
2025-01-03 14:53:00+00:00,108.97200012207031,108.97200012207031,108.96700286865234,108.97200012207031,0.0
2025-01-03 14:54:00+00:00,108.97000122070312,108.97799682617188,108.96800231933594,108.97200012207031,0.0
2025-01-03 14:55:00+00:00,108.96600341796875,108.97000122070312,108.96600341796875,108.97000122070312,0.0
2025-01-03 14:56:00+00:00,108.96800231933594,108.97699737548828,108.96700286865234,108.96700286865234,0.0
2025-01-03 14:57:00+00:00,108.96099853515625,108.96900177001953,108.95600128173828,108.96800231933594,0.0
2025-01-03 14:58:00+00:00,108.94000244140625,108.96199798583984,108.94000244140625,108.96199798583984,0.0
2025-01-03 14:59:00+00:00,108.93900299072266,108.94599914550781,108.93199920654297,108.93900299072266,0.0
2025-01-03 15:00:00+00:00,108.98400115966797,109.02899932861328,108.93800354003906,108.93900299072266,0.0
2025-01-03 15:01:00+00:00,109.00599670410156,109.01899719238281,108.96900177001953,108.98200225830078,0.0
2025-01-03 15:02:00+00:00,109.0,109.0250015258789,109.0,109.00399780273438,0.0
2025-01-03 15:03:00+00:00,108.98999786376953,109.0,108.98799896240234,108.99700164794922,0.0
2025-01-03 15:04:00+00:00,108.99700164794922,109.01200103759766,108.9800033569336,108.98799896240234,0.0
2025-01-03 15:05:00+00:00,108.9540023803711,108.99500274658203,108.92400360107422,108.99500274658203,0.0
2025-01-03 15:06:00+00:00,108.9469985961914,108.9540023803711,108.9219970703125,108.9540023803711,0.0
2025-01-03 15:07:00+00:00,108.9739990234375,108.9739990234375,108.94300079345703,108.94599914550781,0.0
2025-01-03 15:08:00+00:00,108.9800033569336,108.99800109863281,108.9749984741211,108.97799682617188,0.0
2025-01-03 15:09:00+00:00,108.99299621582031,108.99400329589844,108.97799682617188,108.9800033569336,0.0
2025-01-03 15:10:00+00:00,108.97899627685547,108.99199676513672,108.96299743652344,108.99199676513672,0.0
2025-01-03 15:11:00+00:00,109.0,109.00299835205078,108.9749984741211,108.97899627685547,0.0
2025-01-03 15:12:00+00:00,109.00599670410156,109.0199966430664,108.99800109863281,108.99800109863281,0.0
2025-01-03 15:13:00+00:00,109.01499938964844,109.01499938964844,109.00199890136719,109.00599670410156,0.0
2025-01-03 15:14:00+00:00,109.0790023803711,109.0790023803711,109.01699829101562,109.01699829101562,0.0
2025-01-03 15:15:00+00:00,109.08399963378906,109.08499908447266,109.0719985961914,109.0790023803711,0.0
2025-01-03 15:16:00+00:00,109.08599853515625,109.08799743652344,109.0719985961914,109.08399963378906,0.0
2025-01-03 15:17:00+00:00,109.10199737548828,109.10299682617188,109.08300018310547,109.08399963378906,0.0
2025-01-03 15:18:00+00:00,109.08499908447266,109.10299682617188,109.08399963378906,109.10299682617188,0.0
2025-01-03 15:19:00+00:00,109.10399627685547,109.10600280761719,109.08399963378906,109.08399963378906,0.0
2025-01-03 15:20:00+00:00,109.12200164794922,109.12200164794922,109.10299682617188,109.10399627685547,0.0
2025-01-03 15:21:00+00:00,109.13200378417969,109.14099884033203,109.12200164794922,109.12200164794922,0.0
2025-01-03 15:22:00+00:00,109.10800170898438,109.13200378417969,109.10800170898438,109.13200378417969,0.0
2025-01-03 15:23:00+00:00,109.125,109.13099670410156,109.10800170898438,109.10800170898438,0.0
2025-01-03 15:24:00+00:00,109.13200378417969,109.1449966430664,109.12200164794922,109.1240005493164,0.0
2025-01-03 15:25:00+00:00,109.11599731445312,109.12899780273438,109.10900115966797,109.12899780273438,0.0
2025-01-03 15:26:00+00:00,109.12799835205078,109.13400268554688,109.11699676513672,109.11699676513672,0.0
2025-01-03 15:27:00+00:00,109.13500213623047,109.13500213623047,109.11900329589844,109.12899780273438,0.0
2025-01-03 15:28:00+00:00,109.19100189208984,109.19400024414062,109.13500213623047,109.13600158691406,0.0
2025-01-03 15:29:00+00:00,109.19100189208984,109.19999694824219,109.18699645996094,109.19100189208984,0.0
2025-01-03 15:30:00+00:00,109.2030029296875,109.20500183105469,109.1709976196289,109.19000244140625,0.0
2025-01-03 15:31:00+00:00,109.18900299072266,109.2040023803711,109.18299865722656,109.2020034790039,0.0
2025-01-03 15:32:00+00:00,109.1719970703125,109.19000244140625,109.16799926757812,109.19000244140625,0.0
2025-01-03 15:33:00+00:00,109.16799926757812,109.18000030517578,109.16799926757812,109.1719970703125,0.0
2025-01-03 15:34:00+00:00,109.13700103759766,109.16899871826172,109.13700103759766,109.16799926757812,0.0
2025-01-03 15:35:00+00:00,109.13600158691406,109.14399719238281,109.13300323486328,109.13400268554688,0.0
2025-01-03 15:36:00+00:00,109.12899780273438,109.13999938964844,109.1259994506836,109.13600158691406,0.0
2025-01-03 15:37:00+00:00,109.14099884033203,109.14700317382812,109.13400268554688,109.13400268554688,0.0
2025-01-03 15:38:00+00:00,109.13400268554688,109.14299774169922,109.13300323486328,109.14099884033203,0.0
2025-01-03 15:39:00+00:00,109.11399841308594,109.13400268554688,109.11299896240234,109.13400268554688,0.0
2025-01-03 15:40:00+00:00,109.12000274658203,109.12300109863281,109.10900115966797,109.11399841308594,0.0
2025-01-03 15:41:00+00:00,109.12100219726562,109.12200164794922,109.11299896240234,109.12000274658203,0.0
2025-01-03 15:42:00+00:00,109.13099670410156,109.13600158691406,109.12000274658203,109.12000274658203,0.0
2025-01-03 15:43:00+00:00,109.13400268554688,109.14099884033203,109.12899780273438,109.13099670410156,0.0
2025-01-03 15:44:00+00:00,109.12000274658203,109.13400268554688,109.11699676513672,109.13400268554688,0.0
2025-01-03 15:45:00+00:00,109.11499786376953,109.13300323486328,109.11499786376953,109.12200164794922,0.0
2025-01-03 15:46:00+00:00,109.1259994506836,109.1259994506836,109.11499786376953,109.11499786376953,0.0
2025-01-03 15:47:00+00:00,109.12999725341797,109.13200378417969,109.12100219726562,109.125,0.0
2025-01-03 15:48:00+00:00,109.12699890136719,109.1449966430664,109.125,109.13800048828125,0.0
2025-01-03 15:49:00+00:00,109.09500122070312,109.1259994506836,109.09500122070312,109.1259994506836,0.0
2025-01-03 15:50:00+00:00,109.08899688720703,109.09500122070312,109.08499908447266,109.09500122070312,0.0
2025-01-03 15:51:00+00:00,109.10099792480469,109.10099792480469,109.08300018310547,109.08899688720703,0.0
2025-01-03 15:52:00+00:00,109.0999984741211,109.10399627685547,109.09100341796875,109.10099792480469,0.0
2025-01-03 15:53:00+00:00,109.09300231933594,109.10199737548828,109.09300231933594,109.0999984741211,0.0
2025-01-03 15:54:00+00:00,109.09500122070312,109.10600280761719,109.09300231933594,109.09300231933594,0.0
2025-01-03 15:55:00+00:00,109.0979995727539,109.0979995727539,109.08699798583984,109.09500122070312,0.0
2025-01-03 15:56:00+00:00,109.09100341796875,109.09700012207031,109.08200073242188,109.09700012207031,0.0
2025-01-03 15:57:00+00:00,109.08999633789062,109.10600280761719,109.08799743652344,109.09200286865234,0.0
2025-01-03 15:58:00+00:00,109.08999633789062,109.09300231933594,109.08599853515625,109.08999633789062,0.0
2025-01-03 15:59:00+00:00,109.0770034790039,109.09100341796875,109.0770034790039,109.08999633789062,0.0
2025-01-03 16:00:00+00:00,109.07099914550781,109.08000183105469,109.06999969482422,109.0770034790039,0.0
2025-01-03 16:01:00+00:00,109.06600189208984,109.07099914550781,109.05500030517578,109.07099914550781,0.0
2025-01-03 16:02:00+00:00,109.04900360107422,109.0770034790039,109.0479965209961,109.06600189208984,0.0
2025-01-03 16:03:00+00:00,109.03299713134766,109.0530014038086,109.03299713134766,109.0510025024414,0.0
2025-01-03 16:04:00+00:00,109.04399871826172,109.0459976196289,109.03299713134766,109.03299713134766,0.0
2025-01-03 16:05:00+00:00,109.03800201416016,109.04499816894531,109.02899932861328,109.04299926757812,0.0
2025-01-03 16:06:00+00:00,109.04000091552734,109.04499816894531,109.03800201416016,109.03800201416016,0.0
2025-01-03 16:07:00+00:00,109.052001953125,109.052001953125,109.03600311279297,109.03900146484375,0.0
2025-01-03 16:08:00+00:00,109.052001953125,109.0530014038086,109.04399871826172,109.052001953125,0.0
2025-01-03 16:09:00+00:00,109.06900024414062,109.06900024414062,109.04900360107422,109.052001953125,0.0
2025-01-03 16:10:00+00:00,109.06999969482422,109.06999969482422,109.06099700927734,109.06900024414062,0.0
2025-01-03 16:11:00+00:00,109.09400177001953,109.09400177001953,109.06900024414062,109.06900024414062,0.0
2025-01-03 16:12:00+00:00,109.0989990234375,109.10099792480469,109.09300231933594,109.09500122070312,0.0
2025-01-03 16:13:00+00:00,109.08499908447266,109.10099792480469,109.08399963378906,109.0989990234375,0.0
2025-01-03 16:14:00+00:00,109.0790023803711,109.08499908447266,109.0790023803711,109.08499908447266,0.0
2025-01-03 16:15:00+00:00,109.06300354003906,109.0790023803711,109.06199645996094,109.0790023803711,0.0
2025-01-03 16:16:00+00:00,109.05999755859375,109.06300354003906,109.05400085449219,109.06300354003906,0.0
2025-01-03 16:17:00+00:00,109.052001953125,109.06700134277344,109.0510025024414,109.05999755859375,0.0
2025-01-03 16:18:00+00:00,109.04900360107422,109.05400085449219,109.04100036621094,109.052001953125,0.0
2025-01-03 16:19:00+00:00,109.04299926757812,109.05599975585938,109.04000091552734,109.05000305175781,0.0
2025-01-03 16:20:00+00:00,109.06500244140625,109.06600189208984,109.04199981689453,109.04299926757812,0.0
2025-01-03 16:21:00+00:00,109.06400299072266,109.0780029296875,109.06400299072266,109.06500244140625,0.0
2025-01-03 16:22:00+00:00,109.06199645996094,109.06400299072266,109.05799865722656,109.06400299072266,0.0
2025-01-03 16:23:00+00:00,109.06099700927734,109.06300354003906,109.05500030517578,109.06199645996094,0.0
2025-01-03 16:24:00+00:00,109.05599975585938,109.06099700927734,109.05500030517578,109.06099700927734,0.0
2025-01-03 16:25:00+00:00,109.06099700927734,109.06800079345703,109.05699920654297,109.05699920654297,0.0
2025-01-03 16:26:00+00:00,109.05999755859375,109.06400299072266,109.05899810791016,109.06099700927734,0.0
2025-01-03 16:27:00+00:00,109.06099700927734,109.06600189208984,109.05500030517578,109.05999755859375,0.0
2025-01-03 16:28:00+00:00,109.0459976196289,109.06099700927734,109.0459976196289,109.06099700927734,0.0
2025-01-03 16:29:00+00:00,109.03399658203125,109.04499816894531,109.03299713134766,109.04399871826172,0.0
2025-01-03 16:30:00+00:00,109.01200103759766,109.03600311279297,109.01200103759766,109.03399658203125,0.0
2025-01-03 16:31:00+00:00,109.00499725341797,109.01200103759766,109.00399780273438,109.01200103759766,0.0
2025-01-03 16:32:00+00:00,108.9990005493164,109.00800323486328,108.9990005493164,109.00399780273438,0.0
2025-01-03 16:33:00+00:00,108.9990005493164,108.9990005493164,108.99099731445312,108.99700164794922,0.0
2025-01-03 16:34:00+00:00,108.99700164794922,109.0,108.99700164794922,108.9990005493164,0.0
2025-01-03 16:35:00+00:00,109.01300048828125,109.01300048828125,108.99700164794922,108.99700164794922,0.0
2025-01-03 16:36:00+00:00,109.01499938964844,109.01499938964844,109.00800323486328,109.01300048828125,0.0
2025-01-03 16:37:00+00:00,109.02400207519531,109.0260009765625,109.01399993896484,109.01499938964844,0.0
2025-01-03 16:38:00+00:00,109.0270004272461,109.02999877929688,109.02100372314453,109.02400207519531,0.0
2025-01-03 16:39:00+00:00,109.04399871826172,109.0459976196289,109.0270004272461,109.0270004272461,0.0
2025-01-03 16:40:00+00:00,109.0510025024414,109.0510025024414,109.04100036621094,109.04299926757812,0.0
2025-01-03 16:41:00+00:00,109.0739974975586,109.0739974975586,109.0510025024414,109.0510025024414,0.0
2025-01-03 16:42:00+00:00,109.0739974975586,109.0780029296875,109.0719985961914,109.07499694824219,0.0
2025-01-03 16:43:00+00:00,109.08200073242188,109.08300018310547,109.072998046875,109.072998046875,0.0
2025-01-03 16:44:00+00:00,109.06300354003906,109.08300018310547,109.06300354003906,109.08300018310547,0.0
2025-01-03 16:45:00+00:00,109.06600189208984,109.06999969482422,109.06199645996094,109.06199645996094,0.0
2025-01-03 16:46:00+00:00,109.06199645996094,109.06600189208984,109.05000305175781,109.06600189208984,0.0
2025-01-03 16:47:00+00:00,109.06600189208984,109.06600189208984,109.05599975585938,109.06199645996094,0.0
2025-01-03 16:48:00+00:00,109.0719985961914,109.0719985961914,109.06500244140625,109.06600189208984,0.0
2025-01-03 16:49:00+00:00,109.08300018310547,109.08399963378906,109.07099914550781,109.0719985961914,0.0
2025-01-03 16:50:00+00:00,109.07599639892578,109.08499908447266,109.07599639892578,109.08300018310547,0.0
2025-01-03 16:51:00+00:00,109.08599853515625,109.08699798583984,109.0719985961914,109.07499694824219,0.0
2025-01-03 16:52:00+00:00,109.10399627685547,109.10399627685547,109.08399963378906,109.08599853515625,0.0
2025-01-03 16:53:00+00:00,109.10800170898438,109.10800170898438,109.09700012207031,109.10399627685547,0.0
2025-01-03 16:54:00+00:00,109.0979995727539,109.10700225830078,109.09700012207031,109.10700225830078,0.0
2025-01-03 16:55:00+00:00,109.0780029296875,109.0989990234375,109.0780029296875,109.0989990234375,0.0
2025-01-03 16:56:00+00:00,109.08599853515625,109.08899688720703,109.0780029296875,109.0790023803711,0.0
2025-01-03 16:57:00+00:00,109.072998046875,109.08699798583984,109.0719985961914,109.08599853515625,0.0
2025-01-03 16:58:00+00:00,109.06400299072266,109.072998046875,109.06099700927734,109.0719985961914,0.0
2025-01-03 16:59:00+00:00,109.0469970703125,109.06400299072266,109.0469970703125,109.06400299072266,0.0
2025-01-03 17:00:00+00:00,109.01499938964844,109.04499816894531,109.01499938964844,109.04499816894531,0.0
2025-01-03 17:01:00+00:00,109.02100372314453,109.0260009765625,109.01399993896484,109.01399993896484,0.0
2025-01-03 17:02:00+00:00,109.01599884033203,109.02100372314453,109.00399780273438,109.02100372314453,0.0
2025-01-03 17:03:00+00:00,109.00199890136719,109.01799774169922,109.00199890136719,109.01699829101562,0.0
2025-01-03 17:04:00+00:00,108.97899627685547,109.01000213623047,108.97899627685547,109.00199890136719,0.0
2025-01-03 17:05:00+00:00,108.96900177001953,108.97899627685547,108.96700286865234,108.97899627685547,0.0
2025-01-03 17:06:00+00:00,108.95899963378906,108.96900177001953,108.95899963378906,108.96800231933594,0.0
2025-01-03 17:07:00+00:00,108.9280014038086,108.95899963378906,108.927001953125,108.95800018310547,0.0
2025-01-03 17:08:00+00:00,108.92500305175781,108.93499755859375,108.92500305175781,108.9280014038086,0.0
2025-01-03 17:09:00+00:00,108.91500091552734,108.9260025024414,108.91500091552734,108.92400360107422,0.0
2025-01-03 17:10:00+00:00,108.91600036621094,108.93299865722656,108.91400146484375,108.91500091552734,0.0
2025-01-03 17:11:00+00:00,108.91999816894531,108.93099975585938,108.91699981689453,108.91699981689453,0.0
2025-01-03 17:12:00+00:00,108.927001953125,108.9280014038086,108.91699981689453,108.91899871826172,0.0
2025-01-03 17:13:00+00:00,108.9260025024414,108.93299865722656,108.92500305175781,108.927001953125,0.0
2025-01-03 17:14:00+00:00,108.9229965209961,108.927001953125,108.9229965209961,108.9260025024414,0.0
2025-01-03 17:15:00+00:00,108.90499877929688,108.9229965209961,108.90399932861328,108.9229965209961,0.0
2025-01-03 17:16:00+00:00,108.90599822998047,108.90799713134766,108.90399932861328,108.90499877929688,0.0
2025-01-03 17:17:00+00:00,108.90799713134766,108.91000366210938,108.90299987792969,108.90599822998047,0.0
2025-01-03 17:18:00+00:00,108.90799713134766,108.91300201416016,108.90599822998047,108.90799713134766,0.0
2025-01-03 17:19:00+00:00,108.9260025024414,108.9260025024414,108.90799713134766,108.90799713134766,0.0
2025-01-03 17:20:00+00:00,108.94100189208984,108.94100189208984,108.92400360107422,108.9260025024414,0.0
2025-01-03 17:21:00+00:00,108.94499969482422,108.94999694824219,108.94000244140625,108.94300079345703,0.0
2025-01-03 17:22:00+00:00,108.94599914550781,108.9469985961914,108.94100189208984,108.94599914550781,0.0
2025-01-03 17:23:00+00:00,108.94100189208984,108.94999694824219,108.94100189208984,108.94599914550781,0.0
2025-01-03 17:24:00+00:00,108.93000030517578,108.94000244140625,108.92900085449219,108.94000244140625,0.0
2025-01-03 17:25:00+00:00,108.9219970703125,108.93000030517578,108.91699981689453,108.93000030517578,0.0
2025-01-03 17:26:00+00:00,108.93699645996094,108.93699645996094,108.9219970703125,108.9219970703125,0.0
2025-01-03 17:27:00+00:00,108.93900299072266,108.94100189208984,108.93499755859375,108.93900299072266,0.0
2025-01-03 17:28:00+00:00,108.94200134277344,108.94599914550781,108.93800354003906,108.93900299072266,0.0
2025-01-03 17:29:00+00:00,108.93499755859375,108.94400024414062,108.93499755859375,108.94100189208984,0.0
2025-01-03 17:30:00+00:00,108.9209976196289,108.93399810791016,108.9209976196289,108.93399810791016,0.0
2025-01-03 17:31:00+00:00,108.91600036621094,108.9219970703125,108.91400146484375,108.9219970703125,0.0
2025-01-03 17:32:00+00:00,108.91400146484375,108.91699981689453,108.91000366210938,108.91699981689453,0.0
2025-01-03 17:33:00+00:00,108.91300201416016,108.91600036621094,108.91200256347656,108.91400146484375,0.0
2025-01-03 17:34:00+00:00,108.9229965209961,108.9280014038086,108.91400146484375,108.91400146484375,0.0
2025-01-03 17:35:00+00:00,108.93900299072266,108.93900299072266,108.9229965209961,108.9229965209961,0.0
2025-01-03 17:36:00+00:00,108.94999694824219,108.94999694824219,108.93900299072266,108.93900299072266,0.0
2025-01-03 17:37:00+00:00,108.97000122070312,108.97000122070312,108.94999694824219,108.94999694824219,0.0
2025-01-03 17:38:00+00:00,108.96900177001953,108.9749984741211,108.96900177001953,108.97100067138672,0.0
2025-01-03 17:39:00+00:00,108.9530029296875,108.96900177001953,108.9530029296875,108.96900177001953,0.0
2025-01-03 17:40:00+00:00,108.93699645996094,108.95500183105469,108.93099975585938,108.9530029296875,0.0
2025-01-03 17:41:00+00:00,108.94300079345703,108.94300079345703,108.93499755859375,108.93699645996094,0.0
2025-01-03 17:42:00+00:00,108.93299865722656,108.94599914550781,108.93299865722656,108.94300079345703,0.0
2025-01-03 17:43:00+00:00,108.9540023803711,108.9540023803711,108.93000030517578,108.93299865722656,0.0
2025-01-03 17:44:00+00:00,108.95999908447266,108.95999908447266,108.9540023803711,108.9540023803711,0.0
2025-01-03 17:45:00+00:00,108.96499633789062,108.96600341796875,108.96099853515625,108.96099853515625,0.0
2025-01-03 17:46:00+00:00,108.96099853515625,108.96700286865234,108.95899963378906,108.96499633789062,0.0
2025-01-03 17:47:00+00:00,108.96099853515625,108.96299743652344,108.95600128173828,108.96099853515625,0.0
2025-01-03 17:48:00+00:00,108.94999694824219,108.96299743652344,108.9489974975586,108.96099853515625,0.0
2025-01-03 17:49:00+00:00,108.96399688720703,108.96399688720703,108.94999694824219,108.94999694824219,0.0
2025-01-03 17:50:00+00:00,108.96099853515625,108.96299743652344,108.9489974975586,108.96099853515625,0.0
2025-01-03 17:51:00+00:00,108.97200012207031,108.9729995727539,108.96099853515625,108.96099853515625,0.0
2025-01-03 17:52:00+00:00,108.98799896240234,108.98799896240234,108.97200012207031,108.9729995727539,0.0
2025-01-03 17:53:00+00:00,108.97799682617188,108.99099731445312,108.97799682617188,108.98999786376953,0.0
2025-01-03 17:54:00+00:00,108.97599792480469,108.98100280761719,108.97599792480469,108.97799682617188,0.0
2025-01-03 17:55:00+00:00,108.98799896240234,108.98999786376953,108.97599792480469,108.97599792480469,0.0
2025-01-03 17:56:00+00:00,108.99199676513672,108.99400329589844,108.98799896240234,108.98799896240234,0.0
2025-01-03 17:57:00+00:00,108.99299621582031,108.99400329589844,108.98600006103516,108.99199676513672,0.0
2025-01-03 17:58:00+00:00,108.98400115966797,108.99299621582031,108.98400115966797,108.99299621582031,0.0
2025-01-03 17:59:00+00:00,108.99099731445312,108.99299621582031,108.98400115966797,108.98400115966797,0.0
2025-01-03 18:00:00+00:00,109.00499725341797,109.00499725341797,108.98600006103516,108.99099731445312,0.0
2025-01-03 18:01:00+00:00,109.00700378417969,109.00800323486328,109.0009994506836,109.00499725341797,0.0
2025-01-03 18:02:00+00:00,109.02200317382812,109.02200317382812,109.00199890136719,109.00700378417969,0.0
2025-01-03 18:04:00+00:00,109.03099822998047,109.03900146484375,109.03099822998047,109.03600311279297,0.0
2025-01-03 18:05:00+00:00,109.0250015258789,109.03099822998047,109.0199966430664,109.03099822998047,0.0
2025-01-03 18:06:00+00:00,109.02899932861328,109.03099822998047,109.02400207519531,109.0250015258789,0.0
2025-01-03 18:07:00+00:00,109.0250015258789,109.02899932861328,109.0250015258789,109.02899932861328,0.0
2025-01-03 18:08:00+00:00,109.02300262451172,109.03199768066406,109.02200317382812,109.02300262451172,0.0
2025-01-03 18:09:00+00:00,109.01699829101562,109.02200317382812,109.01599884033203,109.02200317382812,0.0
2025-01-03 18:10:00+00:00,109.02200317382812,109.0250015258789,109.01699829101562,109.01699829101562,0.0
2025-01-03 18:11:00+00:00,109.01399993896484,109.02300262451172,109.01399993896484,109.02200317382812,0.0
2025-01-03 18:12:00+00:00,108.99600219726562,109.01200103759766,108.99600219726562,109.01200103759766,0.0
2025-01-03 18:13:00+00:00,108.99700164794922,108.99700164794922,108.99400329589844,108.99600219726562,0.0
2025-01-03 18:14:00+00:00,108.98999786376953,109.0,108.98999786376953,108.99600219726562,0.0
2025-01-03 18:15:00+00:00,108.99800109863281,108.99800109863281,108.98999786376953,108.98999786376953,0.0
2025-01-03 18:16:00+00:00,109.00299835205078,109.00499725341797,108.99800109863281,108.9990005493164,0.0
2025-01-03 18:17:00+00:00,108.99500274658203,109.00199890136719,108.99299621582031,109.00199890136719,0.0
2025-01-03 18:18:00+00:00,108.99299621582031,108.99700164794922,108.99099731445312,108.99199676513672,0.0
2025-01-03 18:19:00+00:00,108.99800109863281,109.0009994506836,108.99299621582031,108.99299621582031,0.0
2025-01-03 18:20:00+00:00,108.98500061035156,108.99800109863281,108.98500061035156,108.99700164794922,0.0
2025-01-03 18:21:00+00:00,108.98699951171875,108.98899841308594,108.98300170898438,108.98500061035156,0.0
2025-01-03 18:22:00+00:00,108.98899841308594,108.98999786376953,108.98799896240234,108.98799896240234,0.0
2025-01-03 18:23:00+00:00,108.98699951171875,108.98899841308594,108.98500061035156,108.98899841308594,0.0
2025-01-03 18:24:00+00:00,108.97799682617188,108.98799896240234,108.97799682617188,108.98699951171875,0.0
2025-01-03 18:25:00+00:00,108.96600341796875,108.97699737548828,108.96199798583984,108.97699737548828,0.0
2025-01-03 18:26:00+00:00,108.96299743652344,108.96700286865234,108.96199798583984,108.96499633789062,0.0
2025-01-03 18:27:00+00:00,108.97000122070312,108.9739990234375,108.96199798583984,108.96299743652344,0.0
2025-01-03 18:28:00+00:00,108.96499633789062,108.97200012207031,108.96499633789062,108.97000122070312,0.0
2025-01-03 18:29:00+00:00,108.96199798583984,108.96600341796875,108.96199798583984,108.96499633789062,0.0
2025-01-03 18:30:00+00:00,108.98100280761719,108.98400115966797,108.95899963378906,108.96199798583984,0.0
2025-01-03 18:31:00+00:00,108.97100067138672,108.9800033569336,108.97100067138672,108.9800033569336,0.0
2025-01-03 18:32:00+00:00,108.96199798583984,108.9729995727539,108.95999908447266,108.97100067138672,0.0
2025-01-03 18:33:00+00:00,108.9540023803711,108.96199798583984,108.9530029296875,108.96199798583984,0.0
2025-01-03 18:34:00+00:00,108.96099853515625,108.96099853515625,108.9540023803711,108.9540023803711,0.0
2025-01-03 18:35:00+00:00,108.96099853515625,108.96700286865234,108.95999908447266,108.95999908447266,0.0
2025-01-03 18:36:00+00:00,108.96499633789062,108.96499633789062,108.95999908447266,108.96099853515625,0.0
2025-01-03 18:37:00+00:00,108.96700286865234,108.96800231933594,108.96099853515625,108.96499633789062,0.0
2025-01-03 18:38:00+00:00,108.96499633789062,108.96800231933594,108.96299743652344,108.96700286865234,0.0
2025-01-03 18:39:00+00:00,108.96499633789062,108.96700286865234,108.96399688720703,108.96399688720703,0.0
2025-01-03 18:40:00+00:00,108.95999908447266,108.96600341796875,108.95899963378906,108.96499633789062,0.0
2025-01-03 18:41:00+00:00,108.9540023803711,108.96099853515625,108.9520034790039,108.95999908447266,0.0
2025-01-03 18:42:00+00:00,108.96399688720703,108.96700286865234,108.9540023803711,108.9540023803711,0.0
2025-01-03 18:43:00+00:00,108.98400115966797,108.98400115966797,108.96800231933594,108.96800231933594,0.0
2025-01-03 18:44:00+00:00,108.98300170898438,108.98699951171875,108.98200225830078,108.98400115966797,0.0
2025-01-03 18:45:00+00:00,108.98100280761719,108.98600006103516,108.98100280761719,108.98500061035156,0.0
2025-01-03 18:46:00+00:00,108.9800033569336,108.98300170898438,108.97799682617188,108.9800033569336,0.0
2025-01-03 18:47:00+00:00,108.98799896240234,108.98999786376953,108.9800033569336,108.9800033569336,0.0
2025-01-03 18:48:00+00:00,109.0009994506836,109.0009994506836,108.98799896240234,108.98799896240234,0.0
2025-01-03 18:49:00+00:00,109.00199890136719,109.00199890136719,109.0009994506836,109.0009994506836,0.0
2025-01-03 18:50:00+00:00,109.00700378417969,109.00700378417969,108.9990005493164,109.0009994506836,0.0
2025-01-03 18:51:00+00:00,109.01200103759766,109.01200103759766,109.00199890136719,109.00700378417969,0.0
2025-01-03 18:52:00+00:00,109.00599670410156,109.01200103759766,109.00499725341797,109.01200103759766,0.0
2025-01-03 18:53:00+00:00,109.0250015258789,109.0270004272461,109.00599670410156,109.00599670410156,0.0
2025-01-03 18:54:00+00:00,109.0250015258789,109.0250015258789,109.02100372314453,109.0250015258789,0.0
2025-01-03 18:55:00+00:00,109.02300262451172,109.0250015258789,109.02300262451172,109.0250015258789,0.0
2025-01-03 18:56:00+00:00,109.01499938964844,109.0260009765625,109.01499938964844,109.02400207519531,0.0
2025-01-03 18:57:00+00:00,109.01100158691406,109.01599884033203,109.01100158691406,109.01499938964844,0.0
2025-01-03 18:58:00+00:00,109.00599670410156,109.01200103759766,109.00599670410156,109.01100158691406,0.0
2025-01-03 18:59:00+00:00,108.99400329589844,109.00599670410156,108.99299621582031,109.00599670410156,0.0
2025-01-03 19:00:00+00:00,109.00399780273438,109.00499725341797,108.99400329589844,108.99400329589844,0.0
2025-01-03 19:01:00+00:00,109.01200103759766,109.01300048828125,109.00299835205078,109.00399780273438,0.0
2025-01-03 19:02:00+00:00,109.01000213623047,109.01300048828125,109.00900268554688,109.01200103759766,0.0
2025-01-03 19:03:00+00:00,109.01399993896484,109.01499938964844,109.00900268554688,109.01000213623047,0.0
2025-01-03 19:04:00+00:00,109.01799774169922,109.0199966430664,109.01399993896484,109.01399993896484,0.0
2025-01-03 19:05:00+00:00,109.01599884033203,109.01899719238281,109.01399993896484,109.01899719238281,0.0
2025-01-03 19:06:00+00:00,109.00199890136719,109.01699829101562,109.00199890136719,109.01699829101562,0.0
2025-01-03 19:07:00+00:00,108.9990005493164,109.00199890136719,108.9990005493164,109.00199890136719,0.0
2025-01-03 19:08:00+00:00,108.99600219726562,109.0,108.99400329589844,109.0,0.0
2025-01-03 19:09:00+00:00,108.99199676513672,108.99600219726562,108.99199676513672,108.99600219726562,0.0
2025-01-03 19:10:00+00:00,108.97699737548828,108.99199676513672,108.97699737548828,108.99199676513672,0.0
2025-01-03 19:11:00+00:00,108.98200225830078,108.98200225830078,108.97599792480469,108.97599792480469,0.0
2025-01-03 19:12:00+00:00,108.99400329589844,108.99400329589844,108.98200225830078,108.98200225830078,0.0
2025-01-03 19:13:00+00:00,108.99400329589844,108.99500274658203,108.99299621582031,108.99400329589844,0.0
2025-01-03 19:14:00+00:00,108.98400115966797,108.99400329589844,108.98300170898438,108.99400329589844,0.0
2025-01-03 19:15:00+00:00,108.9800033569336,108.98400115966797,108.9800033569336,108.98200225830078,0.0
2025-01-03 19:16:00+00:00,108.96099853515625,108.9800033569336,108.96099853515625,108.9800033569336,0.0
2025-01-03 19:17:00+00:00,108.9520034790039,108.96099853515625,108.9520034790039,108.96099853515625,0.0
2025-01-03 19:18:00+00:00,108.95899963378906,108.95999908447266,108.9520034790039,108.9520034790039,0.0
2025-01-03 19:19:00+00:00,108.9489974975586,108.95899963378906,108.9489974975586,108.95899963378906,0.0
2025-01-03 19:20:00+00:00,108.95600128173828,108.95600128173828,108.9489974975586,108.9489974975586,0.0
2025-01-03 19:21:00+00:00,108.95500183105469,108.95600128173828,108.9540023803711,108.95600128173828,0.0
2025-01-03 19:22:00+00:00,108.947998046875,108.95600128173828,108.9469985961914,108.95500183105469,0.0
2025-01-03 19:23:00+00:00,108.947998046875,108.947998046875,108.9469985961914,108.9469985961914,0.0
2025-01-03 19:24:00+00:00,108.9540023803711,108.95500183105469,108.947998046875,108.947998046875,0.0
2025-01-03 19:25:00+00:00,108.9489974975586,108.9540023803711,108.947998046875,108.9540023803711,0.0
2025-01-03 19:26:00+00:00,108.947998046875,108.947998046875,108.94599914550781,108.9469985961914,0.0
2025-01-03 19:27:00+00:00,108.927001953125,108.947998046875,108.927001953125,108.947998046875,0.0
2025-01-03 19:28:00+00:00,108.92900085449219,108.93499755859375,108.927001953125,108.927001953125,0.0
2025-01-03 19:29:00+00:00,108.9280014038086,108.93000030517578,108.9260025024414,108.92900085449219,0.0
2025-01-03 19:30:00+00:00,108.92900085449219,108.93099975585938,108.9280014038086,108.9280014038086,0.0
2025-01-03 19:31:00+00:00,108.93199920654297,108.93399810791016,108.9280014038086,108.9280014038086,0.0
2025-01-03 19:32:00+00:00,108.93099975585938,108.93800354003906,108.93099975585938,108.93199920654297,0.0
2025-01-03 19:33:00+00:00,108.9280014038086,108.93099975585938,108.9260025024414,108.92900085449219,0.0
2025-01-03 19:34:00+00:00,108.93000030517578,108.93299865722656,108.9280014038086,108.9280014038086,0.0
2025-01-03 19:35:00+00:00,108.91999816894531,108.93099975585938,108.91899871826172,108.93099975585938,0.0
2025-01-03 19:36:00+00:00,108.91100311279297,108.91999816894531,108.91100311279297,108.91999816894531,0.0
2025-01-03 19:37:00+00:00,108.90799713134766,108.91300201416016,108.90799713134766,108.91200256347656,0.0
2025-01-03 19:38:00+00:00,108.90899658203125,108.90899658203125,108.90599822998047,108.90799713134766,0.0
2025-01-03 19:39:00+00:00,108.91200256347656,108.91300201416016,108.90899658203125,108.90899658203125,0.0
2025-01-03 19:40:00+00:00,108.9219970703125,108.9219970703125,108.91200256347656,108.91200256347656,0.0
2025-01-03 19:41:00+00:00,108.9229965209961,108.9280014038086,108.9209976196289,108.9209976196289,0.0
2025-01-03 19:42:00+00:00,108.92500305175781,108.9260025024414,108.9209976196289,108.92400360107422,0.0
2025-01-03 19:43:00+00:00,108.92900085449219,108.93000030517578,108.92500305175781,108.92500305175781,0.0
2025-01-03 19:44:00+00:00,108.91500091552734,108.9280014038086,108.91400146484375,108.9280014038086,0.0
2025-01-03 19:45:00+00:00,108.91899871826172,108.9209976196289,108.91500091552734,108.91500091552734,0.0
2025-01-03 19:46:00+00:00,108.91899871826172,108.91899871826172,108.91799926757812,108.91899871826172,0.0
2025-01-03 19:47:00+00:00,108.93299865722656,108.93299865722656,108.91899871826172,108.91899871826172,0.0
2025-01-03 19:48:00+00:00,108.93099975585938,108.93199920654297,108.93099975585938,108.93199920654297,0.0
2025-01-03 19:49:00+00:00,108.93199920654297,108.93299865722656,108.93199920654297,108.93199920654297,0.0
2025-01-03 19:50:00+00:00,108.93800354003906,108.93800354003906,108.93199920654297,108.93199920654297,0.0
2025-01-03 19:51:00+00:00,108.9530029296875,108.9530029296875,108.93699645996094,108.93800354003906,0.0
2025-01-03 19:52:00+00:00,108.95999908447266,108.95999908447266,108.9520034790039,108.9520034790039,0.0
2025-01-03 19:53:00+00:00,108.96399688720703,108.96600341796875,108.95999908447266,108.95999908447266,0.0
2025-01-03 19:54:00+00:00,108.96199798583984,108.96499633789062,108.95500183105469,108.96499633789062,0.0
2025-01-03 19:55:00+00:00,108.97100067138672,108.97200012207031,108.96099853515625,108.96099853515625,0.0
2025-01-03 19:56:00+00:00,108.9739990234375,108.97699737548828,108.96800231933594,108.97000122070312,0.0
2025-01-03 19:57:00+00:00,108.95899963378906,108.9739990234375,108.95899963378906,108.9739990234375,0.0
2025-01-03 19:58:00+00:00,108.94599914550781,108.95899963378906,108.94599914550781,108.95899963378906,0.0
2025-01-03 19:59:00+00:00,108.9520034790039,108.9530029296875,108.94300079345703,108.94599914550781,0.0
2025-01-03 20:00:00+00:00,108.96800231933594,108.96900177001953,108.9520034790039,108.9520034790039,0.0
2025-01-03 20:01:00+00:00,108.96900177001953,108.9749984741211,108.96800231933594,108.96900177001953,0.0
2025-01-03 20:02:00+00:00,108.95800018310547,108.96900177001953,108.95800018310547,108.96900177001953,0.0
2025-01-03 20:03:00+00:00,108.947998046875,108.95800018310547,108.947998046875,108.95800018310547,0.0
2025-01-03 20:04:00+00:00,108.95500183105469,108.95500183105469,108.94599914550781,108.9469985961914,0.0
2025-01-03 20:05:00+00:00,108.9520034790039,108.95500183105469,108.947998046875,108.95500183105469,0.0
2025-01-03 20:06:00+00:00,108.94499969482422,108.9540023803711,108.94400024414062,108.9520034790039,0.0
2025-01-03 20:07:00+00:00,108.92900085449219,108.94599914550781,108.92900085449219,108.94499969482422,0.0
2025-01-03 20:08:00+00:00,108.93699645996094,108.93800354003906,108.9280014038086,108.92900085449219,0.0
2025-01-03 20:09:00+00:00,108.93499755859375,108.93800354003906,108.93499755859375,108.93499755859375,0.0
2025-01-03 20:10:00+00:00,108.93000030517578,108.93699645996094,108.93000030517578,108.93399810791016,0.0
2025-01-03 20:11:00+00:00,108.92500305175781,108.93099975585938,108.92500305175781,108.93099975585938,0.0
2025-01-03 20:12:00+00:00,108.91999816894531,108.927001953125,108.91899871826172,108.92500305175781,0.0
2025-01-03 20:13:00+00:00,108.91699981689453,108.9219970703125,108.91699981689453,108.91999816894531,0.0
2025-01-03 20:14:00+00:00,108.90399932861328,108.91600036621094,108.90399932861328,108.91600036621094,0.0
2025-01-03 20:15:00+00:00,108.90499877929688,108.90599822998047,108.9020004272461,108.90399932861328,0.0
2025-01-03 20:16:00+00:00,108.90299987792969,108.90799713134766,108.9020004272461,108.90499877929688,0.0
2025-01-03 20:17:00+00:00,108.9000015258789,108.90299987792969,108.89600372314453,108.90299987792969,0.0
2025-01-03 20:18:00+00:00,108.89600372314453,108.9010009765625,108.89600372314453,108.9000015258789,0.0
2025-01-03 20:19:00+00:00,108.90399932861328,108.90399932861328,108.89600372314453,108.89600372314453,0.0
2025-01-03 20:20:00+00:00,108.91000366210938,108.91200256347656,108.9020004272461,108.90499877929688,0.0
2025-01-03 20:21:00+00:00,108.91100311279297,108.91400146484375,108.91000366210938,108.91000366210938,0.0
2025-01-03 20:22:00+00:00,108.90699768066406,108.91100311279297,108.90699768066406,108.91100311279297,0.0
2025-01-03 20:23:00+00:00,108.90599822998047,108.90799713134766,108.9020004272461,108.90799713134766,0.0
2025-01-03 20:24:00+00:00,108.91400146484375,108.91400146484375,108.90599822998047,108.90599822998047,0.0
2025-01-03 20:25:00+00:00,108.91400146484375,108.91600036621094,108.91400146484375,108.91500091552734,0.0
2025-01-03 20:26:00+00:00,108.91799926757812,108.91899871826172,108.91200256347656,108.91400146484375,0.0
2025-01-03 20:27:00+00:00,108.91999816894531,108.9209976196289,108.91899871826172,108.91899871826172,0.0
2025-01-03 20:28:00+00:00,108.92900085449219,108.93299865722656,108.91999816894531,108.9209976196289,0.0
2025-01-03 20:29:00+00:00,108.92900085449219,108.93000030517578,108.9280014038086,108.92900085449219,0.0
2025-01-03 20:30:00+00:00,108.93599700927734,108.93599700927734,108.93000030517578,108.93000030517578,0.0
2025-01-03 20:31:00+00:00,108.93000030517578,108.93599700927734,108.93000030517578,108.93599700927734,0.0
2025-01-03 20:32:00+00:00,108.93000030517578,108.93099975585938,108.92900085449219,108.92900085449219,0.0
2025-01-03 20:33:00+00:00,108.93000030517578,108.93099975585938,108.92900085449219,108.93000030517578,0.0
2025-01-03 20:34:00+00:00,108.9280014038086,108.93000030517578,108.9260025024414,108.93000030517578,0.0
2025-01-03 20:35:00+00:00,108.92900085449219,108.93199920654297,108.9260025024414,108.9280014038086,0.0
2025-01-03 20:36:00+00:00,108.94000244140625,108.94000244140625,108.93000030517578,108.93000030517578,0.0
2025-01-03 20:37:00+00:00,108.94400024414062,108.95099639892578,108.94000244140625,108.94000244140625,0.0
2025-01-03 20:38:00+00:00,108.94000244140625,108.94499969482422,108.94000244140625,108.94400024414062,0.0
2025-01-03 20:39:00+00:00,108.94300079345703,108.94400024414062,108.94100189208984,108.94100189208984,0.0
2025-01-03 20:40:00+00:00,108.94599914550781,108.9469985961914,108.94300079345703,108.94300079345703,0.0
2025-01-03 20:41:00+00:00,108.947998046875,108.9520034790039,108.9469985961914,108.9469985961914,0.0
2025-01-03 20:42:00+00:00,108.96099853515625,108.96099853515625,108.947998046875,108.947998046875,0.0
2025-01-03 20:43:00+00:00,108.95999908447266,108.96299743652344,108.95899963378906,108.96099853515625,0.0
2025-01-03 20:44:00+00:00,108.95600128173828,108.95999908447266,108.95600128173828,108.95999908447266,0.0
2025-01-03 20:45:00+00:00,108.95500183105469,108.95800018310547,108.95500183105469,108.95700073242188,0.0
2025-01-03 20:46:00+00:00,108.95800018310547,108.96099853515625,108.9530029296875,108.95500183105469,0.0
2025-01-03 20:47:00+00:00,108.9540023803711,108.95999908447266,108.9530029296875,108.95899963378906,0.0
2025-01-03 20:48:00+00:00,108.95899963378906,108.95899963378906,108.9520034790039,108.9530029296875,0.0
2025-01-03 20:49:00+00:00,108.95700073242188,108.96099853515625,108.95600128173828,108.95899963378906,0.0
2025-01-03 20:50:00+00:00,108.94499969482422,108.95800018310547,108.94499969482422,108.95700073242188,0.0
2025-01-03 20:51:00+00:00,108.93399810791016,108.94599914550781,108.93399810791016,108.94599914550781,0.0
2025-01-03 20:52:00+00:00,108.927001953125,108.93499755859375,108.927001953125,108.93399810791016,0.0
2025-01-03 20:53:00+00:00,108.9280014038086,108.93000030517578,108.9260025024414,108.927001953125,0.0
2025-01-03 20:54:00+00:00,108.927001953125,108.93099975585938,108.9260025024414,108.92900085449219,0.0
2025-01-03 20:55:00+00:00,108.9280014038086,108.93000030517578,108.927001953125,108.9280014038086,0.0
2025-01-03 20:56:00+00:00,108.92400360107422,108.92900085449219,108.92400360107422,108.92900085449219,0.0
2025-01-03 20:57:00+00:00,108.92900085449219,108.93000030517578,108.9219970703125,108.92400360107422,0.0
2025-01-03 20:58:00+00:00,108.9280014038086,108.92900085449219,108.9219970703125,108.92900085449219,0.0
2025-01-03 20:59:00+00:00,108.93499755859375,108.94000244140625,108.92900085449219,108.92900085449219,0.0
2025-01-03 21:00:00+00:00,108.94100189208984,108.94300079345703,108.93599700927734,108.93599700927734,0.0
2025-01-03 21:01:00+00:00,108.92500305175781,108.94100189208984,108.92500305175781,108.94100189208984,0.0
2025-01-03 21:02:00+00:00,108.91999816894531,108.927001953125,108.91999816894531,108.92500305175781,0.0
2025-01-03 21:03:00+00:00,108.91500091552734,108.91899871826172,108.91400146484375,108.91899871826172,0.0
2025-01-03 21:04:00+00:00,108.91400146484375,108.91799926757812,108.91400146484375,108.91600036621094,0.0
2025-01-03 21:05:00+00:00,108.91300201416016,108.91400146484375,108.91100311279297,108.91400146484375,0.0
2025-01-03 21:06:00+00:00,108.90699768066406,108.91300201416016,108.90599822998047,108.91300201416016,0.0
2025-01-03 21:07:00+00:00,108.90699768066406,108.90699768066406,108.90499877929688,108.90699768066406,0.0
2025-01-03 21:08:00+00:00,108.90899658203125,108.91300201416016,108.90699768066406,108.90799713134766,0.0
2025-01-03 21:09:00+00:00,108.90499877929688,108.90899658203125,108.90399932861328,108.90899658203125,0.0
2025-01-03 21:10:00+00:00,108.91000366210938,108.91000366210938,108.90499877929688,108.90499877929688,0.0
2025-01-03 21:11:00+00:00,108.91200256347656,108.91200256347656,108.91000366210938,108.91000366210938,0.0
2025-01-03 21:12:00+00:00,108.91200256347656,108.91300201416016,108.91200256347656,108.91200256347656,0.0
2025-01-03 21:13:00+00:00,108.92400360107422,108.92400360107422,108.91300201416016,108.91300201416016,0.0
2025-01-03 21:14:00+00:00,108.92900085449219,108.92900085449219,108.9219970703125,108.9229965209961,0.0
2025-01-03 21:15:00+00:00,108.93000030517578,108.93000030517578,108.9280014038086,108.92900085449219,0.0
2025-01-03 21:16:00+00:00,108.92900085449219,108.93000030517578,108.9280014038086,108.93000030517578,0.0
2025-01-03 21:18:00+00:00,108.927001953125,108.93199920654297,108.927001953125,108.92900085449219,0.0
2025-01-03 21:19:00+00:00,108.9280014038086,108.9280014038086,108.9260025024414,108.927001953125,0.0
2025-01-03 21:20:00+00:00,108.9229965209961,108.92900085449219,108.9229965209961,108.9280014038086,0.0
2025-01-03 21:21:00+00:00,108.9219970703125,108.9229965209961,108.9219970703125,108.9229965209961,0.0
2025-01-03 21:22:00+00:00,108.9229965209961,108.9229965209961,108.9219970703125,108.9219970703125,0.0
2025-01-03 21:23:00+00:00,108.92500305175781,108.92500305175781,108.9229965209961,108.9229965209961,0.0
2025-01-03 21:24:00+00:00,108.927001953125,108.93000030517578,108.92500305175781,108.92500305175781,0.0
2025-01-03 21:25:00+00:00,108.927001953125,108.927001953125,108.9260025024414,108.927001953125,0.0
2025-01-03 21:26:00+00:00,108.92900085449219,108.92900085449219,108.927001953125,108.9280014038086,0.0
2025-01-03 21:27:00+00:00,108.9260025024414,108.92900085449219,108.9260025024414,108.92900085449219,0.0
2025-01-03 21:28:00+00:00,108.927001953125,108.927001953125,108.927001953125,108.927001953125,0.0
2025-01-03 21:29:00+00:00,108.92500305175781,108.9280014038086,108.9219970703125,108.927001953125,0.0
2025-01-03 21:30:00+00:00,108.9280014038086,108.9280014038086,108.92400360107422,108.92500305175781,0.0
2025-01-03 21:31:00+00:00,108.927001953125,108.93000030517578,108.927001953125,108.9280014038086,0.0
2025-01-03 21:32:00+00:00,108.92500305175781,108.9260025024414,108.92400360107422,108.9260025024414,0.0
2025-01-03 21:33:00+00:00,108.9260025024414,108.9260025024414,108.92400360107422,108.92500305175781,0.0
2025-01-03 21:34:00+00:00,108.93099975585938,108.93099975585938,108.92500305175781,108.92500305175781,0.0
2025-01-03 21:35:00+00:00,108.93699645996094,108.93699645996094,108.93099975585938,108.93099975585938,0.0
2025-01-03 21:36:00+00:00,108.93900299072266,108.94000244140625,108.93699645996094,108.93699645996094,0.0
2025-01-03 21:37:00+00:00,108.93900299072266,108.94000244140625,108.93900299072266,108.94000244140625,0.0
2025-01-03 21:38:00+00:00,108.94200134277344,108.94300079345703,108.93900299072266,108.93900299072266,0.0
2025-01-03 21:39:00+00:00,108.94100189208984,108.94300079345703,108.94100189208984,108.94300079345703,0.0
2025-01-03 21:40:00+00:00,108.94300079345703,108.94300079345703,108.94100189208984,108.94100189208984,0.0
2025-01-03 21:41:00+00:00,108.94499969482422,108.94499969482422,108.94300079345703,108.94300079345703,0.0
2025-01-03 21:42:00+00:00,108.94400024414062,108.94499969482422,108.94400024414062,108.94499969482422,0.0
2025-01-03 21:43:00+00:00,108.93900299072266,108.94499969482422,108.93699645996094,108.94499969482422,0.0
2025-01-03 21:44:00+00:00,108.93499755859375,108.93900299072266,108.93499755859375,108.93900299072266,0.0
2025-01-03 21:45:00+00:00,108.93399810791016,108.93599700927734,108.93000030517578,108.93499755859375,0.0
2025-01-03 21:46:00+00:00,108.93399810791016,108.93399810791016,108.93299865722656,108.93399810791016,0.0
2025-01-03 21:47:00+00:00,108.93900299072266,108.93900299072266,108.93399810791016,108.93399810791016,0.0
2025-01-03 21:48:00+00:00,108.93099975585938,108.93900299072266,108.93099975585938,108.93900299072266,0.0
2025-01-03 21:49:00+00:00,108.93199920654297,108.93299865722656,108.93099975585938,108.93099975585938,0.0
2025-01-03 21:50:00+00:00,108.93099975585938,108.93299865722656,108.93099975585938,108.93199920654297,0.0
2025-01-03 21:51:00+00:00,108.93000030517578,108.93099975585938,108.92900085449219,108.93099975585938,0.0
2025-01-03 21:52:00+00:00,108.93000030517578,108.93099975585938,108.93000030517578,108.93000030517578,0.0
2025-01-03 21:54:00+00:00,108.9280014038086,108.92900085449219,108.9280014038086,108.9280014038086,0.0
2025-01-03 21:55:00+00:00,108.9280014038086,108.92900085449219,108.927001953125,108.9280014038086,0.0
2025-01-03 21:56:00+00:00,108.9260025024414,108.9280014038086,108.9219970703125,108.9280014038086,0.0
2025-01-03 21:57:00+00:00,108.9229965209961,108.92500305175781,108.9219970703125,108.92500305175781,0.0
2025-01-03 21:58:00+00:00,108.9209976196289,108.92400360107422,108.9209976196289,108.9229965209961,0.0
2025-01-03 21:59:00+00:00,108.9219970703125,108.9520034790039,108.9209976196289,108.9209976196289,0.0
2025-01-05 22:02:00+00:00,108.9219970703125,108.9219970703125,108.9219970703125,108.9219970703125,0.0
2025-01-05 23:00:00+00:00,108.97000122070312,108.97200012207031,108.947998046875,108.97000122070312,0.0
2025-01-05 23:01:00+00:00,108.97000122070312,108.9739990234375,108.97000122070312,108.97000122070312,0.0
2025-01-05 23:02:00+00:00,108.9749984741211,108.9749984741211,108.97000122070312,108.97000122070312,0.0
2025-01-05 23:03:00+00:00,108.97000122070312,108.9739990234375,108.97000122070312,108.9739990234375,0.0
2025-01-05 23:04:00+00:00,108.96199798583984,108.97200012207031,108.96199798583984,108.97000122070312,0.0
2025-01-05 23:05:00+00:00,108.96900177001953,108.96900177001953,108.96299743652344,108.96299743652344,0.0
2025-01-05 23:06:00+00:00,108.96199798583984,108.96900177001953,108.95899963378906,108.96900177001953,0.0
2025-01-05 23:07:00+00:00,108.96299743652344,108.96299743652344,108.96199798583984,108.96199798583984,0.0
2025-01-05 23:08:00+00:00,108.97000122070312,108.97000122070312,108.96299743652344,108.96299743652344,0.0
2025-01-05 23:10:00+00:00,108.96299743652344,108.96399688720703,108.96099853515625,108.96199798583984,0.0
2025-01-05 23:11:00+00:00,108.96399688720703,108.96900177001953,108.96299743652344,108.96399688720703,0.0
2025-01-05 23:12:00+00:00,108.96299743652344,108.96900177001953,108.96099853515625,108.96399688720703,0.0
2025-01-05 23:13:00+00:00,108.9540023803711,108.96299743652344,108.9540023803711,108.96299743652344,0.0
2025-01-05 23:14:00+00:00,108.95600128173828,108.95700073242188,108.9540023803711,108.9540023803711,0.0
2025-01-05 23:15:00+00:00,108.9530029296875,108.95899963378906,108.9530029296875,108.95500183105469,0.0
2025-01-05 23:16:00+00:00,108.94599914550781,108.9520034790039,108.94599914550781,108.9520034790039,0.0
2025-01-05 23:17:00+00:00,108.9489974975586,108.9489974975586,108.94400024414062,108.94599914550781,0.0
2025-01-05 23:18:00+00:00,108.9469985961914,108.9489974975586,108.9469985961914,108.9489974975586,0.0
2025-01-05 23:19:00+00:00,108.947998046875,108.947998046875,108.94499969482422,108.9469985961914,0.0
2025-01-05 23:20:00+00:00,108.947998046875,108.9489974975586,108.947998046875,108.947998046875,0.0
2025-01-05 23:21:00+00:00,108.95099639892578,108.95099639892578,108.9469985961914,108.947998046875,0.0
2025-01-05 23:22:00+00:00,108.94999694824219,108.95500183105469,108.9489974975586,108.95099639892578,0.0
2025-01-05 23:23:00+00:00,108.947998046875,108.9520034790039,108.947998046875,108.94999694824219,0.0
2025-01-05 23:24:00+00:00,108.94999694824219,108.94999694824219,108.947998046875,108.9489974975586,0.0
2025-01-05 23:25:00+00:00,108.94999694824219,108.94999694824219,108.9489974975586,108.94999694824219,0.0
2025-01-05 23:26:00+00:00,108.9489974975586,108.94999694824219,108.947998046875,108.94999694824219,0.0
2025-01-05 23:27:00+00:00,108.94999694824219,108.9520034790039,108.9489974975586,108.9489974975586,0.0
2025-01-05 23:28:00+00:00,108.9489974975586,108.94999694824219,108.947998046875,108.9489974975586,0.0
2025-01-05 23:30:00+00:00,108.93800354003906,108.95099639892578,108.93800354003906,108.94999694824219,0.0
2025-01-05 23:31:00+00:00,108.94400024414062,108.947998046875,108.93800354003906,108.93800354003906,0.0
2025-01-05 23:32:00+00:00,108.947998046875,108.947998046875,108.94200134277344,108.94400024414062,0.0
2025-01-05 23:33:00+00:00,108.95700073242188,108.95800018310547,108.947998046875,108.947998046875,0.0
2025-01-05 23:34:00+00:00,108.95500183105469,108.95700073242188,108.9530029296875,108.95600128173828,0.0
2025-01-05 23:35:00+00:00,108.96099853515625,108.96099853515625,108.9540023803711,108.95500183105469,0.0
2025-01-05 23:36:00+00:00,108.95899963378906,108.96199798583984,108.95800018310547,108.96099853515625,0.0
2025-01-05 23:37:00+00:00,108.95700073242188,108.95899963378906,108.95700073242188,108.95899963378906,0.0
2025-01-05 23:38:00+00:00,108.95099639892578,108.95700073242188,108.95099639892578,108.95700073242188,0.0
2025-01-05 23:39:00+00:00,108.95099639892578,108.95099639892578,108.94999694824219,108.95099639892578,0.0
2025-01-05 23:40:00+00:00,108.94400024414062,108.95099639892578,108.94400024414062,108.95099639892578,0.0
2025-01-05 23:41:00+00:00,108.93699645996094,108.94400024414062,108.93699645996094,108.94400024414062,0.0
2025-01-05 23:42:00+00:00,108.93800354003906,108.93900299072266,108.93699645996094,108.93699645996094,0.0
2025-01-05 23:43:00+00:00,108.93299865722656,108.93800354003906,108.93299865722656,108.93800354003906,0.0
2025-01-05 23:44:00+00:00,108.93199920654297,108.93399810791016,108.93099975585938,108.93299865722656,0.0
2025-01-05 23:45:00+00:00,108.93099975585938,108.93199920654297,108.93000030517578,108.93199920654297,0.0
2025-01-05 23:46:00+00:00,108.9280014038086,108.93299865722656,108.9280014038086,108.93000030517578,0.0
2025-01-05 23:47:00+00:00,108.92400360107422,108.927001953125,108.92400360107422,108.927001953125,0.0
2025-01-05 23:48:00+00:00,108.9229965209961,108.92400360107422,108.9229965209961,108.92400360107422,0.0
2025-01-05 23:49:00+00:00,108.92400360107422,108.9260025024414,108.9229965209961,108.92400360107422,0.0
2025-01-05 23:50:00+00:00,108.9280014038086,108.93000030517578,108.92500305175781,108.92500305175781,0.0
2025-01-05 23:51:00+00:00,108.93299865722656,108.93399810791016,108.9280014038086,108.9280014038086,0.0
2025-01-05 23:52:00+00:00,108.94499969482422,108.94499969482422,108.93399810791016,108.93399810791016,0.0
2025-01-05 23:53:00+00:00,108.95600128173828,108.95600128173828,108.94499969482422,108.94599914550781,0.0
2025-01-05 23:54:00+00:00,108.9530029296875,108.95700073242188,108.9530029296875,108.95600128173828,0.0
2025-01-05 23:55:00+00:00,108.95800018310547,108.95899963378906,108.9540023803711,108.9540023803711,0.0
2025-01-05 23:56:00+00:00,108.96099853515625,108.96600341796875,108.95700073242188,108.95800018310547,0.0
2025-01-05 23:57:00+00:00,108.96099853515625,108.96399688720703,108.96099853515625,108.96199798583984,0.0
2025-01-05 23:58:00+00:00,108.95800018310547,108.96099853515625,108.95700073242188,108.96099853515625,0.0
2025-01-05 23:59:00+00:00,108.95899963378906,108.96099853515625,108.95800018310547,108.95800018310547,0.0
2025-01-06 00:00:00+00:00,108.97899627685547,108.97899627685547,108.95700073242188,108.95700073242188,0.0
2025-01-06 00:01:00+00:00,108.96900177001953,108.97899627685547,108.96800231933594,108.97899627685547,0.0
2025-01-06 00:02:00+00:00,108.98200225830078,108.98200225830078,108.96800231933594,108.96800231933594,0.0
2025-01-06 00:03:00+00:00,108.98400115966797,108.98400115966797,108.9800033569336,108.98200225830078,0.0
2025-01-06 00:04:00+00:00,108.99099731445312,108.99400329589844,108.98200225830078,108.98300170898438,0.0
2025-01-06 00:05:00+00:00,108.99700164794922,109.0,108.98999786376953,108.99099731445312,0.0
2025-01-06 00:06:00+00:00,109.00199890136719,109.00299835205078,108.99600219726562,108.99700164794922,0.0
2025-01-06 00:07:00+00:00,109.01399993896484,109.01399993896484,109.0009994506836,109.0009994506836,0.0
2025-01-06 00:08:00+00:00,109.01899719238281,109.0199966430664,109.01399993896484,109.01599884033203,0.0
2025-01-06 00:09:00+00:00,109.02300262451172,109.0260009765625,109.01899719238281,109.01899719238281,0.0
2025-01-06 00:10:00+00:00,109.03600311279297,109.03600311279297,109.01799774169922,109.02300262451172,0.0
2025-01-06 00:11:00+00:00,109.03900146484375,109.04000091552734,109.03299713134766,109.03600311279297,0.0
2025-01-06 00:12:00+00:00,109.0479965209961,109.0479965209961,109.03900146484375,109.03900146484375,0.0
2025-01-06 00:13:00+00:00,109.04000091552734,109.0479965209961,109.03800201416016,109.0479965209961,0.0
2025-01-06 00:14:00+00:00,109.0260009765625,109.04100036621094,109.02300262451172,109.04000091552734,0.0
2025-01-06 00:15:00+00:00,109.01399993896484,109.02799987792969,109.01399993896484,109.0260009765625,0.0
2025-01-06 00:16:00+00:00,109.01100158691406,109.0199966430664,109.00900268554688,109.01499938964844,0.0
2025-01-06 00:17:00+00:00,109.0199966430664,109.0199966430664,109.01100158691406,109.01399993896484,0.0
2025-01-06 00:18:00+00:00,109.02200317382812,109.02200317382812,109.01699829101562,109.01899719238281,0.0
2025-01-06 00:19:00+00:00,109.0260009765625,109.02999877929688,109.02200317382812,109.02200317382812,0.0
2025-01-06 00:20:00+00:00,109.03199768066406,109.03199768066406,109.0260009765625,109.0260009765625,0.0
2025-01-06 00:21:00+00:00,109.04199981689453,109.04199981689453,109.03199768066406,109.03199768066406,0.0
2025-01-06 00:22:00+00:00,109.04399871826172,109.04499816894531,109.04000091552734,109.04100036621094,0.0
2025-01-06 00:23:00+00:00,109.04299926757812,109.0469970703125,109.04199981689453,109.04399871826172,0.0
2025-01-06 00:24:00+00:00,109.03600311279297,109.0459976196289,109.03500366210938,109.04399871826172,0.0
2025-01-06 00:25:00+00:00,109.03900146484375,109.04299926757812,109.03700256347656,109.03700256347656,0.0
2025-01-06 00:26:00+00:00,109.04299926757812,109.04299926757812,109.03900146484375,109.03900146484375,0.0
2025-01-06 00:27:00+00:00,109.04299926757812,109.04299926757812,109.03800201416016,109.04299926757812,0.0
2025-01-06 00:28:00+00:00,109.0459976196289,109.0469970703125,109.04299926757812,109.04299926757812,0.0
2025-01-06 00:29:00+00:00,109.02999877929688,109.0459976196289,109.02899932861328,109.04499816894531,0.0
2025-01-06 00:30:00+00:00,109.03700256347656,109.03700256347656,109.02799987792969,109.02999877929688,0.0
2025-01-06 00:31:00+00:00,109.04499816894531,109.05000305175781,109.03600311279297,109.03700256347656,0.0
2025-01-06 00:32:00+00:00,109.052001953125,109.05400085449219,109.0459976196289,109.0459976196289,0.0
2025-01-06 00:33:00+00:00,109.05699920654297,109.05699920654297,109.052001953125,109.052001953125,0.0
2025-01-06 00:34:00+00:00,109.0530014038086,109.05999755859375,109.0530014038086,109.05699920654297,0.0
2025-01-06 00:35:00+00:00,109.05400085449219,109.05500030517578,109.04900360107422,109.0530014038086,0.0
2025-01-06 00:36:00+00:00,109.0530014038086,109.05599975585938,109.0530014038086,109.05400085449219,0.0
2025-01-06 00:37:00+00:00,109.06099700927734,109.06400299072266,109.0530014038086,109.05400085449219,0.0
2025-01-06 00:38:00+00:00,109.06199645996094,109.06300354003906,109.05999755859375,109.06099700927734,0.0
2025-01-06 00:39:00+00:00,109.06500244140625,109.06500244140625,109.05999755859375,109.06199645996094,0.0
2025-01-06 00:40:00+00:00,109.06700134277344,109.06900024414062,109.06500244140625,109.06600189208984,0.0
2025-01-06 00:41:00+00:00,109.05999755859375,109.06700134277344,109.05899810791016,109.06700134277344,0.0
2025-01-06 00:42:00+00:00,109.04900360107422,109.05999755859375,109.04900360107422,109.05999755859375,0.0
2025-01-06 00:43:00+00:00,109.04900360107422,109.05400085449219,109.0479965209961,109.04900360107422,0.0
2025-01-06 00:44:00+00:00,109.03399658203125,109.0479965209961,109.02999877929688,109.0479965209961,0.0
2025-01-06 00:45:00+00:00,109.03900146484375,109.04000091552734,109.03299713134766,109.03299713134766,0.0
2025-01-06 00:46:00+00:00,109.0469970703125,109.0530014038086,109.03900146484375,109.03900146484375,0.0
2025-01-06 00:47:00+00:00,109.0459976196289,109.05000305175781,109.04399871826172,109.0459976196289,0.0
2025-01-06 00:48:00+00:00,109.04199981689453,109.0459976196289,109.04100036621094,109.0459976196289,0.0
2025-01-06 00:49:00+00:00,109.04199981689453,109.04399871826172,109.04100036621094,109.04100036621094,0.0
2025-01-06 00:50:00+00:00,109.03299713134766,109.04499816894531,109.03299713134766,109.04299926757812,0.0
2025-01-06 00:51:00+00:00,109.0260009765625,109.03800201416016,109.0250015258789,109.03299713134766,0.0
2025-01-06 00:52:00+00:00,109.02200317382812,109.0270004272461,109.02200317382812,109.0260009765625,0.0
2025-01-06 00:53:00+00:00,109.01399993896484,109.02200317382812,109.01000213623047,109.02200317382812,0.0
2025-01-06 00:54:00+00:00,109.00499725341797,109.01499938964844,109.00299835205078,109.01499938964844,0.0
2025-01-06 00:55:00+00:00,108.97799682617188,109.00599670410156,108.97799682617188,109.00499725341797,0.0
2025-01-06 00:56:00+00:00,108.96299743652344,108.97899627685547,108.96199798583984,108.97799682617188,0.0
2025-01-06 00:57:00+00:00,108.95700073242188,108.96399688720703,108.95700073242188,108.96299743652344,0.0
2025-01-06 00:58:00+00:00,108.96700286865234,108.96700286865234,108.95500183105469,108.95700073242188,0.0
2025-01-06 00:59:00+00:00,108.96499633789062,108.96800231933594,108.95999908447266,108.96700286865234,0.0
2025-01-06 01:00:00+00:00,108.97599792480469,108.97599792480469,108.96499633789062,108.96600341796875,0.0
2025-01-06 01:01:00+00:00,108.98300170898438,108.98300170898438,108.97599792480469,108.97599792480469,0.0
2025-01-06 01:02:00+00:00,108.99099731445312,108.99199676513672,108.98100280761719,108.98300170898438,0.0
2025-01-06 01:03:00+00:00,108.98100280761719,108.99099731445312,108.9800033569336,108.99099731445312,0.0
2025-01-06 01:04:00+00:00,108.98200225830078,108.98200225830078,108.97799682617188,108.98100280761719,0.0
2025-01-06 01:05:00+00:00,108.98100280761719,108.98500061035156,108.98100280761719,108.98200225830078,0.0
2025-01-06 01:06:00+00:00,108.98999786376953,108.98999786376953,108.9800033569336,108.98100280761719,0.0
2025-01-06 01:07:00+00:00,108.9749984741211,108.98999786376953,108.9749984741211,108.98899841308594,0.0
2025-01-06 01:08:00+00:00,108.97000122070312,108.97599792480469,108.97000122070312,108.9749984741211,0.0
2025-01-06 01:09:00+00:00,108.9749984741211,108.9749984741211,108.96900177001953,108.97000122070312,0.0
2025-01-06 01:10:00+00:00,108.96800231933594,108.97599792480469,108.96700286865234,108.97599792480469,0.0
2025-01-06 01:11:00+00:00,108.95500183105469,108.96800231933594,108.95500183105469,108.96800231933594,0.0
2025-01-06 01:12:00+00:00,108.93800354003906,108.95500183105469,108.93800354003906,108.95500183105469,0.0
2025-01-06 01:13:00+00:00,108.93900299072266,108.94200134277344,108.93399810791016,108.93800354003906,0.0
2025-01-06 01:14:00+00:00,108.94000244140625,108.94100189208984,108.93499755859375,108.93900299072266,0.0
2025-01-06 01:15:00+00:00,108.91000366210938,108.94000244140625,108.90599822998047,108.94000244140625,0.0
2025-01-06 01:16:00+00:00,108.9010009765625,108.91100311279297,108.9000015258789,108.91000366210938,0.0
2025-01-06 01:17:00+00:00,108.89800262451172,108.90299987792969,108.8949966430664,108.9010009765625,0.0
2025-01-06 01:18:00+00:00,108.89700317382812,108.9010009765625,108.8949966430664,108.89900207519531,0.0
2025-01-06 01:19:00+00:00,108.89800262451172,108.9000015258789,108.8949966430664,108.89700317382812,0.0
2025-01-06 01:20:00+00:00,108.90399932861328,108.90499877929688,108.89800262451172,108.89800262451172,0.0
2025-01-06 01:21:00+00:00,108.90299987792969,108.90399932861328,108.9010009765625,108.90399932861328,0.0
2025-01-06 01:22:00+00:00,108.9010009765625,108.90499877929688,108.9000015258789,108.90299987792969,0.0
2025-01-06 01:23:00+00:00,108.91300201416016,108.91300201416016,108.89900207519531,108.9010009765625,0.0
2025-01-06 01:24:00+00:00,108.93299865722656,108.93299865722656,108.91300201416016,108.91300201416016,0.0
2025-01-06 01:25:00+00:00,108.93199920654297,108.94100189208984,108.93099975585938,108.93299865722656,0.0
2025-01-06 01:26:00+00:00,108.93599700927734,108.93699645996094,108.93199920654297,108.93199920654297,0.0
2025-01-06 01:27:00+00:00,108.94200134277344,108.94200134277344,108.93399810791016,108.93599700927734,0.0
2025-01-06 01:28:00+00:00,108.94999694824219,108.9520034790039,108.94100189208984,108.94100189208984,0.0
2025-01-06 01:29:00+00:00,108.93900299072266,108.94999694824219,108.93900299072266,108.94999694824219,0.0
2025-01-06 01:30:00+00:00,108.93199920654297,108.93900299072266,108.93199920654297,108.93900299072266,0.0
2025-01-06 01:31:00+00:00,108.94300079345703,108.94400024414062,108.92900085449219,108.93099975585938,0.0
2025-01-06 01:32:00+00:00,108.93800354003906,108.94400024414062,108.93499755859375,108.94300079345703,0.0
2025-01-06 01:33:00+00:00,108.92500305175781,108.93800354003906,108.92500305175781,108.93800354003906,0.0
2025-01-06 01:34:00+00:00,108.93199920654297,108.93199920654297,108.92500305175781,108.92500305175781,0.0
2025-01-06 01:35:00+00:00,108.94200134277344,108.94200134277344,108.93199920654297,108.93199920654297,0.0
2025-01-06 01:36:00+00:00,108.94499969482422,108.9540023803711,108.94200134277344,108.94200134277344,0.0
2025-01-06 01:37:00+00:00,108.94499969482422,108.947998046875,108.94400024414062,108.94499969482422,0.0
2025-01-06 01:38:00+00:00,108.9229965209961,108.94499969482422,108.91899871826172,108.94499969482422,0.0
2025-01-06 01:39:00+00:00,108.91999816894531,108.9229965209961,108.91699981689453,108.9229965209961,0.0
2025-01-06 01:40:00+00:00,108.9229965209961,108.9260025024414,108.91999816894531,108.9229965209961,0.0
2025-01-06 01:41:00+00:00,108.93000030517578,108.93199920654297,108.9219970703125,108.9219970703125,0.0
2025-01-06 01:42:00+00:00,108.93299865722656,108.93399810791016,108.93000030517578,108.93000030517578,0.0
2025-01-06 01:43:00+00:00,108.91699981689453,108.93199920654297,108.91699981689453,108.93199920654297,0.0
2025-01-06 01:44:00+00:00,108.91899871826172,108.9219970703125,108.91699981689453,108.91699981689453,0.0
2025-01-06 01:45:00+00:00,108.90699768066406,108.91899871826172,108.90599822998047,108.91899871826172,0.0
2025-01-06 01:46:00+00:00,108.91400146484375,108.91500091552734,108.90699768066406,108.90699768066406,0.0
2025-01-06 01:47:00+00:00,108.91300201416016,108.91999816894531,108.91300201416016,108.91400146484375,0.0
2025-01-06 01:48:00+00:00,108.91699981689453,108.91699981689453,108.91000366210938,108.91300201416016,0.0
2025-01-06 01:49:00+00:00,108.91999816894531,108.91999816894531,108.91500091552734,108.91799926757812,0.0
2025-01-06 01:50:00+00:00,108.927001953125,108.9280014038086,108.91999816894531,108.91999816894531,0.0
2025-01-06 01:51:00+00:00,108.91899871826172,108.927001953125,108.91899871826172,108.9260025024414,0.0
2025-01-06 01:52:00+00:00,108.90799713134766,108.91899871826172,108.90799713134766,108.91899871826172,0.0
2025-01-06 01:53:00+00:00,108.90799713134766,108.91100311279297,108.90599822998047,108.90799713134766,0.0
2025-01-06 01:54:00+00:00,108.90699768066406,108.90899658203125,108.9020004272461,108.90599822998047,0.0
2025-01-06 01:55:00+00:00,108.87699890136719,108.90799713134766,108.87699890136719,108.90699768066406,0.0
2025-01-06 01:56:00+00:00,108.875,108.88200378417969,108.875,108.87699890136719,0.0
2025-01-06 01:57:00+00:00,108.88200378417969,108.88200378417969,108.875,108.875,0.0
2025-01-06 01:58:00+00:00,108.88500213623047,108.88600158691406,108.87699890136719,108.88200378417969,0.0
2025-01-06 01:59:00+00:00,108.88400268554688,108.88500213623047,108.88099670410156,108.88500213623047,0.0
2025-01-06 02:00:00+00:00,108.88600158691406,108.88999938964844,108.88400268554688,108.88500213623047,0.0
2025-01-06 02:01:00+00:00,108.87699890136719,108.88500213623047,108.87699890136719,108.88500213623047,0.0
2025-01-06 02:02:00+00:00,108.88899993896484,108.88899993896484,108.87699890136719,108.87699890136719,0.0
2025-01-06 02:03:00+00:00,108.9000015258789,108.9010009765625,108.88899993896484,108.88899993896484,0.0
2025-01-06 02:04:00+00:00,108.8949966430664,108.9000015258789,108.89399719238281,108.9000015258789,0.0
2025-01-06 02:05:00+00:00,108.88500213623047,108.8949966430664,108.88300323486328,108.8949966430664,0.0
2025-01-06 02:06:00+00:00,108.87799835205078,108.88500213623047,108.87799835205078,108.88500213623047,0.0
2025-01-06 02:07:00+00:00,108.87799835205078,108.87899780273438,108.875,108.87799835205078,0.0
2025-01-06 02:08:00+00:00,108.87000274658203,108.87799835205078,108.87000274658203,108.87799835205078,0.0
2025-01-06 02:09:00+00:00,108.85399627685547,108.86900329589844,108.85299682617188,108.86799621582031,0.0
2025-01-06 02:10:00+00:00,108.8499984741211,108.85399627685547,108.8499984741211,108.85399627685547,0.0
2025-01-06 02:11:00+00:00,108.8499984741211,108.85299682617188,108.8489990234375,108.8499984741211,0.0
2025-01-06 02:12:00+00:00,108.84700012207031,108.85199737548828,108.84700012207031,108.8499984741211,0.0
2025-01-06 02:13:00+00:00,108.83399963378906,108.84600067138672,108.83300018310547,108.84500122070312,0.0
2025-01-06 02:14:00+00:00,108.84300231933594,108.84400177001953,108.83300018310547,108.83399963378906,0.0
2025-01-06 02:15:00+00:00,108.8550033569336,108.8550033569336,108.84300231933594,108.84400177001953,0.0
2025-01-06 02:16:00+00:00,108.85600280761719,108.86100006103516,108.85299682617188,108.85600280761719,0.0
2025-01-06 02:17:00+00:00,108.84200286865234,108.85600280761719,108.84200286865234,108.85600280761719,0.0
2025-01-06 02:18:00+00:00,108.83799743652344,108.84300231933594,108.83599853515625,108.84300231933594,0.0
2025-01-06 02:19:00+00:00,108.8499984741211,108.85199737548828,108.83999633789062,108.83999633789062,0.0
2025-01-06 02:20:00+00:00,108.8479995727539,108.86000061035156,108.8479995727539,108.85099792480469,0.0
2025-01-06 02:21:00+00:00,108.87100219726562,108.87100219726562,108.8489990234375,108.8489990234375,0.0
2025-01-06 02:22:00+00:00,108.87000274658203,108.87000274658203,108.86699676513672,108.87000274658203,0.0
2025-01-06 02:23:00+00:00,108.8759994506836,108.8759994506836,108.87200164794922,108.87200164794922,0.0
2025-01-06 02:24:00+00:00,108.87899780273438,108.87999725341797,108.8759994506836,108.8759994506836,0.0
2025-01-06 02:25:00+00:00,108.88800048828125,108.88899993896484,108.87899780273438,108.87899780273438,0.0
2025-01-06 02:26:00+00:00,108.88400268554688,108.88899993896484,108.88400268554688,108.88800048828125,0.0
2025-01-06 02:27:00+00:00,108.88200378417969,108.88500213623047,108.88200378417969,108.88400268554688,0.0
2025-01-06 02:28:00+00:00,108.87699890136719,108.88200378417969,108.87300109863281,108.88200378417969,0.0
2025-01-06 02:29:00+00:00,108.87999725341797,108.87999725341797,108.8759994506836,108.8759994506836,0.0
2025-01-06 02:30:00+00:00,108.88999938964844,108.88999938964844,108.87999725341797,108.87999725341797,0.0
2025-01-06 02:31:00+00:00,108.88700103759766,108.88999938964844,108.88500213623047,108.88999938964844,0.0
2025-01-06 02:32:00+00:00,108.88500213623047,108.88800048828125,108.88500213623047,108.88800048828125,0.0
2025-01-06 02:33:00+00:00,108.89099884033203,108.89099884033203,108.88200378417969,108.88500213623047,0.0
2025-01-06 02:34:00+00:00,108.89199829101562,108.89399719238281,108.89099884033203,108.89099884033203,0.0
2025-01-06 02:35:00+00:00,108.89399719238281,108.89399719238281,108.89299774169922,108.89299774169922,0.0
2025-01-06 02:36:00+00:00,108.89700317382812,108.9000015258789,108.89399719238281,108.89399719238281,0.0
2025-01-06 02:37:00+00:00,108.89299774169922,108.89700317382812,108.89099884033203,108.89700317382812,0.0
2025-01-06 02:38:00+00:00,108.88899993896484,108.8949966430664,108.88899993896484,108.89299774169922,0.0
2025-01-06 02:39:00+00:00,108.88700103759766,108.88899993896484,108.88500213623047,108.88899993896484,0.0
2025-01-06 02:40:00+00:00,108.87899780273438,108.88999938964844,108.87899780273438,108.88700103759766,0.0
2025-01-06 02:41:00+00:00,108.88200378417969,108.88200378417969,108.87999725341797,108.87999725341797,0.0
2025-01-06 02:42:00+00:00,108.87000274658203,108.88200378417969,108.87000274658203,108.88200378417969,0.0
2025-01-06 02:43:00+00:00,108.87300109863281,108.87300109863281,108.86499786376953,108.87000274658203,0.0
2025-01-06 02:44:00+00:00,108.8759994506836,108.8759994506836,108.87000274658203,108.87300109863281,0.0
2025-01-06 02:45:00+00:00,108.875,108.87799835205078,108.875,108.8759994506836,0.0
2025-01-06 02:46:00+00:00,108.86900329589844,108.875,108.86900329589844,108.875,0.0
2025-01-06 02:47:00+00:00,108.87100219726562,108.87300109863281,108.86799621582031,108.87100219726562,0.0
2025-01-06 02:48:00+00:00,108.86499786376953,108.87100219726562,108.86499786376953,108.87100219726562,0.0
2025-01-06 02:49:00+00:00,108.86000061035156,108.86699676513672,108.86000061035156,108.86499786376953,0.0
2025-01-06 02:50:00+00:00,108.86799621582031,108.86799621582031,108.86000061035156,108.86000061035156,0.0
2025-01-06 02:51:00+00:00,108.86599731445312,108.86799621582031,108.86599731445312,108.86799621582031,0.0
2025-01-06 02:52:00+00:00,108.86199951171875,108.86799621582031,108.86100006103516,108.86599731445312,0.0
2025-01-06 02:53:00+00:00,108.86000061035156,108.86399841308594,108.85900115966797,108.86299896240234,0.0
2025-01-06 02:54:00+00:00,108.86399841308594,108.86499786376953,108.85900115966797,108.85900115966797,0.0
2025-01-06 02:55:00+00:00,108.86000061035156,108.86599731445312,108.86000061035156,108.86299896240234,0.0
2025-01-06 02:56:00+00:00,108.85399627685547,108.86000061035156,108.85399627685547,108.86000061035156,0.0
2025-01-06 02:57:00+00:00,108.85900115966797,108.85900115966797,108.85299682617188,108.85299682617188,0.0
2025-01-06 02:58:00+00:00,108.85299682617188,108.85800170898438,108.85299682617188,108.85800170898438,0.0
2025-01-06 02:59:00+00:00,108.86399841308594,108.86499786376953,108.85399627685547,108.85399627685547,0.0
2025-01-06 03:00:00+00:00,108.86599731445312,108.86599731445312,108.86199951171875,108.86399841308594,0.0
2025-01-06 03:01:00+00:00,108.87000274658203,108.87000274658203,108.86599731445312,108.86699676513672,0.0
2025-01-06 03:02:00+00:00,108.86299896240234,108.87000274658203,108.86100006103516,108.87000274658203,0.0
2025-01-06 03:03:00+00:00,108.84100341796875,108.86299896240234,108.83999633789062,108.86299896240234,0.0
2025-01-06 03:04:00+00:00,108.84200286865234,108.84300231933594,108.83799743652344,108.84200286865234,0.0
2025-01-06 03:05:00+00:00,108.8499984741211,108.85099792480469,108.84100341796875,108.84300231933594,0.0
2025-01-06 03:06:00+00:00,108.84500122070312,108.85099792480469,108.84400177001953,108.85099792480469,0.0
2025-01-06 03:07:00+00:00,108.8499984741211,108.8499984741211,108.84400177001953,108.84500122070312,0.0
2025-01-06 03:08:00+00:00,108.86599731445312,108.86599731445312,108.8499984741211,108.8499984741211,0.0
2025-01-06 03:09:00+00:00,108.86900329589844,108.8759994506836,108.86599731445312,108.86699676513672,0.0
2025-01-06 03:10:00+00:00,108.86299896240234,108.86900329589844,108.86299896240234,108.86900329589844,0.0
2025-01-06 03:11:00+00:00,108.86299896240234,108.86399841308594,108.86199951171875,108.86299896240234,0.0
2025-01-06 03:12:00+00:00,108.85900115966797,108.86499786376953,108.85800170898438,108.86199951171875,0.0
2025-01-06 03:13:00+00:00,108.85900115966797,108.85900115966797,108.85700225830078,108.85900115966797,0.0
2025-01-06 03:14:00+00:00,108.86100006103516,108.86100006103516,108.85800170898438,108.85900115966797,0.0
2025-01-06 03:15:00+00:00,108.85399627685547,108.86199951171875,108.85399627685547,108.86100006103516,0.0
2025-01-06 03:16:00+00:00,108.86599731445312,108.86599731445312,108.85399627685547,108.85399627685547,0.0
2025-01-06 03:17:00+00:00,108.87200164794922,108.87799835205078,108.86599731445312,108.86599731445312,0.0
2025-01-06 03:18:00+00:00,108.875,108.8759994506836,108.87000274658203,108.87200164794922,0.0
2025-01-06 03:19:00+00:00,108.87699890136719,108.87899780273438,108.8740005493164,108.8740005493164,0.0
2025-01-06 03:20:00+00:00,108.87799835205078,108.87799835205078,108.87699890136719,108.87799835205078,0.0
2025-01-06 03:21:00+00:00,108.87200164794922,108.8759994506836,108.87000274658203,108.8759994506836,0.0
2025-01-06 03:22:00+00:00,108.87100219726562,108.87300109863281,108.87000274658203,108.87200164794922,0.0
2025-01-06 03:23:00+00:00,108.87100219726562,108.8759994506836,108.87100219726562,108.87200164794922,0.0
2025-01-06 03:24:00+00:00,108.86599731445312,108.87100219726562,108.86599731445312,108.87100219726562,0.0
2025-01-06 03:25:00+00:00,108.86199951171875,108.86699676513672,108.86100006103516,108.86599731445312,0.0
2025-01-06 03:26:00+00:00,108.86599731445312,108.86599731445312,108.86100006103516,108.86100006103516,0.0
2025-01-06 03:27:00+00:00,108.87200164794922,108.87300109863281,108.86399841308594,108.86599731445312,0.0
2025-01-06 03:28:00+00:00,108.87200164794922,108.875,108.87200164794922,108.87200164794922,0.0
2025-01-06 03:29:00+00:00,108.87100219726562,108.87300109863281,108.86900329589844,108.87200164794922,0.0
2025-01-06 03:30:00+00:00,108.8740005493164,108.8759994506836,108.87000274658203,108.87100219726562,0.0
2025-01-06 03:31:00+00:00,108.88200378417969,108.88200378417969,108.8740005493164,108.8740005493164,0.0
2025-01-06 03:32:00+00:00,108.88300323486328,108.88300323486328,108.88099670410156,108.88200378417969,0.0
2025-01-06 03:33:00+00:00,108.88200378417969,108.88500213623047,108.88099670410156,108.88300323486328,0.0
2025-01-06 03:34:00+00:00,108.88999938964844,108.89399719238281,108.88200378417969,108.88200378417969,0.0
2025-01-06 03:35:00+00:00,108.8759994506836,108.89299774169922,108.8759994506836,108.89099884033203,0.0
2025-01-06 03:36:00+00:00,108.87799835205078,108.87899780273438,108.8759994506836,108.8759994506836,0.0
2025-01-06 03:37:00+00:00,108.8759994506836,108.87899780273438,108.8740005493164,108.87799835205078,0.0
2025-01-06 03:38:00+00:00,108.86799621582031,108.875,108.86799621582031,108.875,0.0
2025-01-06 03:39:00+00:00,108.86799621582031,108.87000274658203,108.86699676513672,108.86900329589844,0.0
2025-01-06 03:40:00+00:00,108.87300109863281,108.8740005493164,108.86900329589844,108.86900329589844,0.0
2025-01-06 03:41:00+00:00,108.87699890136719,108.87699890136719,108.87300109863281,108.87300109863281,0.0
2025-01-06 03:42:00+00:00,108.87999725341797,108.87999725341797,108.87699890136719,108.87699890136719,0.0
2025-01-06 03:43:00+00:00,108.88600158691406,108.88600158691406,108.87899780273438,108.87899780273438,0.0
2025-01-06 03:44:00+00:00,108.88700103759766,108.89099884033203,108.88600158691406,108.88600158691406,0.0
2025-01-06 03:45:00+00:00,108.88300323486328,108.89099884033203,108.88300323486328,108.88700103759766,0.0
2025-01-06 03:46:00+00:00,108.88300323486328,108.88400268554688,108.88200378417969,108.88300323486328,0.0
2025-01-06 03:47:00+00:00,108.88099670410156,108.88300323486328,108.87999725341797,108.88200378417969,0.0
2025-01-06 03:48:00+00:00,108.88400268554688,108.88400268554688,108.88099670410156,108.88099670410156,0.0
2025-01-06 03:49:00+00:00,108.875,108.88400268554688,108.875,108.88400268554688,0.0
2025-01-06 03:50:00+00:00,108.87300109863281,108.87899780273438,108.87300109863281,108.87699890136719,0.0
2025-01-06 03:51:00+00:00,108.86499786376953,108.87000274658203,108.86399841308594,108.87000274658203,0.0
2025-01-06 03:52:00+00:00,108.86299896240234,108.86699676513672,108.86199951171875,108.86599731445312,0.0
2025-01-06 03:53:00+00:00,108.86199951171875,108.86499786376953,108.86199951171875,108.86299896240234,0.0
2025-01-06 03:54:00+00:00,108.86000061035156,108.86199951171875,108.85800170898438,108.86199951171875,0.0
2025-01-06 03:55:00+00:00,108.86399841308594,108.86499786376953,108.86000061035156,108.86000061035156,0.0
2025-01-06 03:56:00+00:00,108.86699676513672,108.86699676513672,108.86299896240234,108.86299896240234,0.0
2025-01-06 03:57:00+00:00,108.86699676513672,108.86799621582031,108.86399841308594,108.86699676513672,0.0
2025-01-06 03:58:00+00:00,108.875,108.875,108.86599731445312,108.86699676513672,0.0
2025-01-06 03:59:00+00:00,108.87000274658203,108.87699890136719,108.87000274658203,108.875,0.0
2025-01-06 04:00:00+00:00,108.86100006103516,108.87200164794922,108.86000061035156,108.87000274658203,0.0
2025-01-06 04:01:00+00:00,108.86399841308594,108.86399841308594,108.86100006103516,108.86100006103516,0.0
2025-01-06 04:02:00+00:00,108.86599731445312,108.86599731445312,108.86399841308594,108.86399841308594,0.0
2025-01-06 04:03:00+00:00,108.87200164794922,108.87200164794922,108.86599731445312,108.86599731445312,0.0
2025-01-06 04:04:00+00:00,108.87899780273438,108.87999725341797,108.87300109863281,108.87300109863281,0.0
2025-01-06 04:05:00+00:00,108.88200378417969,108.88300323486328,108.87899780273438,108.87899780273438,0.0
2025-01-06 04:06:00+00:00,108.88400268554688,108.88400268554688,108.88099670410156,108.88200378417969,0.0
2025-01-06 04:07:00+00:00,108.87999725341797,108.88500213623047,108.87999725341797,108.88400268554688,0.0
2025-01-06 04:08:00+00:00,108.88099670410156,108.88099670410156,108.87899780273438,108.87999725341797,0.0
2025-01-06 04:09:00+00:00,108.88099670410156,108.88099670410156,108.87899780273438,108.88099670410156,0.0
2025-01-06 04:10:00+00:00,108.87999725341797,108.88500213623047,108.87999725341797,108.88099670410156,0.0
2025-01-06 04:11:00+00:00,108.88099670410156,108.88099670410156,108.87999725341797,108.87999725341797,0.0
2025-01-06 04:12:00+00:00,108.88099670410156,108.88099670410156,108.87899780273438,108.87899780273438,0.0
2025-01-06 04:13:00+00:00,108.87899780273438,108.88200378417969,108.87899780273438,108.88099670410156,0.0
2025-01-06 04:14:00+00:00,108.88400268554688,108.88400268554688,108.87899780273438,108.87899780273438,0.0
2025-01-06 04:15:00+00:00,108.88800048828125,108.88999938964844,108.88500213623047,108.88500213623047,0.0
2025-01-06 04:16:00+00:00,108.88200378417969,108.88899993896484,108.88200378417969,108.88800048828125,0.0
2025-01-06 04:17:00+00:00,108.88500213623047,108.88899993896484,108.88200378417969,108.88300323486328,0.0
2025-01-06 04:18:00+00:00,108.88800048828125,108.88800048828125,108.88500213623047,108.88500213623047,0.0
2025-01-06 04:19:00+00:00,108.88999938964844,108.88999938964844,108.88800048828125,108.88800048828125,0.0
2025-01-06 04:20:00+00:00,108.89099884033203,108.89399719238281,108.88999938964844,108.88999938964844,0.0
2025-01-06 04:21:00+00:00,108.88999938964844,108.89700317382812,108.88999938964844,108.89199829101562,0.0
2025-01-06 04:22:00+00:00,108.88700103759766,108.89199829101562,108.88700103759766,108.88999938964844,0.0
2025-01-06 04:23:00+00:00,108.88300323486328,108.88700103759766,108.88300323486328,108.88700103759766,0.0
2025-01-06 04:24:00+00:00,108.88200378417969,108.88300323486328,108.88099670410156,108.88300323486328,0.0
2025-01-06 04:25:00+00:00,108.87799835205078,108.88200378417969,108.87799835205078,108.88200378417969,0.0
2025-01-06 04:26:00+00:00,108.88300323486328,108.88300323486328,108.87799835205078,108.87799835205078,0.0
2025-01-06 04:27:00+00:00,108.88099670410156,108.88300323486328,108.88099670410156,108.88200378417969,0.0
2025-01-06 04:28:00+00:00,108.87300109863281,108.88099670410156,108.87300109863281,108.88099670410156,0.0
2025-01-06 04:29:00+00:00,108.87300109863281,108.8740005493164,108.87100219726562,108.87200164794922,0.0
2025-01-06 04:30:00+00:00,108.86699676513672,108.8740005493164,108.86699676513672,108.8740005493164,0.0
2025-01-06 04:31:00+00:00,108.86599731445312,108.86799621582031,108.86399841308594,108.86799621582031,0.0
2025-01-06 04:32:00+00:00,108.86199951171875,108.86599731445312,108.86100006103516,108.86599731445312,0.0
2025-01-06 04:33:00+00:00,108.86000061035156,108.86100006103516,108.85900115966797,108.86100006103516,0.0
2025-01-06 04:34:00+00:00,108.86199951171875,108.86199951171875,108.85800170898438,108.85900115966797,0.0
2025-01-06 04:35:00+00:00,108.86100006103516,108.86299896240234,108.86000061035156,108.86199951171875,0.0
2025-01-06 04:36:00+00:00,108.86299896240234,108.86299896240234,108.86100006103516,108.86199951171875,0.0
2025-01-06 04:37:00+00:00,108.86000061035156,108.86299896240234,108.86000061035156,108.86299896240234,0.0
2025-01-06 04:38:00+00:00,108.85800170898438,108.86000061035156,108.85800170898438,108.86000061035156,0.0
2025-01-06 04:39:00+00:00,108.85800170898438,108.85800170898438,108.85800170898438,108.85800170898438,0.0
2025-01-06 04:40:00+00:00,108.85700225830078,108.85900115966797,108.85700225830078,108.85800170898438,0.0
2025-01-06 04:41:00+00:00,108.86100006103516,108.86100006103516,108.85700225830078,108.85700225830078,0.0
2025-01-06 04:42:00+00:00,108.86100006103516,108.86199951171875,108.86100006103516,108.86100006103516,0.0
2025-01-06 04:43:00+00:00,108.86499786376953,108.86599731445312,108.86100006103516,108.86100006103516,0.0
2025-01-06 04:44:00+00:00,108.86299896240234,108.86699676513672,108.86299896240234,108.86599731445312,0.0
2025-01-06 04:45:00+00:00,108.86299896240234,108.86399841308594,108.86199951171875,108.86199951171875,0.0
2025-01-06 04:46:00+00:00,108.86399841308594,108.86399841308594,108.86299896240234,108.86299896240234,0.0
2025-01-06 04:47:00+00:00,108.87100219726562,108.87200164794922,108.86399841308594,108.86399841308594,0.0
2025-01-06 04:48:00+00:00,108.86699676513672,108.87200164794922,108.86599731445312,108.87100219726562,0.0
2025-01-06 04:49:00+00:00,108.86599731445312,108.86699676513672,108.86599731445312,108.86699676513672,0.0
2025-01-06 04:50:00+00:00,108.86900329589844,108.86900329589844,108.86599731445312,108.86599731445312,0.0
2025-01-06 04:51:00+00:00,108.875,108.8759994506836,108.86900329589844,108.86900329589844,0.0
2025-01-06 04:52:00+00:00,108.87200164794922,108.8759994506836,108.87200164794922,108.875,0.0
2025-01-06 04:53:00+00:00,108.86799621582031,108.87200164794922,108.86799621582031,108.87200164794922,0.0
2025-01-06 04:54:00+00:00,108.86699676513672,108.87000274658203,108.86699676513672,108.86799621582031,0.0
2025-01-06 04:55:00+00:00,108.86499786376953,108.86699676513672,108.86499786376953,108.86699676513672,0.0
2025-01-06 04:56:00+00:00,108.86199951171875,108.86599731445312,108.86199951171875,108.86499786376953,0.0
2025-01-06 04:57:00+00:00,108.86699676513672,108.86699676513672,108.86199951171875,108.86199951171875,0.0
2025-01-06 04:58:00+00:00,108.8759994506836,108.87699890136719,108.86699676513672,108.86699676513672,0.0
2025-01-06 05:00:00+00:00,108.87699890136719,108.87799835205078,108.87100219726562,108.875,0.0
2025-01-06 05:01:00+00:00,108.8759994506836,108.87799835205078,108.8759994506836,108.87699890136719,0.0
2025-01-06 05:02:00+00:00,108.8740005493164,108.87799835205078,108.8740005493164,108.8759994506836,0.0
2025-01-06 05:03:00+00:00,108.87999725341797,108.88099670410156,108.8740005493164,108.8740005493164,0.0
2025-01-06 05:04:00+00:00,108.87999725341797,108.88400268554688,108.87999725341797,108.87999725341797,0.0
2025-01-06 05:05:00+00:00,108.88300323486328,108.88400268554688,108.87999725341797,108.87999725341797,0.0
2025-01-06 05:06:00+00:00,108.875,108.88300323486328,108.875,108.88300323486328,0.0
2025-01-06 05:07:00+00:00,108.87100219726562,108.875,108.86900329589844,108.875,0.0
2025-01-06 05:08:00+00:00,108.87200164794922,108.8759994506836,108.87000274658203,108.87100219726562,0.0
2025-01-06 05:09:00+00:00,108.87699890136719,108.87699890136719,108.87200164794922,108.87200164794922,0.0
2025-01-06 05:10:00+00:00,108.87799835205078,108.88400268554688,108.87699890136719,108.87699890136719,0.0
2025-01-06 05:11:00+00:00,108.87899780273438,108.87999725341797,108.8759994506836,108.87799835205078,0.0
2025-01-06 05:12:00+00:00,108.88300323486328,108.88300323486328,108.87899780273438,108.87899780273438,0.0
2025-01-06 05:13:00+00:00,108.88400268554688,108.88500213623047,108.87899780273438,108.88300323486328,0.0
2025-01-06 05:14:00+00:00,108.88200378417969,108.88500213623047,108.88200378417969,108.88500213623047,0.0
2025-01-06 05:15:00+00:00,108.88099670410156,108.88500213623047,108.88099670410156,108.88300323486328,0.0
2025-01-06 05:16:00+00:00,108.88500213623047,108.88500213623047,108.88099670410156,108.88200378417969,0.0
2025-01-06 05:17:00+00:00,108.89199829101562,108.8949966430664,108.88500213623047,108.88500213623047,0.0
2025-01-06 05:18:00+00:00,108.88800048828125,108.89600372314453,108.88800048828125,108.89199829101562,0.0
2025-01-06 05:19:00+00:00,108.88899993896484,108.88999938964844,108.88400268554688,108.88800048828125,0.0
2025-01-06 05:20:00+00:00,108.89800262451172,108.89800262451172,108.88899993896484,108.88899993896484,0.0
2025-01-06 05:21:00+00:00,108.89099884033203,108.89900207519531,108.89099884033203,108.89800262451172,0.0
2025-01-06 05:22:00+00:00,108.87899780273438,108.89099884033203,108.87899780273438,108.89099884033203,0.0
2025-01-06 05:23:00+00:00,108.87000274658203,108.87899780273438,108.87000274658203,108.87899780273438,0.0
2025-01-06 05:25:00+00:00,108.85800170898438,108.86399841308594,108.85800170898438,108.86399841308594,0.0
2025-01-06 05:26:00+00:00,108.85600280761719,108.85800170898438,108.85399627685547,108.85800170898438,0.0
2025-01-06 05:27:00+00:00,108.85600280761719,108.85800170898438,108.85600280761719,108.85600280761719,0.0
2025-01-06 05:28:00+00:00,108.86100006103516,108.86199951171875,108.85600280761719,108.85600280761719,0.0
2025-01-06 05:29:00+00:00,108.86199951171875,108.86199951171875,108.86000061035156,108.86100006103516,0.0
2025-01-06 05:30:00+00:00,108.85700225830078,108.86499786376953,108.85700225830078,108.86399841308594,0.0
2025-01-06 05:31:00+00:00,108.8550033569336,108.85800170898438,108.85399627685547,108.85700225830078,0.0
2025-01-06 05:32:00+00:00,108.85399627685547,108.85700225830078,108.85299682617188,108.8550033569336,0.0
2025-01-06 05:33:00+00:00,108.85299682617188,108.8550033569336,108.85199737548828,108.85399627685547,0.0
2025-01-06 05:34:00+00:00,108.84700012207031,108.85299682617188,108.84700012207031,108.85299682617188,0.0
2025-01-06 05:35:00+00:00,108.8499984741211,108.85099792480469,108.84600067138672,108.84700012207031,0.0
2025-01-06 05:36:00+00:00,108.85600280761719,108.85600280761719,108.8489990234375,108.8499984741211,0.0
2025-01-06 05:37:00+00:00,108.86299896240234,108.86399841308594,108.85600280761719,108.85600280761719,0.0
2025-01-06 05:38:00+00:00,108.86499786376953,108.86499786376953,108.86100006103516,108.86199951171875,0.0
2025-01-06 05:39:00+00:00,108.86599731445312,108.86699676513672,108.86499786376953,108.86499786376953,0.0
2025-01-06 05:40:00+00:00,108.87300109863281,108.87300109863281,108.86599731445312,108.86599731445312,0.0
2025-01-06 05:41:00+00:00,108.86900329589844,108.87200164794922,108.86900329589844,108.87200164794922,0.0
2025-01-06 05:42:00+00:00,108.86900329589844,108.87000274658203,108.86699676513672,108.86900329589844,0.0
2025-01-06 05:43:00+00:00,108.8740005493164,108.8740005493164,108.86399841308594,108.86900329589844,0.0
2025-01-06 05:44:00+00:00,108.87899780273438,108.87899780273438,108.87100219726562,108.8740005493164,0.0
2025-01-06 05:45:00+00:00,108.88300323486328,108.88300323486328,108.88099670410156,108.88099670410156,0.0
2025-01-06 05:46:00+00:00,108.87899780273438,108.88300323486328,108.8759994506836,108.88300323486328,0.0
2025-01-06 05:47:00+00:00,108.8740005493164,108.87999725341797,108.8740005493164,108.87999725341797,0.0
2025-01-06 05:48:00+00:00,108.86900329589844,108.8740005493164,108.86900329589844,108.8740005493164,0.0
2025-01-06 05:49:00+00:00,108.875,108.875,108.86799621582031,108.86799621582031,0.0
2025-01-06 05:50:00+00:00,108.88200378417969,108.88400268554688,108.875,108.875,0.0
2025-01-06 05:51:00+00:00,108.88200378417969,108.88400268554688,108.88200378417969,108.88200378417969,0.0
2025-01-06 05:52:00+00:00,108.88800048828125,108.88899993896484,108.88200378417969,108.88200378417969,0.0
2025-01-06 05:53:00+00:00,108.88300323486328,108.88800048828125,108.88099670410156,108.88800048828125,0.0
2025-01-06 05:54:00+00:00,108.88500213623047,108.88500213623047,108.88200378417969,108.88200378417969,0.0
2025-01-06 05:55:00+00:00,108.89399719238281,108.8949966430664,108.88500213623047,108.88500213623047,0.0
2025-01-06 05:56:00+00:00,108.89700317382812,108.89900207519531,108.89299774169922,108.89299774169922,0.0
2025-01-06 05:57:00+00:00,108.90399932861328,108.90399932861328,108.89099884033203,108.89700317382812,0.0
2025-01-06 05:58:00+00:00,108.89900207519531,108.90799713134766,108.89900207519531,108.90399932861328,0.0
2025-01-06 05:59:00+00:00,108.91300201416016,108.91400146484375,108.9000015258789,108.9000015258789,0.0
2025-01-06 06:00:00+00:00,108.91200256347656,108.91500091552734,108.90499877929688,108.91300201416016,0.0
2025-01-06 06:01:00+00:00,108.91400146484375,108.91500091552734,108.91000366210938,108.91200256347656,0.0
2025-01-06 06:02:00+00:00,108.91100311279297,108.91400146484375,108.90799713134766,108.91400146484375,0.0
2025-01-06 06:03:00+00:00,108.90499877929688,108.91100311279297,108.90399932861328,108.91100311279297,0.0
2025-01-06 06:04:00+00:00,108.89299774169922,108.90499877929688,108.89299774169922,108.90399932861328,0.0
2025-01-06 06:05:00+00:00,108.88400268554688,108.89399719238281,108.88099670410156,108.89299774169922,0.0
2025-01-06 06:06:00+00:00,108.9020004272461,108.9020004272461,108.88700103759766,108.88700103759766,0.0
2025-01-06 06:07:00+00:00,108.91400146484375,108.91600036621094,108.9020004272461,108.9020004272461,0.0
2025-01-06 06:08:00+00:00,108.91899871826172,108.9219970703125,108.91600036621094,108.91600036621094,0.0
2025-01-06 06:09:00+00:00,108.9020004272461,108.91799926757812,108.9020004272461,108.91799926757812,0.0
2025-01-06 06:10:00+00:00,108.89800262451172,108.90799713134766,108.89800262451172,108.9020004272461,0.0
2025-01-06 06:11:00+00:00,108.89700317382812,108.89900207519531,108.89600372314453,108.89900207519531,0.0
2025-01-06 06:12:00+00:00,108.8949966430664,108.89800262451172,108.89299774169922,108.89700317382812,0.0
2025-01-06 06:13:00+00:00,108.89299774169922,108.8949966430664,108.88999938964844,108.8949966430664,0.0
2025-01-06 06:14:00+00:00,108.8949966430664,108.89700317382812,108.89099884033203,108.89299774169922,0.0
2025-01-06 06:15:00+00:00,108.89299774169922,108.8949966430664,108.89099884033203,108.8949966430664,0.0
2025-01-06 06:16:00+00:00,108.89199829101562,108.89700317382812,108.89199829101562,108.89199829101562,0.0
2025-01-06 06:17:00+00:00,108.89800262451172,108.9000015258789,108.89199829101562,108.89299774169922,0.0
2025-01-06 06:18:00+00:00,108.88999938964844,108.89800262451172,108.88999938964844,108.89800262451172,0.0
2025-01-06 06:19:00+00:00,108.88800048828125,108.89199829101562,108.88700103759766,108.88999938964844,0.0
2025-01-06 06:20:00+00:00,108.89199829101562,108.89199829101562,108.88800048828125,108.88800048828125,0.0
2025-01-06 06:21:00+00:00,108.9010009765625,108.9010009765625,108.89199829101562,108.89199829101562,0.0
2025-01-06 06:22:00+00:00,108.91400146484375,108.91400146484375,108.9010009765625,108.9020004272461,0.0
2025-01-06 06:23:00+00:00,108.91899871826172,108.9209976196289,108.91400146484375,108.91400146484375,0.0
2025-01-06 06:24:00+00:00,108.91999816894531,108.9219970703125,108.91999816894531,108.91999816894531,0.0
2025-01-06 06:25:00+00:00,108.91999816894531,108.9209976196289,108.91899871826172,108.91999816894531,0.0
2025-01-06 06:26:00+00:00,108.9209976196289,108.9209976196289,108.91600036621094,108.91999816894531,0.0
2025-01-06 06:27:00+00:00,108.91799926757812,108.9209976196289,108.91699981689453,108.9209976196289,0.0
2025-01-06 06:28:00+00:00,108.91400146484375,108.91799926757812,108.91300201416016,108.91799926757812,0.0
2025-01-06 06:29:00+00:00,108.90899658203125,108.91500091552734,108.90899658203125,108.91400146484375,0.0
2025-01-06 06:30:00+00:00,108.89199829101562,108.90799713134766,108.89099884033203,108.90799713134766,0.0
2025-01-06 06:31:00+00:00,108.88700103759766,108.89099884033203,108.88700103759766,108.89099884033203,0.0
2025-01-06 06:32:00+00:00,108.88700103759766,108.88899993896484,108.88700103759766,108.88800048828125,0.0
2025-01-06 06:33:00+00:00,108.87899780273438,108.88700103759766,108.87899780273438,108.88700103759766,0.0
2025-01-06 06:34:00+00:00,108.87699890136719,108.87899780273438,108.87200164794922,108.87899780273438,0.0
2025-01-06 06:35:00+00:00,108.875,108.87899780273438,108.875,108.8759994506836,0.0
2025-01-06 06:36:00+00:00,108.87300109863281,108.8759994506836,108.87200164794922,108.875,0.0
2025-01-06 06:37:00+00:00,108.87000274658203,108.87300109863281,108.86699676513672,108.87300109863281,0.0
2025-01-06 06:38:00+00:00,108.86900329589844,108.87000274658203,108.86900329589844,108.87000274658203,0.0
2025-01-06 06:39:00+00:00,108.87200164794922,108.87200164794922,108.86599731445312,108.86699676513672,0.0
2025-01-06 06:41:00+00:00,108.86199951171875,108.8740005493164,108.86199951171875,108.87300109863281,0.0
2025-01-06 06:42:00+00:00,108.86100006103516,108.86199951171875,108.85900115966797,108.86199951171875,0.0
2025-01-06 06:43:00+00:00,108.86000061035156,108.86499786376953,108.86000061035156,108.86199951171875,0.0
2025-01-06 06:44:00+00:00,108.85199737548828,108.85900115966797,108.85099792480469,108.85900115966797,0.0
2025-01-06 06:45:00+00:00,108.85700225830078,108.85700225830078,108.84500122070312,108.85199737548828,0.0
2025-01-06 06:46:00+00:00,108.86199951171875,108.86199951171875,108.85600280761719,108.85600280761719,0.0
2025-01-06 06:47:00+00:00,108.87000274658203,108.87100219726562,108.86100006103516,108.86199951171875,0.0
2025-01-06 06:48:00+00:00,108.87200164794922,108.87200164794922,108.86900329589844,108.87100219726562,0.0
2025-01-06 06:49:00+00:00,108.88099670410156,108.88099670410156,108.87100219726562,108.87200164794922,0.0
2025-01-06 06:50:00+00:00,108.88899993896484,108.88899993896484,108.88099670410156,108.88099670410156,0.0
2025-01-06 06:51:00+00:00,108.89199829101562,108.89299774169922,108.88700103759766,108.88800048828125,0.0
2025-01-06 06:52:00+00:00,108.88700103759766,108.89299774169922,108.88600158691406,108.89299774169922,0.0
2025-01-06 06:53:00+00:00,108.89399719238281,108.8949966430664,108.88600158691406,108.88700103759766,0.0
2025-01-06 06:54:00+00:00,108.89600372314453,108.89700317382812,108.89399719238281,108.89399719238281,0.0
2025-01-06 06:55:00+00:00,108.88700103759766,108.89700317382812,108.88700103759766,108.89600372314453,0.0
2025-01-06 06:56:00+00:00,108.86900329589844,108.88700103759766,108.86799621582031,108.88700103759766,0.0
2025-01-06 06:57:00+00:00,108.88400268554688,108.88400268554688,108.86900329589844,108.86900329589844,0.0
2025-01-06 06:58:00+00:00,108.87899780273438,108.87999725341797,108.87799835205078,108.87999725341797,0.0
2025-01-06 06:59:00+00:00,108.875,108.87899780273438,108.875,108.87899780273438,0.0
2025-01-06 07:00:00+00:00,108.86199951171875,108.875,108.86100006103516,108.875,0.0
2025-01-06 07:01:00+00:00,108.85199737548828,108.86299896240234,108.85199737548828,108.86199951171875,0.0
2025-01-06 07:02:00+00:00,108.84600067138672,108.85399627685547,108.84500122070312,108.85099792480469,0.0
2025-01-06 07:03:00+00:00,108.85199737548828,108.8550033569336,108.84600067138672,108.84600067138672,0.0
2025-01-06 07:04:00+00:00,108.86499786376953,108.86799621582031,108.85199737548828,108.85199737548828,0.0
2025-01-06 07:05:00+00:00,108.89299774169922,108.89299774169922,108.86699676513672,108.86699676513672,0.0
2025-01-06 07:06:00+00:00,108.875,108.8949966430664,108.8740005493164,108.89299774169922,0.0
2025-01-06 07:07:00+00:00,108.875,108.87799835205078,108.875,108.875,0.0
2025-01-06 07:08:00+00:00,108.86199951171875,108.875,108.86000061035156,108.875,0.0
2025-01-06 07:09:00+00:00,108.87000274658203,108.87100219726562,108.86199951171875,108.86199951171875,0.0
2025-01-06 07:10:00+00:00,108.86299896240234,108.87000274658203,108.86199951171875,108.87000274658203,0.0
2025-01-06 07:11:00+00:00,108.85600280761719,108.86499786376953,108.85600280761719,108.86299896240234,0.0
2025-01-06 07:12:00+00:00,108.85399627685547,108.85800170898438,108.85199737548828,108.85600280761719,0.0
2025-01-06 07:13:00+00:00,108.85199737548828,108.85399627685547,108.8499984741211,108.85299682617188,0.0
2025-01-06 07:14:00+00:00,108.86100006103516,108.86599731445312,108.85099792480469,108.85199737548828,0.0
2025-01-06 07:15:00+00:00,108.86100006103516,108.86100006103516,108.85900115966797,108.86100006103516,0.0
2025-01-06 07:16:00+00:00,108.86900329589844,108.87000274658203,108.86100006103516,108.86100006103516,0.0
2025-01-06 07:17:00+00:00,108.86299896240234,108.87000274658203,108.86299896240234,108.86699676513672,0.0
2025-01-06 07:18:00+00:00,108.86199951171875,108.86299896240234,108.85800170898438,108.86199951171875,0.0
2025-01-06 07:19:00+00:00,108.85099792480469,108.86100006103516,108.85099792480469,108.86100006103516,0.0
2025-01-06 07:21:00+00:00,108.84700012207031,108.8479995727539,108.84500122070312,108.84500122070312,0.0
2025-01-06 07:22:00+00:00,108.84600067138672,108.85099792480469,108.84200286865234,108.84700012207031,0.0
2025-01-06 07:23:00+00:00,108.83999633789062,108.85399627685547,108.83999633789062,108.84500122070312,0.0
2025-01-06 07:24:00+00:00,108.8280029296875,108.83999633789062,108.8280029296875,108.83999633789062,0.0
2025-01-06 07:25:00+00:00,108.8270034790039,108.83200073242188,108.8270034790039,108.8280029296875,0.0
2025-01-06 07:26:00+00:00,108.8239974975586,108.8280029296875,108.822998046875,108.8270034790039,0.0
2025-01-06 07:27:00+00:00,108.8219985961914,108.8239974975586,108.82099914550781,108.8239974975586,0.0
2025-01-06 07:28:00+00:00,108.81500244140625,108.8219985961914,108.81500244140625,108.8219985961914,0.0
2025-01-06 07:29:00+00:00,108.80599975585938,108.81500244140625,108.80400085449219,108.81500244140625,0.0
2025-01-06 07:30:00+00:00,108.80599975585938,108.80799865722656,108.80400085449219,108.80599975585938,0.0
2025-01-06 07:31:00+00:00,108.80699920654297,108.80799865722656,108.80599975585938,108.80599975585938,0.0
2025-01-06 07:32:00+00:00,108.76499938964844,108.80799865722656,108.76499938964844,108.80799865722656,0.0
2025-01-06 07:33:00+00:00,108.7490005493164,108.76599884033203,108.74500274658203,108.76499938964844,0.0
2025-01-06 07:34:00+00:00,108.76200103759766,108.76200103759766,108.75,108.75,0.0
2025-01-06 07:35:00+00:00,108.75900268554688,108.76899719238281,108.75900268554688,108.76200103759766,0.0
2025-01-06 07:36:00+00:00,108.77200317382812,108.7770004272461,108.76000213623047,108.76000213623047,0.0
2025-01-06 07:37:00+00:00,108.76799774169922,108.77200317382812,108.76599884033203,108.77200317382812,0.0
2025-01-06 07:38:00+00:00,108.78299713134766,108.78399658203125,108.76899719238281,108.76899719238281,0.0
2025-01-06 07:39:00+00:00,108.79100036621094,108.79299926757812,108.78299713134766,108.78299713134766,0.0
2025-01-06 07:40:00+00:00,108.79000091552734,108.79199981689453,108.78399658203125,108.79199981689453,0.0
2025-01-06 07:41:00+00:00,108.79499816894531,108.79499816894531,108.78199768066406,108.79000091552734,0.0
2025-01-06 07:42:00+00:00,108.79299926757812,108.7979965209961,108.79299926757812,108.7959976196289,0.0
2025-01-06 07:43:00+00:00,108.79900360107422,108.802001953125,108.79299926757812,108.79299926757812,0.0
2025-01-06 07:44:00+00:00,108.78800201416016,108.79900360107422,108.78800201416016,108.79900360107422,0.0
2025-01-06 07:45:00+00:00,108.77899932861328,108.78900146484375,108.77899932861328,108.78800201416016,0.0
2025-01-06 07:46:00+00:00,108.78199768066406,108.78500366210938,108.77799987792969,108.77999877929688,0.0
2025-01-06 07:47:00+00:00,108.78600311279297,108.78600311279297,108.78099822998047,108.78199768066406,0.0
2025-01-06 07:48:00+00:00,108.77300262451172,108.78600311279297,108.77300262451172,108.78600311279297,0.0
2025-01-06 07:49:00+00:00,108.77799987792969,108.77799987792969,108.76799774169922,108.77300262451172,0.0
2025-01-06 07:50:00+00:00,108.78099822998047,108.78299713134766,108.77899932861328,108.77899932861328,0.0
2025-01-06 07:51:00+00:00,108.79299926757812,108.79399871826172,108.78099822998047,108.78099822998047,0.0
2025-01-06 07:52:00+00:00,108.77300262451172,108.79299926757812,108.77100372314453,108.79299926757812,0.0
2025-01-06 07:53:00+00:00,108.7699966430664,108.77300262451172,108.76699829101562,108.77200317382812,0.0
2025-01-06 07:54:00+00:00,108.76300048828125,108.77200317382812,108.76300048828125,108.7699966430664,0.0
2025-01-06 07:55:00+00:00,108.77200317382812,108.77200317382812,108.75900268554688,108.76300048828125,0.0
2025-01-06 07:56:00+00:00,108.7750015258789,108.78299713134766,108.77200317382812,108.77200317382812,0.0
2025-01-06 07:57:00+00:00,108.76100158691406,108.7750015258789,108.76100158691406,108.7750015258789,0.0
2025-01-06 07:58:00+00:00,108.75599670410156,108.76000213623047,108.74700164794922,108.76000213623047,0.0
2025-01-06 07:59:00+00:00,108.75599670410156,108.75599670410156,108.75199890136719,108.75599670410156,0.0
2025-01-06 08:00:00+00:00,108.75399780273438,108.76200103759766,108.75399780273438,108.75599670410156,0.0
2025-01-06 08:01:00+00:00,108.74299621582031,108.75599670410156,108.74299621582031,108.75399780273438,0.0
2025-01-06 08:02:00+00:00,108.72100067138672,108.74299621582031,108.72100067138672,108.74299621582031,0.0
2025-01-06 08:03:00+00:00,108.71399688720703,108.72200012207031,108.71199798583984,108.72200012207031,0.0
2025-01-06 08:04:00+00:00,108.7020034790039,108.71299743652344,108.69999694824219,108.71299743652344,0.0
2025-01-06 08:05:00+00:00,108.74199676513672,108.74700164794922,108.7020034790039,108.7020034790039,0.0
2025-01-06 08:06:00+00:00,108.72699737548828,108.74099731445312,108.72699737548828,108.73899841308594,0.0
2025-01-06 08:07:00+00:00,108.71299743652344,108.72699737548828,108.71099853515625,108.72699737548828,0.0
2025-01-06 08:08:00+00:00,108.71600341796875,108.72200012207031,108.71199798583984,108.71299743652344,0.0
2025-01-06 08:09:00+00:00,108.72699737548828,108.72799682617188,108.71600341796875,108.71600341796875,0.0
2025-01-06 08:10:00+00:00,108.7300033569336,108.7300033569336,108.72599792480469,108.72799682617188,0.0
2025-01-06 08:11:00+00:00,108.73300170898438,108.73300170898438,108.72899627685547,108.73100280761719,0.0
2025-01-06 08:12:00+00:00,108.7249984741211,108.73400115966797,108.7249984741211,108.73300170898438,0.0
2025-01-06 08:13:00+00:00,108.69999694824219,108.7249984741211,108.69599914550781,108.7249984741211,0.0
2025-01-06 08:14:00+00:00,108.68599700927734,108.6989974975586,108.68599700927734,108.697998046875,0.0
2025-01-06 08:15:00+00:00,108.65799713134766,108.68499755859375,108.65599822998047,108.68499755859375,0.0
2025-01-06 08:16:00+00:00,108.65399932861328,108.66400146484375,108.6510009765625,108.65799713134766,0.0
2025-01-06 08:17:00+00:00,108.64800262451172,108.65499877929688,108.64600372314453,108.65399932861328,0.0
2025-01-06 08:18:00+00:00,108.65799713134766,108.65799713134766,108.64700317382812,108.64900207519531,0.0
2025-01-06 08:19:00+00:00,108.65699768066406,108.66100311279297,108.65399932861328,108.65799713134766,0.0
2025-01-06 08:20:00+00:00,108.65399932861328,108.66100311279297,108.64900207519531,108.65699768066406,0.0
2025-01-06 08:21:00+00:00,108.6709976196289,108.6709976196289,108.65699768066406,108.65799713134766,0.0
2025-01-06 08:22:00+00:00,108.66999816894531,108.677001953125,108.66200256347656,108.66999816894531,0.0
2025-01-06 08:23:00+00:00,108.697998046875,108.697998046875,108.66899871826172,108.66999816894531,0.0
2025-01-06 08:24:00+00:00,108.7020034790039,108.71299743652344,108.6989974975586,108.6989974975586,0.0
2025-01-06 08:25:00+00:00,108.71499633789062,108.71499633789062,108.6989974975586,108.7020034790039,0.0
2025-01-06 08:26:00+00:00,108.70800018310547,108.71499633789062,108.70800018310547,108.71499633789062,0.0
2025-01-06 08:27:00+00:00,108.69599914550781,108.70999908447266,108.69200134277344,108.70500183105469,0.0
2025-01-06 08:28:00+00:00,108.69200134277344,108.6969985961914,108.69100189208984,108.6969985961914,0.0
2025-01-06 08:29:00+00:00,108.64900207519531,108.69200134277344,108.64900207519531,108.69200134277344,0.0
2025-01-06 08:30:00+00:00,108.62799835205078,108.64900207519531,108.62100219726562,108.64900207519531,0.0
2025-01-06 08:31:00+00:00,108.65399932861328,108.65899658203125,108.62799835205078,108.62799835205078,0.0
2025-01-06 08:32:00+00:00,108.66000366210938,108.66300201416016,108.65299987792969,108.65299987792969,0.0
2025-01-06 08:33:00+00:00,108.65599822998047,108.66000366210938,108.64700317382812,108.66000366210938,0.0
2025-01-06 08:34:00+00:00,108.66799926757812,108.67400360107422,108.65699768066406,108.65799713134766,0.0
2025-01-06 08:35:00+00:00,108.68499755859375,108.68599700927734,108.66300201416016,108.66799926757812,0.0
2025-01-06 08:36:00+00:00,108.68599700927734,108.68599700927734,108.6780014038086,108.68399810791016,0.0
2025-01-06 08:37:00+00:00,108.66999816894531,108.68599700927734,108.66899871826172,108.68599700927734,0.0
2025-01-06 08:38:00+00:00,108.6709976196289,108.6709976196289,108.66500091552734,108.66899871826172,0.0
2025-01-06 08:39:00+00:00,108.6729965209961,108.677001953125,108.66600036621094,108.6709976196289,0.0
2025-01-06 08:40:00+00:00,108.64700317382812,108.6729965209961,108.64700317382812,108.6729965209961,0.0
2025-01-06 08:41:00+00:00,108.6510009765625,108.65499877929688,108.64600372314453,108.64700317382812,0.0
2025-01-06 08:42:00+00:00,108.65799713134766,108.65899658203125,108.6500015258789,108.6500015258789,0.0
2025-01-06 08:43:00+00:00,108.66400146484375,108.66400146484375,108.65699768066406,108.65899658203125,0.0
2025-01-06 08:44:00+00:00,108.67500305175781,108.6760025024414,108.66500091552734,108.66500091552734,0.0
2025-01-06 08:45:00+00:00,108.6989974975586,108.6989974975586,108.67500305175781,108.67500305175781,0.0
2025-01-06 08:46:00+00:00,108.68599700927734,108.69999694824219,108.68599700927734,108.69999694824219,0.0
2025-01-06 08:47:00+00:00,108.6729965209961,108.68499755859375,108.6729965209961,108.68499755859375,0.0
2025-01-06 08:48:00+00:00,108.6760025024414,108.677001953125,108.6709976196289,108.6719970703125,0.0
2025-01-06 08:49:00+00:00,108.66300201416016,108.677001953125,108.66300201416016,108.6760025024414,0.0
2025-01-06 08:50:00+00:00,108.625,108.66300201416016,108.625,108.66300201416016,0.0
2025-01-06 08:51:00+00:00,108.61499786376953,108.62799835205078,108.61499786376953,108.6240005493164,0.0
2025-01-06 08:52:00+00:00,108.6240005493164,108.6240005493164,108.6050033569336,108.61299896240234,0.0
2025-01-06 08:53:00+00:00,108.6240005493164,108.62899780273438,108.6240005493164,108.6259994506836,0.0
2025-01-06 08:54:00+00:00,108.60900115966797,108.625,108.60800170898438,108.62300109863281,0.0
2025-01-06 08:55:00+00:00,108.60099792480469,108.61199951171875,108.59700012207031,108.61000061035156,0.0
2025-01-06 08:56:00+00:00,108.572998046875,108.60199737548828,108.5719985961914,108.60099792480469,0.0
2025-01-06 08:57:00+00:00,108.56700134277344,108.58399963378906,108.56700134277344,108.572998046875,0.0
2025-01-06 08:58:00+00:00,108.55899810791016,108.56900024414062,108.53700256347656,108.56600189208984,0.0
2025-01-06 08:59:00+00:00,108.55599975585938,108.55899810791016,108.54499816894531,108.55899810791016,0.0
2025-01-06 09:00:00+00:00,108.56700134277344,108.56700134277344,108.55000305175781,108.55400085449219,0.0
2025-01-06 09:01:00+00:00,108.58899688720703,108.59500122070312,108.5719985961914,108.5719985961914,0.0
2025-01-06 09:02:00+00:00,108.60800170898438,108.62200164794922,108.58899688720703,108.58899688720703,0.0
2025-01-06 09:03:00+00:00,108.55599975585938,108.6240005493164,108.55599975585938,108.60800170898438,0.0
2025-01-06 09:04:00+00:00,108.54499816894531,108.55400085449219,108.5009994506836,108.55400085449219,0.0
2025-01-06 09:05:00+00:00,108.5270004272461,108.5510025024414,108.51799774169922,108.5459976196289,0.0
2025-01-06 09:06:00+00:00,108.5270004272461,108.52899932861328,108.51000213623047,108.52799987792969,0.0
2025-01-06 09:07:00+00:00,108.54399871826172,108.54399871826172,108.51100158691406,108.5260009765625,0.0
2025-01-06 09:08:00+00:00,108.51499938964844,108.54000091552734,108.50700378417969,108.54000091552734,0.0
2025-01-06 09:09:00+00:00,108.4800033569336,108.52200317382812,108.4749984741211,108.51499938964844,0.0
2025-01-06 09:10:00+00:00,108.447998046875,108.47799682617188,108.43800354003906,108.47799682617188,0.0
2025-01-06 09:11:00+00:00,108.46700286865234,108.47100067138672,108.4530029296875,108.4530029296875,0.0
2025-01-06 09:12:00+00:00,108.46499633789062,108.46900177001953,108.46199798583984,108.46700286865234,0.0
2025-01-06 09:13:00+00:00,108.48600006103516,108.48699951171875,108.46099853515625,108.46099853515625,0.0
2025-01-06 09:14:00+00:00,108.51300048828125,108.51300048828125,108.48999786376953,108.48999786376953,0.0
2025-01-06 09:15:00+00:00,108.51899719238281,108.52400207519531,108.51899719238281,108.52400207519531,0.0
2025-01-06 09:16:00+00:00,108.50900268554688,108.51899719238281,108.50900268554688,108.51899719238281,0.0
2025-01-06 09:17:00+00:00,108.51200103759766,108.51200103759766,108.4990005493164,108.50900268554688,0.0
2025-01-06 09:18:00+00:00,108.50399780273438,108.51499938964844,108.50399780273438,108.51300048828125,0.0
2025-01-06 09:19:00+00:00,108.49500274658203,108.50299835205078,108.48100280761719,108.50299835205078,0.0
2025-01-06 09:20:00+00:00,108.50399780273438,108.51100158691406,108.49500274658203,108.49500274658203,0.0
2025-01-06 09:21:00+00:00,108.50700378417969,108.50900268554688,108.4990005493164,108.50399780273438,0.0
2025-01-06 09:22:00+00:00,108.48999786376953,108.51100158691406,108.48699951171875,108.50700378417969,0.0
2025-01-06 09:23:00+00:00,108.49099731445312,108.49099731445312,108.4749984741211,108.49099731445312,0.0
2025-01-06 09:24:00+00:00,108.4800033569336,108.49199676513672,108.47899627685547,108.49099731445312,0.0
2025-01-06 09:25:00+00:00,108.46199798583984,108.48200225830078,108.45800018310547,108.47899627685547,0.0
2025-01-06 09:26:00+00:00,108.48300170898438,108.48600006103516,108.45999908447266,108.45999908447266,0.0
2025-01-06 09:27:00+00:00,108.50700378417969,108.51200103759766,108.48300170898438,108.48300170898438,0.0
2025-01-06 09:28:00+00:00,108.50399780273438,108.50900268554688,108.4990005493164,108.50800323486328,0.0
2025-01-06 09:29:00+00:00,108.51499938964844,108.51499938964844,108.50299835205078,108.50499725341797,0.0
2025-01-06 09:30:00+00:00,108.53900146484375,108.54299926757812,108.51499938964844,108.51499938964844,0.0
2025-01-06 09:31:00+00:00,108.52200317382812,108.54299926757812,108.52100372314453,108.53900146484375,0.0
2025-01-06 09:32:00+00:00,108.52899932861328,108.52999877929688,108.51499938964844,108.52100372314453,0.0
2025-01-06 09:33:00+00:00,108.53500366210938,108.53900146484375,108.52799987792969,108.52799987792969,0.0
2025-01-06 09:34:00+00:00,108.54199981689453,108.54299926757812,108.53299713134766,108.53500366210938,0.0
2025-01-06 09:35:00+00:00,108.54000091552734,108.5459976196289,108.53399658203125,108.54199981689453,0.0
2025-01-06 09:36:00+00:00,108.54199981689453,108.54299926757812,108.53500366210938,108.53900146484375,0.0
2025-01-06 09:37:00+00:00,108.5469970703125,108.5479965209961,108.54000091552734,108.54100036621094,0.0
2025-01-06 09:38:00+00:00,108.56600189208984,108.56900024414062,108.5469970703125,108.5479965209961,0.0
2025-01-06 09:39:00+00:00,108.55699920654297,108.572998046875,108.55599975585938,108.56700134277344,0.0
2025-01-06 09:40:00+00:00,108.56700134277344,108.5719985961914,108.5510025024414,108.55799865722656,0.0
2025-01-06 09:41:00+00:00,108.58100128173828,108.58100128173828,108.56700134277344,108.56700134277344,0.0
2025-01-06 09:42:00+00:00,108.57099914550781,108.58499908447266,108.56700134277344,108.58200073242188,0.0
2025-01-06 09:43:00+00:00,108.5719985961914,108.5739974975586,108.56700134277344,108.5719985961914,0.0
2025-01-06 09:44:00+00:00,108.57099914550781,108.5739974975586,108.56900024414062,108.5719985961914,0.0
2025-01-06 09:45:00+00:00,108.56700134277344,108.5770034790039,108.56600189208984,108.57099914550781,0.0
2025-01-06 09:46:00+00:00,108.5459976196289,108.56700134277344,108.5459976196289,108.56700134277344,0.0
2025-01-06 09:47:00+00:00,108.55599975585938,108.55699920654297,108.54499816894531,108.5459976196289,0.0
2025-01-06 09:48:00+00:00,108.572998046875,108.572998046875,108.55500030517578,108.55599975585938,0.0
2025-01-06 09:49:00+00:00,108.5790023803711,108.5790023803711,108.56900024414062,108.5719985961914,0.0
2025-01-06 09:50:00+00:00,108.56199645996094,108.5780029296875,108.56099700927734,108.5780029296875,0.0
2025-01-06 09:51:00+00:00,108.56400299072266,108.56600189208984,108.55699920654297,108.56099700927734,0.0
2025-01-06 09:52:00+00:00,108.55799865722656,108.56700134277344,108.55799865722656,108.56500244140625,0.0
2025-01-06 09:53:00+00:00,108.55699920654297,108.55899810791016,108.552001953125,108.55599975585938,0.0
2025-01-06 09:54:00+00:00,108.55599975585938,108.58300018310547,108.55599975585938,108.55899810791016,0.0
2025-01-06 09:55:00+00:00,108.56199645996094,108.56500244140625,108.54399871826172,108.55500030517578,0.0
2025-01-06 09:56:00+00:00,108.55799865722656,108.56400299072266,108.55799865722656,108.56199645996094,0.0
2025-01-06 09:57:00+00:00,108.56400299072266,108.56400299072266,108.55799865722656,108.55799865722656,0.0
2025-01-06 09:58:00+00:00,108.55999755859375,108.56800079345703,108.55599975585938,108.56400299072266,0.0
2025-01-06 09:59:00+00:00,108.5459976196289,108.55899810791016,108.54499816894531,108.55899810791016,0.0
2025-01-06 10:00:00+00:00,108.54199981689453,108.5469970703125,108.53600311279297,108.5469970703125,0.0
2025-01-06 10:01:00+00:00,108.54000091552734,108.54399871826172,108.53600311279297,108.54199981689453,0.0
2025-01-06 10:02:00+00:00,108.55500030517578,108.55500030517578,108.54000091552734,108.54000091552734,0.0
2025-01-06 10:03:00+00:00,108.55599975585938,108.56600189208984,108.55500030517578,108.55500030517578,0.0
2025-01-06 10:04:00+00:00,108.5479965209961,108.55699920654297,108.54499816894531,108.55500030517578,0.0
2025-01-06 10:05:00+00:00,108.5530014038086,108.55899810791016,108.5469970703125,108.5479965209961,0.0
2025-01-06 10:06:00+00:00,108.58399963378906,108.58499908447266,108.5530014038086,108.5530014038086,0.0
2025-01-06 10:07:00+00:00,108.60199737548828,108.60199737548828,108.58399963378906,108.58399963378906,0.0
2025-01-06 10:08:00+00:00,108.60399627685547,108.6050033569336,108.59300231933594,108.60199737548828,0.0
2025-01-06 10:09:00+00:00,108.5999984741211,108.60199737548828,108.58999633789062,108.60199737548828,0.0
2025-01-06 10:10:00+00:00,108.61299896240234,108.61399841308594,108.5999984741211,108.5999984741211,0.0
2025-01-06 10:11:00+00:00,108.61599731445312,108.61699676513672,108.6050033569336,108.61299896240234,0.0
2025-01-06 10:12:00+00:00,108.62300109863281,108.62300109863281,108.61599731445312,108.61599731445312,0.0
2025-01-06 10:13:00+00:00,108.61599731445312,108.6259994506836,108.61599731445312,108.6240005493164,0.0
2025-01-06 10:14:00+00:00,108.6240005493164,108.625,108.61399841308594,108.61599731445312,0.0
2025-01-06 10:15:00+00:00,108.6259994506836,108.62899780273438,108.62200164794922,108.6240005493164,0.0
2025-01-06 10:16:00+00:00,108.61399841308594,108.625,108.61299896240234,108.625,0.0
2025-01-06 10:17:00+00:00,108.60700225830078,108.61399841308594,108.60399627685547,108.61399841308594,0.0
2025-01-06 10:18:00+00:00,108.59500122070312,108.60700225830078,108.59500122070312,108.60700225830078,0.0
2025-01-06 10:19:00+00:00,108.61900329589844,108.61900329589844,108.59400177001953,108.59500122070312,0.0
2025-01-06 10:20:00+00:00,108.62100219726562,108.62300109863281,108.61900329589844,108.61900329589844,0.0
2025-01-06 10:21:00+00:00,108.62200164794922,108.62200164794922,108.61900329589844,108.62000274658203,0.0
2025-01-06 10:22:00+00:00,108.625,108.62699890136719,108.62200164794922,108.62200164794922,0.0
2025-01-06 10:23:00+00:00,108.63899993896484,108.64299774169922,108.625,108.625,0.0
2025-01-06 10:24:00+00:00,108.63899993896484,108.6449966430664,108.63500213623047,108.63999938964844,0.0
2025-01-06 10:25:00+00:00,108.63600158691406,108.63999938964844,108.63500213623047,108.63800048828125,0.0
2025-01-06 10:26:00+00:00,108.62300109863281,108.63999938964844,108.62200164794922,108.63600158691406,0.0
2025-01-06 10:27:00+00:00,108.61599731445312,108.6240005493164,108.61499786376953,108.62300109863281,0.0
2025-01-06 10:28:00+00:00,108.61799621582031,108.62200164794922,108.60800170898438,108.61199951171875,0.0
2025-01-06 10:29:00+00:00,108.61699676513672,108.62100219726562,108.61699676513672,108.61799621582031,0.0
2025-01-06 10:30:00+00:00,108.61900329589844,108.62999725341797,108.61799621582031,108.61799621582031,0.0
2025-01-06 10:31:00+00:00,108.62100219726562,108.62300109863281,108.61499786376953,108.62000274658203,0.0
2025-01-06 10:32:00+00:00,108.61699676513672,108.62200164794922,108.61199951171875,108.62200164794922,0.0
2025-01-06 10:33:00+00:00,108.60600280761719,108.61599731445312,108.6050033569336,108.61599731445312,0.0
2025-01-06 10:34:00+00:00,108.61799621582031,108.61799621582031,108.60600280761719,108.60600280761719,0.0
2025-01-06 10:35:00+00:00,108.61900329589844,108.62200164794922,108.61499786376953,108.61799621582031,0.0
2025-01-06 10:36:00+00:00,108.62000274658203,108.62100219726562,108.61900329589844,108.61900329589844,0.0
2025-01-06 10:37:00+00:00,108.60299682617188,108.62100219726562,108.60299682617188,108.61900329589844,0.0
2025-01-06 10:38:00+00:00,108.60199737548828,108.60399627685547,108.5989990234375,108.60399627685547,0.0
2025-01-06 10:39:00+00:00,108.61799621582031,108.61799621582031,108.60199737548828,108.60199737548828,0.0
2025-01-06 10:40:00+00:00,108.61900329589844,108.62000274658203,108.61499786376953,108.61699676513672,0.0
2025-01-06 10:41:00+00:00,108.62000274658203,108.62200164794922,108.61799621582031,108.61799621582031,0.0
2025-01-06 10:42:00+00:00,108.62699890136719,108.62699890136719,108.61900329589844,108.62000274658203,0.0
2025-01-06 10:43:00+00:00,108.63800048828125,108.63800048828125,108.62699890136719,108.62699890136719,0.0
2025-01-06 10:44:00+00:00,108.6449966430664,108.6449966430664,108.63800048828125,108.63800048828125,0.0
2025-01-06 10:45:00+00:00,108.64800262451172,108.64800262451172,108.63300323486328,108.6449966430664,0.0
2025-01-06 10:46:00+00:00,108.64399719238281,108.6510009765625,108.63800048828125,108.64800262451172,0.0
2025-01-06 10:47:00+00:00,108.64700317382812,108.64700317382812,108.64199829101562,108.64399719238281,0.0
2025-01-06 10:48:00+00:00,108.64600372314453,108.64700317382812,108.63999938964844,108.64700317382812,0.0
2025-01-06 10:49:00+00:00,108.66200256347656,108.66799926757812,108.64600372314453,108.64600372314453,0.0
2025-01-06 10:50:00+00:00,108.65399932861328,108.66300201416016,108.6520004272461,108.66200256347656,0.0
2025-01-06 10:51:00+00:00,108.6510009765625,108.65899658203125,108.64800262451172,108.65499877929688,0.0
2025-01-06 10:52:00+00:00,108.66000366210938,108.66000366210938,108.6510009765625,108.6510009765625,0.0
2025-01-06 10:53:00+00:00,108.66799926757812,108.66999816894531,108.66000366210938,108.66000366210938,0.0
2025-01-06 10:54:00+00:00,108.68099975585938,108.68199920654297,108.66899871826172,108.66899871826172,0.0
2025-01-06 10:55:00+00:00,108.68299865722656,108.68499755859375,108.68000030517578,108.68199920654297,0.0
2025-01-06 10:56:00+00:00,108.69200134277344,108.6989974975586,108.68199920654297,108.68299865722656,0.0
2025-01-06 10:57:00+00:00,108.69400024414062,108.69400024414062,108.68900299072266,108.69200134277344,0.0
2025-01-06 10:58:00+00:00,108.6969985961914,108.70500183105469,108.69300079345703,108.69300079345703,0.0
2025-01-06 10:59:00+00:00,108.70700073242188,108.70700073242188,108.69599914550781,108.6969985961914,0.0
2025-01-06 11:00:00+00:00,108.70899963378906,108.71399688720703,108.70700073242188,108.70700073242188,0.0
2025-01-06 11:01:00+00:00,108.69100189208984,108.70899963378906,108.69100189208984,108.70800018310547,0.0
2025-01-06 11:02:00+00:00,108.7239990234375,108.75399780273438,108.69000244140625,108.69000244140625,0.0
2025-01-06 11:03:00+00:00,108.74299621582031,108.75199890136719,108.71499633789062,108.72599792480469,0.0
2025-01-06 11:04:00+00:00,108.69200134277344,108.74199676513672,108.69200134277344,108.74199676513672,0.0
2025-01-06 11:05:00+00:00,108.6729965209961,108.69000244140625,108.66999816894531,108.69000244140625,0.0
2025-01-06 11:06:00+00:00,108.65299987792969,108.6709976196289,108.65299987792969,108.66999816894531,0.0
2025-01-06 11:07:00+00:00,108.64099884033203,108.65599822998047,108.64099884033203,108.65299987792969,0.0
2025-01-06 11:08:00+00:00,108.62999725341797,108.64700317382812,108.62999725341797,108.63999938964844,0.0
2025-01-06 11:09:00+00:00,108.58000183105469,108.62999725341797,108.58000183105469,108.62999725341797,0.0
2025-01-06 11:10:00+00:00,108.54100036621094,108.58899688720703,108.54100036621094,108.58100128173828,0.0
2025-01-06 11:11:00+00:00,108.52100372314453,108.5479965209961,108.52100372314453,108.53900146484375,0.0
2025-01-06 11:12:00+00:00,108.46900177001953,108.51899719238281,108.44200134277344,108.51899719238281,0.0
2025-01-06 11:13:00+00:00,108.41999816894531,108.47100067138672,108.41899871826172,108.46499633789062,0.0
2025-01-06 11:14:00+00:00,108.30000305175781,108.41600036621094,108.26000213623047,108.41600036621094,0.0
2025-01-06 11:15:00+00:00,108.19599914550781,108.3239974975586,108.1709976196289,108.30799865722656,0.0
2025-01-06 11:16:00+00:00,108.21399688720703,108.25800323486328,108.15499877929688,108.19300079345703,0.0
2025-01-06 11:17:00+00:00,108.24199676513672,108.25,108.21099853515625,108.21900177001953,0.0
2025-01-06 11:18:00+00:00,108.25199890136719,108.26799774169922,108.23200225830078,108.24299621582031,0.0
2025-01-06 11:19:00+00:00,108.24800109863281,108.27200317382812,108.24099731445312,108.2509994506836,0.0
2025-01-06 11:20:00+00:00,108.1510009765625,108.24099731445312,108.1500015258789,108.24099731445312,0.0
2025-01-06 11:21:00+00:00,108.14900207519531,108.15599822998047,108.14399719238281,108.15399932861328,0.0
2025-01-06 11:22:00+00:00,108.0459976196289,108.16899871826172,108.04499816894531,108.1500015258789,0.0
2025-01-06 11:23:00+00:00,108.04399871826172,108.06300354003906,108.02100372314453,108.04100036621094,0.0
2025-01-06 11:24:00+00:00,108.08000183105469,108.08000183105469,108.02200317382812,108.04499816894531,0.0
2025-01-06 11:25:00+00:00,108.08499908447266,108.08799743652344,108.05000305175781,108.08000183105469,0.0
2025-01-06 11:26:00+00:00,108.125,108.1259994506836,108.0770034790039,108.08399963378906,0.0
2025-01-06 11:27:00+00:00,108.0780029296875,108.13200378417969,108.0780029296875,108.1259994506836,0.0
2025-01-06 11:28:00+00:00,108.0469970703125,108.0790023803711,108.01699829101562,108.0790023803711,0.0
2025-01-06 11:29:00+00:00,108.0250015258789,108.0510025024414,108.01200103759766,108.04299926757812,0.0
2025-01-06 11:30:00+00:00,107.96800231933594,108.0260009765625,107.96700286865234,108.0260009765625,0.0
2025-01-06 11:31:00+00:00,107.91000366210938,107.96800231933594,107.90299987792969,107.96800231933594,0.0
2025-01-06 11:32:00+00:00,107.93000030517578,107.94599914550781,107.90499877929688,107.91000366210938,0.0
2025-01-06 11:33:00+00:00,107.87899780273438,107.93199920654297,107.87100219726562,107.93099975585938,0.0
2025-01-06 11:34:00+00:00,107.93499755859375,107.94499969482422,107.88300323486328,107.88300323486328,0.0
2025-01-06 11:35:00+00:00,107.95099639892578,107.9729995727539,107.93599700927734,107.93599700927734,0.0
2025-01-06 11:36:00+00:00,107.94999694824219,107.96299743652344,107.94400024414062,107.95899963378906,0.0
2025-01-06 11:37:00+00:00,107.94599914550781,107.9540023803711,107.93299865722656,107.95099639892578,0.0
2025-01-06 11:38:00+00:00,107.96099853515625,107.97100067138672,107.93900299072266,107.94499969482422,0.0
2025-01-06 11:39:00+00:00,107.93099975585938,107.95899963378906,107.927001953125,107.95899963378906,0.0
2025-01-06 11:40:00+00:00,107.9229965209961,107.93900299072266,107.91000366210938,107.93599700927734,0.0
2025-01-06 11:41:00+00:00,107.9530029296875,107.96199798583984,107.91999816894531,107.9209976196289,0.0
2025-01-06 11:42:00+00:00,107.95700073242188,107.95700073242188,107.94000244140625,107.9540023803711,0.0
2025-01-06 11:43:00+00:00,107.98400115966797,107.98799896240234,107.95700073242188,107.95700073242188,0.0
2025-01-06 11:44:00+00:00,107.98100280761719,107.98200225830078,107.96199798583984,107.98200225830078,0.0
2025-01-06 11:45:00+00:00,108.01799774169922,108.01799774169922,107.97699737548828,107.98100280761719,0.0
2025-01-06 11:46:00+00:00,108.05699920654297,108.05699920654297,108.01899719238281,108.01899719238281,0.0
2025-01-06 11:47:00+00:00,108.06099700927734,108.06600189208984,108.03600311279297,108.05699920654297,0.0
2025-01-06 11:48:00+00:00,108.052001953125,108.06199645996094,108.04199981689453,108.06199645996094,0.0
2025-01-06 11:49:00+00:00,108.04900360107422,108.05400085449219,108.04100036621094,108.05400085449219,0.0
2025-01-06 11:50:00+00:00,108.01799774169922,108.0479965209961,108.01799774169922,108.0469970703125,0.0
2025-01-06 11:51:00+00:00,108.01499938964844,108.0250015258789,108.01200103759766,108.01899719238281,0.0
2025-01-06 11:52:00+00:00,107.99400329589844,108.01499938964844,107.99299621582031,108.01399993896484,0.0
2025-01-06 11:53:00+00:00,108.00499725341797,108.00499725341797,107.99199676513672,107.99299621582031,0.0
2025-01-06 11:54:00+00:00,107.96299743652344,108.00700378417969,107.96299743652344,108.00499725341797,0.0
2025-01-06 11:55:00+00:00,107.95099639892578,107.97100067138672,107.94400024414062,107.96399688720703,0.0
2025-01-06 11:56:00+00:00,107.9469985961914,107.96700286865234,107.9469985961914,107.95099639892578,0.0
2025-01-06 11:57:00+00:00,107.94100189208984,107.95500183105469,107.93800354003906,107.94599914550781,0.0
2025-01-06 11:58:00+00:00,107.9489974975586,107.95099639892578,107.94200134277344,107.94300079345703,0.0
2025-01-06 11:59:00+00:00,107.93800354003906,107.94999694824219,107.93800354003906,107.9489974975586,0.0
2025-01-06 12:00:00+00:00,107.91000366210938,107.93699645996094,107.91000366210938,107.93699645996094,0.0
2025-01-06 12:01:00+00:00,107.91699981689453,107.91699981689453,107.88700103759766,107.90899658203125,0.0
2025-01-06 12:02:00+00:00,107.87799835205078,107.91600036621094,107.87799835205078,107.91600036621094,0.0
2025-01-06 12:03:00+00:00,107.8499984741211,107.88500213623047,107.8499984741211,107.875,0.0
2025-01-06 12:04:00+00:00,107.89099884033203,107.89700317382812,107.8479995727539,107.8479995727539,0.0
2025-01-06 12:05:00+00:00,107.88700103759766,107.89299774169922,107.875,107.89199829101562,0.0
2025-01-06 12:06:00+00:00,107.89900207519531,107.89900207519531,107.87699890136719,107.88700103759766,0.0
2025-01-06 12:07:00+00:00,107.95099639892578,107.95099639892578,107.9000015258789,107.9000015258789,0.0
2025-01-06 12:08:00+00:00,107.9469985961914,107.95099639892578,107.93599700927734,107.95099639892578,0.0
2025-01-06 12:09:00+00:00,107.9520034790039,107.9540023803711,107.93099975585938,107.9469985961914,0.0
2025-01-06 12:10:00+00:00,107.97799682617188,107.98100280761719,107.94400024414062,107.94999694824219,0.0
2025-01-06 12:11:00+00:00,108.00599670410156,108.00700378417969,107.97699737548828,107.97799682617188,0.0
2025-01-06 12:12:00+00:00,107.99800109863281,108.01000213623047,107.99299621582031,108.00700378417969,0.0
2025-01-06 12:13:00+00:00,107.98899841308594,107.99500274658203,107.97599792480469,107.99500274658203,0.0
2025-01-06 12:14:00+00:00,108.00700378417969,108.00900268554688,107.98300170898438,107.98799896240234,0.0
2025-01-06 12:15:00+00:00,107.98600006103516,108.00900268554688,107.98100280761719,108.00700378417969,0.0
2025-01-06 12:16:00+00:00,107.97100067138672,107.98600006103516,107.96600341796875,107.98600006103516,0.0
2025-01-06 12:17:00+00:00,107.947998046875,107.9729995727539,107.94000244140625,107.9729995727539,0.0
2025-01-06 12:18:00+00:00,107.97599792480469,107.97599792480469,107.9469985961914,107.9469985961914,0.0
2025-01-06 12:19:00+00:00,107.99700164794922,107.99700164794922,107.98100280761719,107.98100280761719,0.0
2025-01-06 12:20:00+00:00,108.00599670410156,108.00700378417969,107.98600006103516,107.99800109863281,0.0
2025-01-06 12:21:00+00:00,108.03800201416016,108.03800201416016,107.9990005493164,108.00499725341797,0.0
2025-01-06 12:22:00+00:00,108.02999877929688,108.04000091552734,108.02799987792969,108.04000091552734,0.0
2025-01-06 12:23:00+00:00,108.05400085449219,108.05599975585938,108.0250015258789,108.02999877929688,0.0
2025-01-06 12:24:00+00:00,108.05400085449219,108.06400299072266,108.05000305175781,108.05400085449219,0.0
2025-01-06 12:25:00+00:00,108.05999755859375,108.08000183105469,108.05000305175781,108.0530014038086,0.0
2025-01-06 12:26:00+00:00,108.04399871826172,108.05599975585938,108.03600311279297,108.05599975585938,0.0
2025-01-06 12:27:00+00:00,108.05400085449219,108.05500030517578,108.04100036621094,108.04499816894531,0.0
2025-01-06 12:28:00+00:00,108.08100128173828,108.08100128173828,108.05400085449219,108.05400085449219,0.0
2025-01-06 12:29:00+00:00,108.08799743652344,108.09500122070312,108.0790023803711,108.0790023803711,0.0
2025-01-06 12:30:00+00:00,108.13600158691406,108.14099884033203,108.08799743652344,108.08799743652344,0.0
2025-01-06 12:31:00+00:00,108.14299774169922,108.14399719238281,108.13300323486328,108.13600158691406,0.0
2025-01-06 12:32:00+00:00,108.125,108.14399719238281,108.125,108.14399719238281,0.0
2025-01-06 12:33:00+00:00,108.0790023803711,108.1259994506836,108.0770034790039,108.125,0.0
2025-01-06 12:34:00+00:00,108.0739974975586,108.08200073242188,108.06500244140625,108.0790023803711,0.0
2025-01-06 12:35:00+00:00,108.02899932861328,108.0780029296875,108.0250015258789,108.072998046875,0.0
2025-01-06 12:36:00+00:00,108.02400207519531,108.02799987792969,108.01000213623047,108.02799987792969,0.0
2025-01-06 12:37:00+00:00,108.0250015258789,108.02799987792969,108.01699829101562,108.02300262451172,0.0
2025-01-06 12:38:00+00:00,108.01599884033203,108.0260009765625,108.00800323486328,108.0250015258789,0.0
2025-01-06 12:39:00+00:00,108.0199966430664,108.02200317382812,108.00800323486328,108.01399993896484,0.0
2025-01-06 12:40:00+00:00,108.02999877929688,108.02999877929688,108.01899719238281,108.01899719238281,0.0
2025-01-06 12:41:00+00:00,108.03099822998047,108.03900146484375,108.0260009765625,108.02999877929688,0.0
2025-01-06 12:42:00+00:00,108.04000091552734,108.0479965209961,108.02899932861328,108.03099822998047,0.0
2025-01-06 12:43:00+00:00,108.0260009765625,108.04100036621094,108.0260009765625,108.04100036621094,0.0
2025-01-06 12:44:00+00:00,108.02300262451172,108.0270004272461,108.02200317382812,108.02300262451172,0.0
2025-01-06 12:45:00+00:00,108.01300048828125,108.0260009765625,108.00800323486328,108.02200317382812,0.0
2025-01-06 12:46:00+00:00,108.02200317382812,108.0250015258789,107.99800109863281,108.01200103759766,0.0
2025-01-06 12:47:00+00:00,107.98500061035156,108.02300262451172,107.98500061035156,108.02300262451172,0.0
2025-01-06 12:48:00+00:00,107.98699951171875,107.99299621582031,107.98100280761719,107.98600006103516,0.0
2025-01-06 12:49:00+00:00,107.99800109863281,108.00199890136719,107.98799896240234,107.98799896240234,0.0
2025-01-06 12:50:00+00:00,108.01599884033203,108.01899719238281,107.99600219726562,107.99700164794922,0.0
2025-01-06 12:51:00+00:00,108.052001953125,108.05599975585938,108.01799774169922,108.01799774169922,0.0
2025-01-06 12:52:00+00:00,108.0739974975586,108.07499694824219,108.04900360107422,108.0510025024414,0.0
2025-01-06 12:53:00+00:00,108.09300231933594,108.09300231933594,108.06500244140625,108.0739974975586,0.0
2025-01-06 12:54:00+00:00,108.06600189208984,108.09400177001953,108.06099700927734,108.09400177001953,0.0
2025-01-06 12:55:00+00:00,108.0469970703125,108.06500244140625,108.0469970703125,108.06500244140625,0.0
2025-01-06 12:56:00+00:00,108.02899932861328,108.0479965209961,108.02899932861328,108.0469970703125,0.0
2025-01-06 12:57:00+00:00,108.01300048828125,108.03500366210938,108.01300048828125,108.02799987792969,0.0
2025-01-06 12:58:00+00:00,107.96199798583984,108.01300048828125,107.96199798583984,108.01300048828125,0.0
2025-01-06 12:59:00+00:00,107.97899627685547,107.98799896240234,107.95800018310547,107.96199798583984,0.0
2025-01-06 13:00:00+00:00,107.95500183105469,107.98100280761719,107.9469985961914,107.98100280761719,0.0
2025-01-06 13:01:00+00:00,107.90699768066406,107.9540023803711,107.90699768066406,107.9540023803711,0.0
2025-01-06 13:02:00+00:00,107.9010009765625,107.90599822998047,107.89099884033203,107.90599822998047,0.0
2025-01-06 13:03:00+00:00,107.90799713134766,107.90799713134766,107.89299774169922,107.9010009765625,0.0
2025-01-06 13:04:00+00:00,107.9219970703125,107.9229965209961,107.90799713134766,107.91000366210938,0.0
2025-01-06 13:05:00+00:00,107.91300201416016,107.9229965209961,107.9010009765625,107.9219970703125,0.0
2025-01-06 13:06:00+00:00,107.89399719238281,107.91500091552734,107.89399719238281,107.91500091552734,0.0
2025-01-06 13:07:00+00:00,107.91400146484375,107.91899871826172,107.88700103759766,107.89399719238281,0.0
2025-01-06 13:08:00+00:00,107.87999725341797,107.91000366210938,107.87999725341797,107.91000366210938,0.0
2025-01-06 13:09:00+00:00,107.84600067138672,107.88600158691406,107.84600067138672,107.87999725341797,0.0
2025-01-06 13:10:00+00:00,107.8759994506836,107.88099670410156,107.84200286865234,107.84600067138672,0.0
2025-01-06 13:11:00+00:00,107.88200378417969,107.89099884033203,107.8740005493164,107.8759994506836,0.0
2025-01-06 13:12:00+00:00,107.88500213623047,107.88500213623047,107.87200164794922,107.87899780273438,0.0
2025-01-06 13:13:00+00:00,107.88999938964844,107.9000015258789,107.87899780273438,107.88500213623047,0.0
2025-01-06 13:14:00+00:00,107.875,107.89199829101562,107.875,107.88999938964844,0.0
2025-01-06 13:15:00+00:00,107.85299682617188,107.875,107.83999633789062,107.875,0.0
2025-01-06 13:16:00+00:00,107.84200286865234,107.86000061035156,107.83999633789062,107.85299682617188,0.0
2025-01-06 13:17:00+00:00,107.87100219726562,107.87799835205078,107.83300018310547,107.84200286865234,0.0
2025-01-06 13:18:00+00:00,107.87000274658203,107.89099884033203,107.86799621582031,107.86799621582031,0.0
2025-01-06 13:19:00+00:00,107.85900115966797,107.87000274658203,107.85199737548828,107.87000274658203,0.0
2025-01-06 13:20:00+00:00,107.84100341796875,107.86299896240234,107.84100341796875,107.85900115966797,0.0
2025-01-06 13:21:00+00:00,107.822998046875,107.84200286865234,107.81700134277344,107.84100341796875,0.0
2025-01-06 13:22:00+00:00,107.84500122070312,107.85199737548828,107.8239974975586,107.8239974975586,0.0
2025-01-06 13:23:00+00:00,107.83599853515625,107.84600067138672,107.83300018310547,107.84500122070312,0.0
2025-01-06 13:24:00+00:00,107.83599853515625,107.84100341796875,107.83200073242188,107.83699798583984,0.0
2025-01-06 13:25:00+00:00,107.8290023803711,107.84500122070312,107.8280029296875,107.83599853515625,0.0
2025-01-06 13:26:00+00:00,107.8280029296875,107.83899688720703,107.8239974975586,107.8290023803711,0.0
2025-01-06 13:27:00+00:00,107.78299713134766,107.8290023803711,107.7760009765625,107.8280029296875,0.0
2025-01-06 13:28:00+00:00,107.7770004272461,107.79199981689453,107.76599884033203,107.78399658203125,0.0
2025-01-06 13:29:00+00:00,107.75900268554688,107.7770004272461,107.75,107.7770004272461,0.0
2025-01-06 13:30:00+00:00,107.7770004272461,107.79900360107422,107.75700378417969,107.75900268554688,0.0
2025-01-06 13:31:00+00:00,107.84300231933594,107.84300231933594,107.7760009765625,107.7770004272461,0.0
2025-01-06 13:32:00+00:00,107.84500122070312,107.85800170898438,107.83699798583984,107.84300231933594,0.0
2025-01-06 13:33:00+00:00,107.86599731445312,107.8759994506836,107.84500122070312,107.84500122070312,0.0
2025-01-06 13:34:00+00:00,107.86699676513672,107.88300323486328,107.86199951171875,107.86499786376953,0.0
2025-01-06 13:35:00+00:00,107.87000274658203,107.88500213623047,107.86599731445312,107.86699676513672,0.0
2025-01-06 13:36:00+00:00,107.89399719238281,107.90899658203125,107.87000274658203,107.87000274658203,0.0
2025-01-06 13:37:00+00:00,107.90399932861328,107.91400146484375,107.89099884033203,107.89399719238281,0.0
2025-01-06 13:38:00+00:00,107.9010009765625,107.91300201416016,107.9010009765625,107.90299987792969,0.0
2025-01-06 13:39:00+00:00,107.91600036621094,107.91600036621094,107.89700317382812,107.9020004272461,0.0
2025-01-06 13:40:00+00:00,107.93199920654297,107.93199920654297,107.91300201416016,107.91500091552734,0.0
2025-01-06 13:41:00+00:00,107.9520034790039,107.96700286865234,107.93099975585938,107.93299865722656,0.0
2025-01-06 13:42:00+00:00,107.95600128173828,107.96199798583984,107.94599914550781,107.9530029296875,0.0
2025-01-06 13:43:00+00:00,107.947998046875,107.96099853515625,107.93900299072266,107.95600128173828,0.0
2025-01-06 13:44:00+00:00,107.98300170898438,107.98300170898438,107.95099639892578,107.95099639892578,0.0
2025-01-06 13:45:00+00:00,108.02200317382812,108.02300262451172,107.9749984741211,107.98400115966797,0.0
2025-01-06 13:46:00+00:00,107.9800033569336,108.01799774169922,107.97599792480469,108.01799774169922,0.0
2025-01-06 13:47:00+00:00,107.97100067138672,107.98300170898438,107.97100067138672,107.97899627685547,0.0
2025-01-06 13:48:00+00:00,107.96099853515625,107.97799682617188,107.96099853515625,107.97100067138672,0.0
2025-01-06 13:49:00+00:00,107.97000122070312,107.97000122070312,107.93499755859375,107.95999908447266,0.0
2025-01-06 13:50:00+00:00,107.94300079345703,107.97100067138672,107.94300079345703,107.96900177001953,0.0
2025-01-06 13:51:00+00:00,107.94300079345703,107.94300079345703,107.93599700927734,107.94100189208984,0.0
2025-01-06 13:52:00+00:00,107.947998046875,107.94999694824219,107.94100189208984,107.94300079345703,0.0
2025-01-06 13:53:00+00:00,107.96700286865234,107.96700286865234,107.94499969482422,107.947998046875,0.0
2025-01-06 13:54:00+00:00,107.9489974975586,107.9800033569336,107.947998046875,107.97100067138672,0.0
2025-01-06 13:55:00+00:00,107.94100189208984,107.95899963378906,107.94000244140625,107.9489974975586,0.0
2025-01-06 13:56:00+00:00,107.9530029296875,107.96399688720703,107.94100189208984,107.94200134277344,0.0
2025-01-06 13:57:00+00:00,107.9280014038086,107.95800018310547,107.91799926757812,107.9520034790039,0.0
2025-01-06 13:58:00+00:00,107.9469985961914,107.9520034790039,107.93000030517578,107.93000030517578,0.0
2025-01-06 13:59:00+00:00,107.92500305175781,107.9469985961914,107.9219970703125,107.9469985961914,0.0
2025-01-06 14:00:00+00:00,107.90299987792969,107.92900085449219,107.9000015258789,107.92400360107422,0.0
2025-01-06 14:01:00+00:00,107.89700317382812,107.90399932861328,107.88400268554688,107.90299987792969,0.0
2025-01-06 14:02:00+00:00,107.88700103759766,107.91799926757812,107.88700103759766,107.89600372314453,0.0
2025-01-06 14:03:00+00:00,107.88899993896484,107.88999938964844,107.8759994506836,107.88800048828125,0.0
2025-01-06 14:04:00+00:00,107.9020004272461,107.9020004272461,107.87899780273438,107.88999938964844,0.0
2025-01-06 14:05:00+00:00,107.86000061035156,107.90299987792969,107.86000061035156,107.90299987792969,0.0
2025-01-06 14:06:00+00:00,107.86900329589844,107.86900329589844,107.8499984741211,107.86100006103516,0.0
2025-01-06 14:07:00+00:00,107.89199829101562,107.89600372314453,107.86599731445312,107.86900329589844,0.0
2025-01-06 14:08:00+00:00,107.93499755859375,107.93499755859375,107.89099884033203,107.89199829101562,0.0
2025-01-06 14:09:00+00:00,107.96199798583984,107.96199798583984,107.9260025024414,107.93399810791016,0.0
2025-01-06 14:10:00+00:00,107.9729995727539,107.9729995727539,107.95899963378906,107.96099853515625,0.0
2025-01-06 14:11:00+00:00,107.9729995727539,107.9739990234375,107.95999908447266,107.9729995727539,0.0
2025-01-06 14:12:00+00:00,107.9540023803711,107.97799682617188,107.95099639892578,107.9739990234375,0.0
2025-01-06 14:13:00+00:00,107.9729995727539,107.9749984741211,107.9540023803711,107.9540023803711,0.0
2025-01-06 14:14:00+00:00,107.98300170898438,107.98300170898438,107.97000122070312,107.9729995727539,0.0
2025-01-06 14:15:00+00:00,108.14399719238281,108.18199920654297,107.98200225830078,107.98200225830078,0.0
2025-01-06 14:16:00+00:00,108.41400146484375,108.41400146484375,108.1259994506836,108.14700317382812,0.0
2025-01-06 14:17:00+00:00,108.38800048828125,108.43699645996094,108.38200378417969,108.41300201416016,0.0
2025-01-06 14:18:00+00:00,108.4729995727539,108.48500061035156,108.38899993896484,108.38899993896484,0.0
2025-01-06 14:19:00+00:00,108.447998046875,108.48100280761719,108.41100311279297,108.4749984741211,0.0
2025-01-06 14:20:00+00:00,108.47000122070312,108.48600006103516,108.447998046875,108.447998046875,0.0
2025-01-06 14:21:00+00:00,108.46700286865234,108.47000122070312,108.42400360107422,108.46800231933594,0.0
2025-01-06 14:22:00+00:00,108.41500091552734,108.4749984741211,108.41500091552734,108.46700286865234,0.0
2025-01-06 14:23:00+00:00,108.36299896240234,108.41799926757812,108.36199951171875,108.41400146484375,0.0
2025-01-06 14:24:00+00:00,108.42500305175781,108.42500305175781,108.3550033569336,108.36199951171875,0.0
2025-01-06 14:25:00+00:00,108.36299896240234,108.43299865722656,108.35700225830078,108.4260025024414,0.0
2025-01-06 14:26:00+00:00,108.35800170898438,108.4010009765625,108.35800170898438,108.36199951171875,0.0
2025-01-06 14:27:00+00:00,108.3270034790039,108.35600280761719,108.3270034790039,108.3550033569336,0.0
2025-01-06 14:28:00+00:00,108.26399993896484,108.3270034790039,108.26399993896484,108.32099914550781,0.0
2025-01-06 14:29:00+00:00,108.26200103759766,108.27200317382812,108.25499725341797,108.26300048828125,0.0
2025-01-06 14:30:00+00:00,108.2760009765625,108.28299713134766,108.23500061035156,108.26200103759766,0.0
2025-01-06 14:31:00+00:00,108.30400085449219,108.31700134277344,108.27400207519531,108.2760009765625,0.0
2025-01-06 14:32:00+00:00,108.32599639892578,108.3290023803711,108.2959976196289,108.30699920654297,0.0
2025-01-06 14:33:00+00:00,108.32099914550781,108.33100128173828,108.31500244140625,108.3239974975586,0.0
2025-01-06 14:34:00+00:00,108.33399963378906,108.33699798583984,108.31500244140625,108.31999969482422,0.0
2025-01-06 14:35:00+00:00,108.3499984741211,108.36100006103516,108.33000183105469,108.33399963378906,0.0
2025-01-06 14:36:00+00:00,108.32599639892578,108.36100006103516,108.32599639892578,108.3499984741211,0.0
2025-01-06 14:37:00+00:00,108.3010025024414,108.34600067138672,108.3010025024414,108.32599639892578,0.0
2025-01-06 14:38:00+00:00,108.30500030517578,108.30899810791016,108.28099822998047,108.3010025024414,0.0
2025-01-06 14:39:00+00:00,108.33699798583984,108.33999633789062,108.30500030517578,108.30500030517578,0.0
2025-01-06 14:40:00+00:00,108.3280029296875,108.33599853515625,108.31900024414062,108.33599853515625,0.0
2025-01-06 14:41:00+00:00,108.3239974975586,108.34100341796875,108.31900024414062,108.3290023803711,0.0
2025-01-06 14:42:00+00:00,108.39900207519531,108.39900207519531,108.322998046875,108.322998046875,0.0
2025-01-06 14:43:00+00:00,108.39099884033203,108.4000015258789,108.37799835205078,108.39900207519531,0.0
2025-01-06 14:44:00+00:00,108.39299774169922,108.40499877929688,108.38500213623047,108.39099884033203,0.0
2025-01-06 14:45:00+00:00,108.26200103759766,108.39299774169922,108.26200103759766,108.39299774169922,0.0
2025-01-06 14:46:00+00:00,108.27200317382812,108.28900146484375,108.26200103759766,108.26300048828125,0.0
2025-01-06 14:47:00+00:00,108.26000213623047,108.29499816894531,108.25800323486328,108.27400207519531,0.0
2025-01-06 14:48:00+00:00,108.23100280761719,108.26799774169922,108.23100280761719,108.26499938964844,0.0
2025-01-06 14:49:00+00:00,108.22899627685547,108.24199676513672,108.22799682617188,108.23400115966797,0.0
2025-01-06 14:50:00+00:00,108.21399688720703,108.23899841308594,108.21399688720703,108.2300033569336,0.0
2025-01-06 14:51:00+00:00,108.1989974975586,108.21900177001953,108.1989974975586,108.21499633789062,0.0
2025-01-06 14:52:00+00:00,108.18900299072266,108.21099853515625,108.18900299072266,108.20099639892578,0.0
2025-01-06 14:53:00+00:00,108.177001953125,108.18900299072266,108.16699981689453,108.18900299072266,0.0
2025-01-06 14:54:00+00:00,108.14399719238281,108.1729965209961,108.14099884033203,108.1729965209961,0.0
2025-01-06 14:55:00+00:00,108.16799926757812,108.16799926757812,108.13700103759766,108.1449966430664,0.0
2025-01-06 14:56:00+00:00,108.15699768066406,108.16799926757812,108.1520004272461,108.16799926757812,0.0
2025-01-06 14:57:00+00:00,108.1709976196289,108.1729965209961,108.15699768066406,108.15899658203125,0.0
2025-01-06 14:58:00+00:00,108.18900299072266,108.18900299072266,108.16999816894531,108.17500305175781,0.0
2025-01-06 14:59:00+00:00,108.19400024414062,108.1969985961914,108.18699645996094,108.18900299072266,0.0
2025-01-06 15:00:00+00:00,108.19000244140625,108.19400024414062,108.13899993896484,108.19400024414062,0.0
2025-01-06 15:01:00+00:00,108.21900177001953,108.21900177001953,108.18199920654297,108.19100189208984,0.0
2025-01-06 15:02:00+00:00,108.22000122070312,108.23200225830078,108.20800018310547,108.22000122070312,0.0
2025-01-06 15:03:00+00:00,108.26699829101562,108.26699829101562,108.21900177001953,108.22000122070312,0.0
2025-01-06 15:04:00+00:00,108.25399780273438,108.28199768066406,108.25399780273438,108.26599884033203,0.0
2025-01-06 15:05:00+00:00,108.19599914550781,108.25399780273438,108.18900299072266,108.25399780273438,0.0
2025-01-06 15:06:00+00:00,108.2229995727539,108.2229995727539,108.18499755859375,108.19599914550781,0.0
2025-01-06 15:07:00+00:00,108.25299835205078,108.25299835205078,108.2239990234375,108.2239990234375,0.0
2025-01-06 15:08:00+00:00,108.23600006103516,108.26200103759766,108.23600006103516,108.25399780273438,0.0
2025-01-06 15:09:00+00:00,108.26200103759766,108.26200103759766,108.22100067138672,108.23600006103516,0.0
2025-01-06 15:10:00+00:00,108.25900268554688,108.2760009765625,108.24299621582031,108.26200103759766,0.0
2025-01-06 15:11:00+00:00,108.27400207519531,108.28500366210938,108.2509994506836,108.25800323486328,0.0
2025-01-06 15:12:00+00:00,108.30400085449219,108.30500030517578,108.2699966430664,108.27799987792969,0.0
2025-01-06 15:13:00+00:00,108.25,108.30599975585938,108.24099731445312,108.30500030517578,0.0
2025-01-06 15:14:00+00:00,108.25199890136719,108.25800323486328,108.24600219726562,108.25199890136719,0.0
2025-01-06 15:15:00+00:00,108.27899932861328,108.28099822998047,108.25499725341797,108.25499725341797,0.0
2025-01-06 15:16:00+00:00,108.30599975585938,108.30599975585938,108.2750015258789,108.2770004272461,0.0
2025-01-06 15:17:00+00:00,108.31199645996094,108.3219985961914,108.29499816894531,108.30500030517578,0.0
2025-01-06 15:18:00+00:00,108.29299926757812,108.31199645996094,108.27400207519531,108.31099700927734,0.0
2025-01-06 15:19:00+00:00,108.32499694824219,108.32499694824219,108.29199981689453,108.29499816894531,0.0
2025-01-06 15:20:00+00:00,108.3290023803711,108.33999633789062,108.32099914550781,108.32599639892578,0.0
2025-01-06 15:21:00+00:00,108.3290023803711,108.33699798583984,108.32099914550781,108.3280029296875,0.0
2025-01-06 15:22:00+00:00,108.33200073242188,108.35399627685547,108.31900024414062,108.3290023803711,0.0
2025-01-06 15:23:00+00:00,108.33000183105469,108.33799743652344,108.32499694824219,108.33100128173828,0.0
2025-01-06 15:24:00+00:00,108.31700134277344,108.33100128173828,108.31300354003906,108.33000183105469,0.0
2025-01-06 15:25:00+00:00,108.33999633789062,108.34400177001953,108.31199645996094,108.31700134277344,0.0
2025-01-06 15:26:00+00:00,108.34200286865234,108.34500122070312,108.33699798583984,108.33799743652344,0.0
2025-01-06 15:27:00+00:00,108.33200073242188,108.34700012207031,108.33200073242188,108.34300231933594,0.0
2025-01-06 15:28:00+00:00,108.32599639892578,108.3290023803711,108.31900024414062,108.3290023803711,0.0
2025-01-06 15:29:00+00:00,108.31300354003906,108.32499694824219,108.31300354003906,108.32499694824219,0.0
2025-01-06 15:30:00+00:00,108.30799865722656,108.31199645996094,108.28700256347656,108.31199645996094,0.0
2025-01-06 15:31:00+00:00,108.3280029296875,108.33200073242188,108.30599975585938,108.30999755859375,0.0
2025-01-06 15:32:00+00:00,108.29399871826172,108.32599639892578,108.28700256347656,108.32599639892578,0.0
2025-01-06 15:33:00+00:00,108.30500030517578,108.31300354003906,108.29299926757812,108.2959976196289,0.0
2025-01-06 15:34:00+00:00,108.30400085449219,108.30599975585938,108.28399658203125,108.3030014038086,0.0
2025-01-06 15:35:00+00:00,108.2959976196289,108.31199645996094,108.2959976196289,108.30400085449219,0.0
2025-01-06 15:36:00+00:00,108.322998046875,108.322998046875,108.2959976196289,108.2959976196289,0.0
2025-01-06 15:37:00+00:00,108.35900115966797,108.35900115966797,108.322998046875,108.322998046875,0.0
2025-01-06 15:38:00+00:00,108.38899993896484,108.38899993896484,108.3479995727539,108.36000061035156,0.0
2025-01-06 15:39:00+00:00,108.37699890136719,108.39099884033203,108.36599731445312,108.39099884033203,0.0
2025-01-06 15:40:00+00:00,108.37999725341797,108.39900207519531,108.375,108.3759994506836,0.0
2025-01-06 15:41:00+00:00,108.37799835205078,108.38099670410156,108.35700225830078,108.38099670410156,0.0
2025-01-06 15:42:00+00:00,108.40499877929688,108.40599822998047,108.37999725341797,108.37999725341797,0.0
2025-01-06 15:43:00+00:00,108.39399719238281,108.40299987792969,108.38800048828125,108.40299987792969,0.0
2025-01-06 15:44:00+00:00,108.38300323486328,108.39900207519531,108.38200378417969,108.39399719238281,0.0
2025-01-06 15:45:00+00:00,108.32499694824219,108.38400268554688,108.3239974975586,108.38200378417969,0.0
2025-01-06 15:46:00+00:00,108.3270034790039,108.33200073242188,108.30000305175781,108.32499694824219,0.0
2025-01-06 15:47:00+00:00,108.33300018310547,108.33399963378906,108.31400299072266,108.3270034790039,0.0
2025-01-06 15:48:00+00:00,108.35800170898438,108.35800170898438,108.33100128173828,108.33599853515625,0.0
2025-01-06 15:49:00+00:00,108.37899780273438,108.37899780273438,108.35800170898438,108.35800170898438,0.0
2025-01-06 15:50:00+00:00,108.30500030517578,108.37899780273438,108.30500030517578,108.37899780273438,0.0
2025-01-06 15:51:00+00:00,108.29199981689453,108.30999755859375,108.28399658203125,108.30999755859375,0.0
2025-01-06 15:52:00+00:00,108.26699829101562,108.29000091552734,108.26300048828125,108.29000091552734,0.0
2025-01-06 15:53:00+00:00,108.25900268554688,108.26899719238281,108.25700378417969,108.26799774169922,0.0
2025-01-06 15:54:00+00:00,108.27200317382812,108.28099822998047,108.26000213623047,108.26000213623047,0.0
2025-01-06 15:55:00+00:00,108.27999877929688,108.28199768066406,108.27300262451172,108.27300262451172,0.0
2025-01-06 15:56:00+00:00,108.2490005493164,108.27999877929688,108.2490005493164,108.27999877929688,0.0
2025-01-06 15:57:00+00:00,108.20700073242188,108.25499725341797,108.20700073242188,108.2490005493164,0.0
2025-01-06 15:58:00+00:00,108.23100280761719,108.24600219726562,108.20700073242188,108.20700073242188,0.0
2025-01-06 15:59:00+00:00,108.23300170898438,108.23899841308594,108.22899627685547,108.23100280761719,0.0
2025-01-06 16:00:00+00:00,108.25499725341797,108.26000213623047,108.22599792480469,108.23300170898438,0.0
2025-01-06 16:01:00+00:00,108.23799896240234,108.25499725341797,108.23799896240234,108.25299835205078,0.0
2025-01-06 16:02:00+00:00,108.23600006103516,108.23600006103516,108.21199798583984,108.23500061035156,0.0
2025-01-06 16:03:00+00:00,108.2239990234375,108.24800109863281,108.2239990234375,108.23600006103516,0.0
2025-01-06 16:04:00+00:00,108.2229995727539,108.2239990234375,108.2020034790039,108.22200012207031,0.0
2025-01-06 16:05:00+00:00,108.23100280761719,108.23200225830078,108.21199798583984,108.2239990234375,0.0
2025-01-06 16:06:00+00:00,108.23799896240234,108.2490005493164,108.2300033569336,108.2300033569336,0.0
2025-01-06 16:07:00+00:00,108.25199890136719,108.25199890136719,108.22699737548828,108.23799896240234,0.0
2025-01-06 16:08:00+00:00,108.25599670410156,108.26300048828125,108.2509994506836,108.2509994506836,0.0
2025-01-06 16:09:00+00:00,108.25399780273438,108.25499725341797,108.23899841308594,108.25499725341797,0.0
2025-01-06 16:10:00+00:00,108.26100158691406,108.26300048828125,108.24400329589844,108.25299835205078,0.0
2025-01-06 16:11:00+00:00,108.28199768066406,108.28199768066406,108.26100158691406,108.26100158691406,0.0
2025-01-06 16:12:00+00:00,108.29299926757812,108.30000305175781,108.28299713134766,108.28299713134766,0.0
2025-01-06 16:13:00+00:00,108.26300048828125,108.29399871826172,108.26000213623047,108.29199981689453,0.0
2025-01-06 16:14:00+00:00,108.25900268554688,108.26300048828125,108.25599670410156,108.26300048828125,0.0
2025-01-06 16:15:00+00:00,108.25,108.26499938964844,108.25,108.26000213623047,0.0
2025-01-06 16:16:00+00:00,108.25299835205078,108.25900268554688,108.23899841308594,108.2509994506836,0.0
2025-01-06 16:17:00+00:00,108.26000213623047,108.26300048828125,108.25,108.25199890136719,0.0
2025-01-06 16:18:00+00:00,108.26000213623047,108.26200103759766,108.24700164794922,108.26000213623047,0.0
2025-01-06 16:19:00+00:00,108.25800323486328,108.27400207519531,108.25800323486328,108.26000213623047,0.0
2025-01-06 16:20:00+00:00,108.24299621582031,108.25700378417969,108.23500061035156,108.25700378417969,0.0
2025-01-06 16:21:00+00:00,108.26200103759766,108.26399993896484,108.23699951171875,108.24199676513672,0.0
2025-01-06 16:22:00+00:00,108.26799774169922,108.2699966430664,108.26200103759766,108.26200103759766,0.0
2025-01-06 16:23:00+00:00,108.2699966430664,108.27999877929688,108.26499938964844,108.26899719238281,0.0
2025-01-06 16:24:00+00:00,108.26000213623047,108.2699966430664,108.25900268554688,108.2699966430664,0.0
2025-01-06 16:25:00+00:00,108.26100158691406,108.26899719238281,108.25499725341797,108.25900268554688,0.0
2025-01-06 16:26:00+00:00,108.22699737548828,108.26100158691406,108.21800231933594,108.26000213623047,0.0
2025-01-06 16:27:00+00:00,108.23600006103516,108.23699951171875,108.2249984741211,108.2249984741211,0.0
2025-01-06 16:28:00+00:00,108.21499633789062,108.23500061035156,108.21399688720703,108.23500061035156,0.0
2025-01-06 16:29:00+00:00,108.20600128173828,108.21499633789062,108.1989974975586,108.21499633789062,0.0
2025-01-06 16:30:00+00:00,108.14099884033203,108.2030029296875,108.14099884033203,108.2030029296875,0.0
2025-01-06 16:31:00+00:00,108.13800048828125,108.1449966430664,108.13400268554688,108.14099884033203,0.0
2025-01-06 16:32:00+00:00,108.1500015258789,108.1500015258789,108.13800048828125,108.13899993896484,0.0
2025-01-06 16:33:00+00:00,108.18000030517578,108.18399810791016,108.1520004272461,108.1520004272461,0.0
2025-01-06 16:34:00+00:00,108.1719970703125,108.18499755859375,108.16999816894531,108.18000030517578,0.0
2025-01-06 16:35:00+00:00,108.15299987792969,108.1729965209961,108.15299987792969,108.1709976196289,0.0
2025-01-06 16:36:00+00:00,108.15699768066406,108.15699768066406,108.14199829101562,108.15299987792969,0.0
2025-01-06 16:37:00+00:00,108.16000366210938,108.16500091552734,108.15699768066406,108.15699768066406,0.0
2025-01-06 16:38:00+00:00,108.16500091552734,108.16500091552734,108.16000366210938,108.16100311279297,0.0
2025-01-06 16:39:00+00:00,108.16600036621094,108.17500305175781,108.16000366210938,108.16500091552734,0.0
2025-01-06 16:40:00+00:00,108.18099975585938,108.18099975585938,108.16300201416016,108.16600036621094,0.0
2025-01-06 16:41:00+00:00,108.18199920654297,108.18900299072266,108.18199920654297,108.18199920654297,0.0
2025-01-06 16:42:00+00:00,108.19000244140625,108.19999694824219,108.18199920654297,108.18299865722656,0.0
2025-01-06 16:43:00+00:00,108.1719970703125,108.19200134277344,108.16699981689453,108.19000244140625,0.0
2025-01-06 16:44:00+00:00,108.177001953125,108.18299865722656,108.1719970703125,108.1719970703125,0.0
2025-01-06 16:45:00+00:00,108.19400024414062,108.19499969482422,108.17400360107422,108.1760025024414,0.0
2025-01-06 16:46:00+00:00,108.1969985961914,108.20899963378906,108.19300079345703,108.19400024414062,0.0
2025-01-06 16:47:00+00:00,108.19999694824219,108.2030029296875,108.19499969482422,108.19599914550781,0.0
2025-01-06 16:48:00+00:00,108.20700073242188,108.20700073242188,108.197998046875,108.19999694824219,0.0
2025-01-06 16:49:00+00:00,108.2249984741211,108.2249984741211,108.2040023803711,108.20700073242188,0.0
2025-01-06 16:50:00+00:00,108.23600006103516,108.23699951171875,108.22100067138672,108.2249984741211,0.0
2025-01-06 16:51:00+00:00,108.23200225830078,108.23799896240234,108.2300033569336,108.23699951171875,0.0
2025-01-06 16:52:00+00:00,108.2300033569336,108.23200225830078,108.2239990234375,108.23200225830078,0.0
2025-01-06 16:53:00+00:00,108.2249984741211,108.23200225830078,108.22100067138672,108.22899627685547,0.0
2025-01-06 16:54:00+00:00,108.22100067138672,108.22699737548828,108.21800231933594,108.2249984741211,0.0
2025-01-06 16:55:00+00:00,108.22100067138672,108.22100067138672,108.21499633789062,108.22100067138672,0.0
2025-01-06 16:56:00+00:00,108.23500061035156,108.23600006103516,108.22200012207031,108.22200012207031,0.0
2025-01-06 16:57:00+00:00,108.23500061035156,108.24199676513672,108.23500061035156,108.23600006103516,0.0
2025-01-06 16:58:00+00:00,108.20099639892578,108.23600006103516,108.19999694824219,108.23600006103516,0.0
2025-01-06 16:59:00+00:00,108.197998046875,108.19999694824219,108.19400024414062,108.19999694824219,0.0
2025-01-06 17:00:00+00:00,108.20600128173828,108.21099853515625,108.1969985961914,108.197998046875,0.0
2025-01-06 17:01:00+00:00,108.21499633789062,108.21499633789062,108.20099639892578,108.20600128173828,0.0
2025-01-06 17:02:00+00:00,108.23899841308594,108.23899841308594,108.21499633789062,108.21499633789062,0.0
2025-01-06 17:03:00+00:00,108.25199890136719,108.25700378417969,108.23799896240234,108.23899841308594,0.0
2025-01-06 17:04:00+00:00,108.25299835205078,108.25599670410156,108.24700164794922,108.25,0.0
2025-01-06 17:05:00+00:00,108.25,108.25599670410156,108.25,108.25199890136719,0.0
2025-01-06 17:06:00+00:00,108.25900268554688,108.26000213623047,108.24400329589844,108.24700164794922,0.0
2025-01-06 17:07:00+00:00,108.26399993896484,108.26399993896484,108.25900268554688,108.25900268554688,0.0
2025-01-06 17:08:00+00:00,108.26399993896484,108.26499938964844,108.25900268554688,108.26300048828125,0.0
2025-01-06 17:09:00+00:00,108.28299713134766,108.28299713134766,108.26399993896484,108.26499938964844,0.0
2025-01-06 17:10:00+00:00,108.28500366210938,108.28600311279297,108.27799987792969,108.27999877929688,0.0
2025-01-06 17:11:00+00:00,108.29900360107422,108.30400085449219,108.28399658203125,108.28600311279297,0.0
2025-01-06 17:12:00+00:00,108.30500030517578,108.30699920654297,108.29900360107422,108.29900360107422,0.0
2025-01-06 17:13:00+00:00,108.30699920654297,108.31400299072266,108.30699920654297,108.30799865722656,0.0
2025-01-06 17:14:00+00:00,108.32099914550781,108.322998046875,108.30599975585938,108.30599975585938,0.0
2025-01-06 17:15:00+00:00,108.32099914550781,108.32099914550781,108.31500244140625,108.32099914550781,0.0
2025-01-06 17:16:00+00:00,108.31700134277344,108.32099914550781,108.31300354003906,108.32099914550781,0.0
2025-01-06 17:17:00+00:00,108.3270034790039,108.33000183105469,108.31800079345703,108.31800079345703,0.0
2025-01-06 17:18:00+00:00,108.33100128173828,108.33100128173828,108.32099914550781,108.3239974975586,0.0
2025-01-06 17:19:00+00:00,108.3280029296875,108.33499908447266,108.3280029296875,108.33100128173828,0.0
2025-01-06 17:20:00+00:00,108.31700134277344,108.3280029296875,108.31600189208984,108.3280029296875,0.0
2025-01-06 17:21:00+00:00,108.33000183105469,108.33100128173828,108.31600189208984,108.31700134277344,0.0
2025-01-06 17:22:00+00:00,108.3219985961914,108.3290023803711,108.32099914550781,108.3290023803711,0.0
2025-01-06 17:23:00+00:00,108.31400299072266,108.322998046875,108.31400299072266,108.322998046875,0.0
2025-01-06 17:24:00+00:00,108.31999969482422,108.32099914550781,108.31400299072266,108.31500244140625,0.0
2025-01-06 17:25:00+00:00,108.28800201416016,108.31999969482422,108.28700256347656,108.31999969482422,0.0
2025-01-06 17:26:00+00:00,108.30599975585938,108.30599975585938,108.28700256347656,108.28800201416016,0.0
2025-01-06 17:27:00+00:00,108.30599975585938,108.31600189208984,108.30599975585938,108.30599975585938,0.0
2025-01-06 17:28:00+00:00,108.30899810791016,108.30899810791016,108.3030014038086,108.30699920654297,0.0
2025-01-06 17:29:00+00:00,108.31300354003906,108.31300354003906,108.30400085449219,108.30899810791016,0.0
2025-01-06 17:30:00+00:00,108.33000183105469,108.33100128173828,108.31300354003906,108.31300354003906,0.0
2025-01-06 17:31:00+00:00,108.33399963378906,108.33999633789062,108.3290023803711,108.33000183105469,0.0
2025-01-06 17:32:00+00:00,108.33499908447266,108.34200286865234,108.33399963378906,108.33399963378906,0.0
2025-01-06 17:33:00+00:00,108.31099700927734,108.33499908447266,108.31099700927734,108.33499908447266,0.0
2025-01-06 17:34:00+00:00,108.30400085449219,108.31099700927734,108.30400085449219,108.31099700927734,0.0
2025-01-06 17:35:00+00:00,108.31500244140625,108.31600189208984,108.29900360107422,108.30400085449219,0.0
2025-01-06 17:36:00+00:00,108.30599975585938,108.31500244140625,108.30599975585938,108.31500244140625,0.0
2025-01-06 17:37:00+00:00,108.30799865722656,108.30899810791016,108.30599975585938,108.30599975585938,0.0
2025-01-06 17:38:00+00:00,108.31500244140625,108.31500244140625,108.30699920654297,108.30799865722656,0.0
2025-01-06 17:39:00+00:00,108.31800079345703,108.32099914550781,108.31099700927734,108.31600189208984,0.0
2025-01-06 17:40:00+00:00,108.31600189208984,108.31800079345703,108.30999755859375,108.31700134277344,0.0
2025-01-06 17:41:00+00:00,108.3219985961914,108.322998046875,108.31400299072266,108.31600189208984,0.0
2025-01-06 17:42:00+00:00,108.33100128173828,108.33100128173828,108.3219985961914,108.3219985961914,0.0
2025-01-06 17:43:00+00:00,108.31900024414062,108.33000183105469,108.31800079345703,108.33000183105469,0.0
2025-01-06 17:44:00+00:00,108.31900024414062,108.31999969482422,108.31700134277344,108.31900024414062,0.0
2025-01-06 17:45:00+00:00,108.30999755859375,108.3239974975586,108.30999755859375,108.31999969482422,0.0
2025-01-06 17:46:00+00:00,108.30999755859375,108.31199645996094,108.30400085449219,108.30999755859375,0.0
2025-01-06 17:47:00+00:00,108.30000305175781,108.30999755859375,108.30000305175781,108.30999755859375,0.0
2025-01-06 17:48:00+00:00,108.31700134277344,108.31800079345703,108.302001953125,108.302001953125,0.0
2025-01-06 17:49:00+00:00,108.31500244140625,108.31700134277344,108.31400299072266,108.31700134277344,0.0
2025-01-06 17:50:00+00:00,108.33000183105469,108.33200073242188,108.31400299072266,108.31600189208984,0.0
2025-01-06 17:51:00+00:00,108.32599639892578,108.33300018310547,108.32599639892578,108.33100128173828,0.0
2025-01-06 17:52:00+00:00,108.32099914550781,108.33799743652344,108.32099914550781,108.32599639892578,0.0
2025-01-06 17:53:00+00:00,108.30699920654297,108.31999969482422,108.3010025024414,108.31999969482422,0.0
2025-01-06 17:54:00+00:00,108.28299713134766,108.30500030517578,108.28299713134766,108.30500030517578,0.0
2025-01-06 17:55:00+00:00,108.28099822998047,108.28800201416016,108.28099822998047,108.28299713134766,0.0
2025-01-06 17:56:00+00:00,108.28700256347656,108.28900146484375,108.27799987792969,108.28099822998047,0.0
2025-01-06 17:57:00+00:00,108.2699966430664,108.28800201416016,108.2699966430664,108.28800201416016,0.0
2025-01-06 17:58:00+00:00,108.26100158691406,108.26899719238281,108.26100158691406,108.26899719238281,0.0
2025-01-06 17:59:00+00:00,108.26399993896484,108.2699966430664,108.26100158691406,108.26100158691406,0.0
2025-01-06 18:00:00+00:00,108.26000213623047,108.26399993896484,108.25399780273438,108.26399993896484,0.0
2025-01-06 18:01:00+00:00,108.26899719238281,108.26899719238281,108.26100158691406,108.26100158691406,0.0
2025-01-06 18:02:00+00:00,108.31700134277344,108.31700134277344,108.26799774169922,108.26799774169922,0.0
2025-01-06 18:03:00+00:00,108.3290023803711,108.3290023803711,108.31800079345703,108.31800079345703,0.0
2025-01-06 18:04:00+00:00,108.35099792480469,108.35600280761719,108.3290023803711,108.3290023803711,0.0
2025-01-06 18:05:00+00:00,108.33000183105469,108.35199737548828,108.3270034790039,108.3499984741211,0.0
2025-01-06 18:06:00+00:00,108.3239974975586,108.33000183105469,108.31900024414062,108.33000183105469,0.0
2025-01-06 18:07:00+00:00,108.34300231933594,108.34300231933594,108.3239974975586,108.3239974975586,0.0
2025-01-06 18:08:00+00:00,108.3550033569336,108.36100006103516,108.34100341796875,108.34300231933594,0.0
2025-01-06 18:09:00+00:00,108.36799621582031,108.36799621582031,108.35399627685547,108.3550033569336,0.0
2025-01-06 18:10:00+00:00,108.3489990234375,108.36799621582031,108.3489990234375,108.36799621582031,0.0
2025-01-06 18:11:00+00:00,108.34100341796875,108.3499984741211,108.33799743652344,108.3499984741211,0.0
2025-01-06 18:12:00+00:00,108.33999633789062,108.34400177001953,108.33399963378906,108.34100341796875,0.0
2025-01-06 18:13:00+00:00,108.33100128173828,108.33999633789062,108.33100128173828,108.33999633789062,0.0
2025-01-06 18:14:00+00:00,108.31900024414062,108.33200073242188,108.31900024414062,108.33100128173828,0.0
2025-01-06 18:15:00+00:00,108.30699920654297,108.32099914550781,108.30699920654297,108.31900024414062,0.0
2025-01-06 18:16:00+00:00,108.30400085449219,108.30999755859375,108.30000305175781,108.30599975585938,0.0
2025-01-06 18:17:00+00:00,108.3280029296875,108.33000183105469,108.30400085449219,108.30400085449219,0.0
2025-01-06 18:18:00+00:00,108.31999969482422,108.33100128173828,108.31900024414062,108.3290023803711,0.0
2025-01-06 18:19:00+00:00,108.30999755859375,108.3219985961914,108.30899810791016,108.31999969482422,0.0
2025-01-06 18:20:00+00:00,108.30699920654297,108.31199645996094,108.3010025024414,108.30999755859375,0.0
2025-01-06 18:21:00+00:00,108.30400085449219,108.30999755859375,108.30400085449219,108.30699920654297,0.0
2025-01-06 18:22:00+00:00,108.28700256347656,108.3030014038086,108.28700256347656,108.3030014038086,0.0
2025-01-06 18:23:00+00:00,108.28299713134766,108.28800201416016,108.27799987792969,108.28700256347656,0.0
2025-01-06 18:24:00+00:00,108.27799987792969,108.28900146484375,108.27799987792969,108.28299713134766,0.0
2025-01-06 18:25:00+00:00,108.26799774169922,108.27899932861328,108.26799774169922,108.27799987792969,0.0
2025-01-06 18:26:00+00:00,108.26699829101562,108.26799774169922,108.26599884033203,108.26699829101562,0.0
2025-01-06 18:27:00+00:00,108.26699829101562,108.26899719238281,108.26100158691406,108.26699829101562,0.0
2025-01-06 18:28:00+00:00,108.26899719238281,108.27400207519531,108.26699829101562,108.26699829101562,0.0
2025-01-06 18:29:00+00:00,108.27400207519531,108.27799987792969,108.26899719238281,108.26899719238281,0.0
2025-01-06 18:30:00+00:00,108.26499938964844,108.27400207519531,108.26399993896484,108.27400207519531,0.0
2025-01-06 18:31:00+00:00,108.25700378417969,108.26499938964844,108.25599670410156,108.26499938964844,0.0
2025-01-06 18:32:00+00:00,108.28199768066406,108.28299713134766,108.25700378417969,108.25700378417969,0.0
2025-01-06 18:33:00+00:00,108.28600311279297,108.28700256347656,108.28099822998047,108.28199768066406,0.0
2025-01-06 18:34:00+00:00,108.27799987792969,108.28600311279297,108.27799987792969,108.28600311279297,0.0
2025-01-06 18:35:00+00:00,108.28900146484375,108.28900146484375,108.2770004272461,108.27799987792969,0.0
2025-01-06 18:36:00+00:00,108.2979965209961,108.2979965209961,108.28800201416016,108.28900146484375,0.0
2025-01-06 18:37:00+00:00,108.30699920654297,108.30699920654297,108.29299926757812,108.2979965209961,0.0
2025-01-06 18:38:00+00:00,108.302001953125,108.30799865722656,108.3010025024414,108.30599975585938,0.0
2025-01-06 18:39:00+00:00,108.2979965209961,108.3030014038086,108.2969970703125,108.302001953125,0.0
2025-01-06 18:40:00+00:00,108.30899810791016,108.31300354003906,108.29299926757812,108.2979965209961,0.0
2025-01-06 18:41:00+00:00,108.31800079345703,108.31800079345703,108.30799865722656,108.30899810791016,0.0
2025-01-06 18:42:00+00:00,108.31300354003906,108.33300018310547,108.31300354003906,108.31800079345703,0.0
2025-01-06 18:43:00+00:00,108.2969970703125,108.31800079345703,108.2969970703125,108.31199645996094,0.0
2025-01-06 18:44:00+00:00,108.29399871826172,108.2979965209961,108.29399871826172,108.2969970703125,0.0
2025-01-06 18:45:00+00:00,108.28399658203125,108.29499816894531,108.28399658203125,108.29499816894531,0.0
2025-01-06 18:46:00+00:00,108.27799987792969,108.28700256347656,108.27799987792969,108.28199768066406,0.0
2025-01-06 18:47:00+00:00,108.28399658203125,108.29299926757812,108.27999877929688,108.27999877929688,0.0
2025-01-06 18:48:00+00:00,108.27100372314453,108.28299713134766,108.2699966430664,108.28299713134766,0.0
2025-01-06 18:49:00+00:00,108.2699966430664,108.27200317382812,108.2699966430664,108.27100372314453,0.0
2025-01-06 18:50:00+00:00,108.27100372314453,108.27200317382812,108.2699966430664,108.2699966430664,0.0
2025-01-06 18:51:00+00:00,108.27200317382812,108.2770004272461,108.26899719238281,108.27200317382812,0.0
2025-01-06 18:52:00+00:00,108.28199768066406,108.28399658203125,108.27100372314453,108.27100372314453,0.0
2025-01-06 18:53:00+00:00,108.28399658203125,108.28900146484375,108.27999877929688,108.28199768066406,0.0
2025-01-06 18:54:00+00:00,108.28500366210938,108.28600311279297,108.27899932861328,108.28399658203125,0.0
2025-01-06 18:55:00+00:00,108.29299926757812,108.29299926757812,108.28500366210938,108.28500366210938,0.0
2025-01-06 18:56:00+00:00,108.28600311279297,108.29399871826172,108.28600311279297,108.29299926757812,0.0
2025-01-06 18:57:00+00:00,108.29499816894531,108.2969970703125,108.28500366210938,108.28600311279297,0.0
2025-01-06 18:58:00+00:00,108.32499694824219,108.32499694824219,108.29499816894531,108.29499816894531,0.0
2025-01-06 18:59:00+00:00,108.31999969482422,108.32499694824219,108.31700134277344,108.32499694824219,0.0
2025-01-06 19:00:00+00:00,108.33399963378906,108.33499908447266,108.32099914550781,108.32099914550781,0.0
2025-01-06 19:01:00+00:00,108.34300231933594,108.34300231933594,108.33300018310547,108.33300018310547,0.0
2025-01-06 19:02:00+00:00,108.34300231933594,108.34600067138672,108.33699798583984,108.34400177001953,0.0
2025-01-06 19:03:00+00:00,108.31500244140625,108.34400177001953,108.31500244140625,108.34300231933594,0.0
2025-01-06 19:04:00+00:00,108.30599975585938,108.31400299072266,108.30400085449219,108.31400299072266,0.0
2025-01-06 19:05:00+00:00,108.2969970703125,108.30599975585938,108.2969970703125,108.30500030517578,0.0
2025-01-06 19:06:00+00:00,108.29399871826172,108.29499816894531,108.28900146484375,108.29100036621094,0.0
2025-01-06 19:07:00+00:00,108.28900146484375,108.29399871826172,108.28299713134766,108.29399871826172,0.0
2025-01-06 19:08:00+00:00,108.28800201416016,108.29000091552734,108.28299713134766,108.28900146484375,0.0
2025-01-06 19:09:00+00:00,108.28500366210938,108.29100036621094,108.28500366210938,108.28900146484375,0.0
2025-01-06 19:10:00+00:00,108.29199981689453,108.29199981689453,108.28399658203125,108.28600311279297,0.0
2025-01-06 19:11:00+00:00,108.2959976196289,108.30599975585938,108.29199981689453,108.29199981689453,0.0
2025-01-06 19:12:00+00:00,108.2969970703125,108.3010025024414,108.29499816894531,108.2959976196289,0.0
2025-01-06 19:13:00+00:00,108.29199981689453,108.2969970703125,108.28800201416016,108.2969970703125,0.0
2025-01-06 19:14:00+00:00,108.3030014038086,108.3030014038086,108.29000091552734,108.29100036621094,0.0
2025-01-06 19:15:00+00:00,108.29100036621094,108.30500030517578,108.28900146484375,108.302001953125,0.0
2025-01-06 19:16:00+00:00,108.29000091552734,108.29499816894531,108.28700256347656,108.29100036621094,0.0
2025-01-06 19:17:00+00:00,108.26899719238281,108.28800201416016,108.26899719238281,108.28800201416016,0.0
2025-01-06 19:18:00+00:00,108.27300262451172,108.27400207519531,108.26799774169922,108.26899719238281,0.0
2025-01-06 19:19:00+00:00,108.27200317382812,108.2770004272461,108.27100372314453,108.27400207519531,0.0
2025-01-06 19:20:00+00:00,108.26899719238281,108.27200317382812,108.26399993896484,108.27100372314453,0.0
2025-01-06 19:21:00+00:00,108.26300048828125,108.26899719238281,108.26200103759766,108.26899719238281,0.0
2025-01-06 19:22:00+00:00,108.27799987792969,108.27799987792969,108.26200103759766,108.26300048828125,0.0
2025-01-06 19:23:00+00:00,108.2699966430664,108.27799987792969,108.26899719238281,108.27799987792969,0.0
2025-01-06 19:24:00+00:00,108.2770004272461,108.2770004272461,108.26699829101562,108.2699966430664,0.0
2025-01-06 19:25:00+00:00,108.26799774169922,108.27799987792969,108.26799774169922,108.2770004272461,0.0
2025-01-06 19:26:00+00:00,108.25900268554688,108.26899719238281,108.25800323486328,108.26799774169922,0.0
2025-01-06 19:27:00+00:00,108.25299835205078,108.25900268554688,108.2509994506836,108.25900268554688,0.0
2025-01-06 19:28:00+00:00,108.26200103759766,108.26200103759766,108.25299835205078,108.25299835205078,0.0
2025-01-06 19:29:00+00:00,108.2699966430664,108.27400207519531,108.26300048828125,108.26300048828125,0.0
2025-01-06 19:30:00+00:00,108.26300048828125,108.27200317382812,108.26200103759766,108.26899719238281,0.0
2025-01-06 19:31:00+00:00,108.24199676513672,108.26499938964844,108.24099731445312,108.26300048828125,0.0
2025-01-06 19:32:00+00:00,108.24299621582031,108.24500274658203,108.23400115966797,108.24299621582031,0.0
2025-01-06 19:33:00+00:00,108.24299621582031,108.24600219726562,108.24099731445312,108.24400329589844,0.0
2025-01-06 19:34:00+00:00,108.25,108.25599670410156,108.24299621582031,108.24299621582031,0.0
2025-01-06 19:35:00+00:00,108.25,108.25599670410156,108.24700164794922,108.25,0.0
2025-01-06 19:36:00+00:00,108.24600219726562,108.25499725341797,108.24600219726562,108.25,0.0
2025-01-06 19:37:00+00:00,108.2490005493164,108.25,108.24500274658203,108.24700164794922,0.0
2025-01-06 19:38:00+00:00,108.23899841308594,108.25,108.23799896240234,108.2490005493164,0.0
2025-01-06 19:39:00+00:00,108.25599670410156,108.25800323486328,108.23899841308594,108.23899841308594,0.0
2025-01-06 19:40:00+00:00,108.26000213623047,108.26000213623047,108.25,108.25499725341797,0.0
2025-01-06 19:41:00+00:00,108.25599670410156,108.26499938964844,108.25599670410156,108.26000213623047,0.0
2025-01-06 19:42:00+00:00,108.25199890136719,108.25800323486328,108.25199890136719,108.25599670410156,0.0
2025-01-06 19:43:00+00:00,108.2490005493164,108.25199890136719,108.24600219726562,108.25199890136719,0.0
2025-01-06 19:44:00+00:00,108.25299835205078,108.25299835205078,108.24800109863281,108.24800109863281,0.0
2025-01-06 19:45:00+00:00,108.2509994506836,108.25399780273438,108.2509994506836,108.25299835205078,0.0
2025-01-06 19:46:00+00:00,108.25700378417969,108.25700378417969,108.2509994506836,108.2509994506836,0.0
2025-01-06 19:47:00+00:00,108.25599670410156,108.25599670410156,108.25,108.25599670410156,0.0
2025-01-06 19:48:00+00:00,108.25299835205078,108.25599670410156,108.25,108.25599670410156,0.0
2025-01-06 19:49:00+00:00,108.24500274658203,108.25299835205078,108.24199676513672,108.25299835205078,0.0
2025-01-06 19:50:00+00:00,108.25199890136719,108.25299835205078,108.24600219726562,108.24600219726562,0.0
2025-01-06 19:51:00+00:00,108.26000213623047,108.26100158691406,108.25199890136719,108.25199890136719,0.0
2025-01-06 19:52:00+00:00,108.26000213623047,108.26399993896484,108.25800323486328,108.26000213623047,0.0
2025-01-06 19:53:00+00:00,108.25299835205078,108.26000213623047,108.25,108.26000213623047,0.0
2025-01-06 19:54:00+00:00,108.2509994506836,108.25299835205078,108.24700164794922,108.25299835205078,0.0
2025-01-06 19:55:00+00:00,108.25199890136719,108.25299835205078,108.24700164794922,108.2509994506836,0.0
2025-01-06 19:56:00+00:00,108.26200103759766,108.26200103759766,108.2509994506836,108.25199890136719,0.0
2025-01-06 19:57:00+00:00,108.27300262451172,108.27400207519531,108.26300048828125,108.26300048828125,0.0
2025-01-06 19:58:00+00:00,108.26899719238281,108.27200317382812,108.26799774169922,108.27200317382812,0.0
2025-01-06 19:59:00+00:00,108.25700378417969,108.26899719238281,108.25700378417969,108.26899719238281,0.0
2025-01-06 20:00:00+00:00,108.25299835205078,108.26300048828125,108.25299835205078,108.25599670410156,0.0
2025-01-06 20:01:00+00:00,108.23300170898438,108.25199890136719,108.23300170898438,108.25199890136719,0.0
2025-01-06 20:02:00+00:00,108.2249984741211,108.23100280761719,108.2249984741211,108.23100280761719,0.0
2025-01-06 20:03:00+00:00,108.22699737548828,108.22799682617188,108.2249984741211,108.2249984741211,0.0
2025-01-06 20:04:00+00:00,108.22200012207031,108.22599792480469,108.22000122070312,108.22599792480469,0.0
2025-01-06 20:05:00+00:00,108.2229995727539,108.2249984741211,108.21800231933594,108.22200012207031,0.0
2025-01-06 20:06:00+00:00,108.22899627685547,108.2300033569336,108.21900177001953,108.22200012207031,0.0
2025-01-06 20:07:00+00:00,108.2249984741211,108.23400115966797,108.2249984741211,108.22899627685547,0.0
2025-01-06 20:08:00+00:00,108.22699737548828,108.22699737548828,108.2239990234375,108.2249984741211,0.0
2025-01-06 20:09:00+00:00,108.2239990234375,108.22699737548828,108.2239990234375,108.22699737548828,0.0
2025-01-06 20:10:00+00:00,108.2229995727539,108.2239990234375,108.22100067138672,108.2239990234375,0.0
2025-01-06 20:11:00+00:00,108.21900177001953,108.22200012207031,108.21800231933594,108.22200012207031,0.0
2025-01-06 20:12:00+00:00,108.22599792480469,108.22699737548828,108.21900177001953,108.21900177001953,0.0
2025-01-06 20:13:00+00:00,108.2229995727539,108.22799682617188,108.22200012207031,108.22699737548828,0.0
2025-01-06 20:14:00+00:00,108.22000122070312,108.2229995727539,108.22000122070312,108.2229995727539,0.0
2025-01-06 20:15:00+00:00,108.23400115966797,108.23500061035156,108.21800231933594,108.22000122070312,0.0
2025-01-06 20:16:00+00:00,108.23200225830078,108.23699951171875,108.23200225830078,108.23400115966797,0.0
2025-01-06 20:17:00+00:00,108.23699951171875,108.23799896240234,108.23200225830078,108.23200225830078,0.0
2025-01-06 20:18:00+00:00,108.23999786376953,108.23999786376953,108.23600006103516,108.23699951171875,0.0
2025-01-06 20:19:00+00:00,108.23899841308594,108.23999786376953,108.23500061035156,108.23999786376953,0.0
2025-01-06 20:20:00+00:00,108.24700164794922,108.24800109863281,108.23899841308594,108.23899841308594,0.0
2025-01-06 20:21:00+00:00,108.24099731445312,108.24700164794922,108.24099731445312,108.24700164794922,0.0
2025-01-06 20:22:00+00:00,108.23500061035156,108.24199676513672,108.23500061035156,108.24199676513672,0.0
2025-01-06 20:23:00+00:00,108.23100280761719,108.23500061035156,108.22799682617188,108.23400115966797,0.0
2025-01-06 20:24:00+00:00,108.23500061035156,108.23799896240234,108.23100280761719,108.23100280761719,0.0
2025-01-06 20:25:00+00:00,108.23400115966797,108.23500061035156,108.22899627685547,108.23400115966797,0.0
2025-01-06 20:26:00+00:00,108.23600006103516,108.23600006103516,108.23400115966797,108.23400115966797,0.0
2025-01-06 20:27:00+00:00,108.24600219726562,108.2490005493164,108.23500061035156,108.23600006103516,0.0
2025-01-06 20:28:00+00:00,108.24400329589844,108.24700164794922,108.24400329589844,108.24500274658203,0.0
2025-01-06 20:29:00+00:00,108.24199676513672,108.24400329589844,108.24199676513672,108.24400329589844,0.0
2025-01-06 20:30:00+00:00,108.24299621582031,108.24400329589844,108.24299621582031,108.24299621582031,0.0
2025-01-06 20:31:00+00:00,108.25199890136719,108.25199890136719,108.24199676513672,108.24299621582031,0.0
2025-01-06 20:32:00+00:00,108.26200103759766,108.26300048828125,108.2509994506836,108.2509994506836,0.0
2025-01-06 20:33:00+00:00,108.26499938964844,108.26599884033203,108.26200103759766,108.26200103759766,0.0
2025-01-06 20:34:00+00:00,108.26399993896484,108.26499938964844,108.26200103759766,108.26499938964844,0.0
2025-01-06 20:35:00+00:00,108.25599670410156,108.26399993896484,108.25599670410156,108.26399993896484,0.0
2025-01-06 20:36:00+00:00,108.25199890136719,108.25599670410156,108.2509994506836,108.25599670410156,0.0
2025-01-06 20:38:00+00:00,108.26000213623047,108.26200103759766,108.26000213623047,108.26200103759766,0.0
2025-01-06 20:39:00+00:00,108.26599884033203,108.26599884033203,108.26000213623047,108.26100158691406,0.0
2025-01-06 20:40:00+00:00,108.26699829101562,108.27100372314453,108.26399993896484,108.26599884033203,0.0
2025-01-06 20:41:00+00:00,108.26300048828125,108.26799774169922,108.26300048828125,108.26699829101562,0.0
2025-01-06 20:42:00+00:00,108.26399993896484,108.26599884033203,108.26200103759766,108.26300048828125,0.0
2025-01-06 20:43:00+00:00,108.25900268554688,108.26399993896484,108.25599670410156,108.26399993896484,0.0
2025-01-06 20:44:00+00:00,108.25399780273438,108.26100158691406,108.25399780273438,108.25900268554688,0.0
2025-01-06 20:45:00+00:00,108.25900268554688,108.25900268554688,108.25299835205078,108.25399780273438,0.0
2025-01-06 20:46:00+00:00,108.25599670410156,108.26100158691406,108.25499725341797,108.26100158691406,0.0
2025-01-06 20:47:00+00:00,108.26499938964844,108.26599884033203,108.25399780273438,108.25599670410156,0.0
2025-01-06 20:48:00+00:00,108.26399993896484,108.26899719238281,108.26300048828125,108.26399993896484,0.0
2025-01-06 20:49:00+00:00,108.25399780273438,108.26300048828125,108.25299835205078,108.26300048828125,0.0
2025-01-06 20:50:00+00:00,108.25299835205078,108.25800323486328,108.2509994506836,108.25399780273438,0.0
2025-01-06 20:51:00+00:00,108.26300048828125,108.26300048828125,108.25299835205078,108.25399780273438,0.0
2025-01-06 20:52:00+00:00,108.26499938964844,108.26699829101562,108.26300048828125,108.26300048828125,0.0
2025-01-06 20:53:00+00:00,108.27100372314453,108.27100372314453,108.26499938964844,108.26499938964844,0.0
2025-01-06 20:54:00+00:00,108.26599884033203,108.27200317382812,108.26599884033203,108.27100372314453,0.0
2025-01-06 20:55:00+00:00,108.26100158691406,108.26499938964844,108.25599670410156,108.26499938964844,0.0
2025-01-06 20:56:00+00:00,108.26100158691406,108.26399993896484,108.25599670410156,108.26100158691406,0.0
2025-01-06 20:57:00+00:00,108.26699829101562,108.26799774169922,108.26000213623047,108.26100158691406,0.0
2025-01-06 20:58:00+00:00,108.25499725341797,108.26699829101562,108.25499725341797,108.26699829101562,0.0
2025-01-06 20:59:00+00:00,108.25599670410156,108.25599670410156,108.25399780273438,108.25499725341797,0.0
2025-01-06 21:00:00+00:00,108.25299835205078,108.25700378417969,108.25199890136719,108.25599670410156,0.0
2025-01-06 21:01:00+00:00,108.25800323486328,108.25800323486328,108.2490005493164,108.25299835205078,0.0
2025-01-06 21:02:00+00:00,108.25399780273438,108.25800323486328,108.25399780273438,108.25800323486328,0.0
2025-01-06 21:03:00+00:00,108.26499938964844,108.26499938964844,108.25399780273438,108.25399780273438,0.0
2025-01-06 21:04:00+00:00,108.26699829101562,108.26899719238281,108.26499938964844,108.26499938964844,0.0
2025-01-06 21:05:00+00:00,108.26200103759766,108.26799774169922,108.25900268554688,108.26699829101562,0.0
2025-01-06 21:06:00+00:00,108.26499938964844,108.26599884033203,108.26300048828125,108.26300048828125,0.0
2025-01-06 21:07:00+00:00,108.26399993896484,108.26499938964844,108.26399993896484,108.26499938964844,0.0
2025-01-06 21:08:00+00:00,108.26200103759766,108.26499938964844,108.26200103759766,108.26399993896484,0.0
2025-01-06 21:09:00+00:00,108.26499938964844,108.26499938964844,108.26200103759766,108.26200103759766,0.0
2025-01-06 21:10:00+00:00,108.26000213623047,108.26599884033203,108.26000213623047,108.26499938964844,0.0
2025-01-06 21:11:00+00:00,108.26200103759766,108.26399993896484,108.26000213623047,108.26000213623047,0.0
2025-01-06 21:12:00+00:00,108.26300048828125,108.26300048828125,108.26100158691406,108.26200103759766,0.0
2025-01-06 21:13:00+00:00,108.25700378417969,108.26399993896484,108.25700378417969,108.26300048828125,0.0
2025-01-06 21:14:00+00:00,108.2509994506836,108.25900268554688,108.2509994506836,108.25700378417969,0.0
2025-01-06 21:15:00+00:00,108.2509994506836,108.2509994506836,108.25,108.2509994506836,0.0
2025-01-06 21:16:00+00:00,108.2509994506836,108.25599670410156,108.2509994506836,108.2509994506836,0.0
2025-01-06 21:17:00+00:00,108.24400329589844,108.25199890136719,108.24400329589844,108.2509994506836,0.0
2025-01-06 21:18:00+00:00,108.24700164794922,108.24700164794922,108.24500274658203,108.24500274658203,0.0
2025-01-06 21:19:00+00:00,108.2300033569336,108.24800109863281,108.2300033569336,108.24700164794922,0.0
2025-01-06 21:20:00+00:00,108.22699737548828,108.2300033569336,108.2229995727539,108.22899627685547,0.0
2025-01-06 21:21:00+00:00,108.23100280761719,108.23200225830078,108.22699737548828,108.22699737548828,0.0
2025-01-06 21:22:00+00:00,108.22899627685547,108.23200225830078,108.22899627685547,108.23200225830078,0.0
2025-01-06 21:23:00+00:00,108.23100280761719,108.23100280761719,108.22899627685547,108.22899627685547,0.0
2025-01-06 21:24:00+00:00,108.2300033569336,108.23100280761719,108.2249984741211,108.23100280761719,0.0
2025-01-06 21:25:00+00:00,108.22599792480469,108.2300033569336,108.22599792480469,108.2300033569336,0.0
2025-01-06 21:26:00+00:00,108.22599792480469,108.22699737548828,108.22599792480469,108.22599792480469,0.0
2025-01-06 21:27:00+00:00,108.22699737548828,108.22699737548828,108.2239990234375,108.22599792480469,0.0
2025-01-06 21:28:00+00:00,108.22699737548828,108.22699737548828,108.22699737548828,108.22699737548828,0.0
2025-01-06 21:29:00+00:00,108.22100067138672,108.22699737548828,108.22000122070312,108.22699737548828,0.0
2025-01-06 21:30:00+00:00,108.2300033569336,108.2300033569336,108.21900177001953,108.22200012207031,0.0
2025-01-06 21:31:00+00:00,108.23500061035156,108.23500061035156,108.22699737548828,108.2300033569336,0.0
2025-01-06 21:32:00+00:00,108.2300033569336,108.23400115966797,108.2300033569336,108.23400115966797,0.0
2025-01-06 21:33:00+00:00,108.22899627685547,108.2300033569336,108.22699737548828,108.2300033569336,0.0
2025-01-06 21:34:00+00:00,108.23400115966797,108.23400115966797,108.2300033569336,108.2300033569336,0.0
2025-01-06 21:35:00+00:00,108.23400115966797,108.23400115966797,108.23300170898438,108.23300170898438,0.0
2025-01-06 21:37:00+00:00,108.23500061035156,108.23699951171875,108.23500061035156,108.23600006103516,0.0
2025-01-06 21:38:00+00:00,108.24299621582031,108.24299621582031,108.23500061035156,108.23600006103516,0.0
2025-01-06 21:39:00+00:00,108.23999786376953,108.24400329589844,108.23999786376953,108.24299621582031,0.0
2025-01-06 21:40:00+00:00,108.23899841308594,108.24099731445312,108.23799896240234,108.23999786376953,0.0
2025-01-06 21:41:00+00:00,108.23899841308594,108.23899841308594,108.23899841308594,108.23899841308594,0.0
2025-01-06 21:42:00+00:00,108.23100280761719,108.24099731445312,108.2300033569336,108.23899841308594,0.0
2025-01-06 21:43:00+00:00,108.23400115966797,108.23400115966797,108.2300033569336,108.23100280761719,0.0
2025-01-06 21:44:00+00:00,108.23500061035156,108.23699951171875,108.23400115966797,108.23400115966797,0.0
2025-01-06 21:45:00+00:00,108.23300170898438,108.23500061035156,108.23200225830078,108.23500061035156,0.0
2025-01-06 21:46:00+00:00,108.23500061035156,108.23699951171875,108.23200225830078,108.23200225830078,0.0
2025-01-06 21:47:00+00:00,108.23600006103516,108.23600006103516,108.23300170898438,108.23500061035156,0.0
2025-01-06 21:48:00+00:00,108.23200225830078,108.23600006103516,108.23200225830078,108.23600006103516,0.0
2025-01-06 21:49:00+00:00,108.23500061035156,108.23600006103516,108.23100280761719,108.23200225830078,0.0
2025-01-06 21:50:00+00:00,108.23699951171875,108.23799896240234,108.23500061035156,108.23500061035156,0.0
2025-01-06 21:51:00+00:00,108.23799896240234,108.23799896240234,108.23699951171875,108.23699951171875,0.0
2025-01-06 21:52:00+00:00,108.23500061035156,108.23799896240234,108.23500061035156,108.23799896240234,0.0
2025-01-06 21:53:00+00:00,108.23699951171875,108.23699951171875,108.23400115966797,108.23500061035156,0.0
2025-01-06 21:54:00+00:00,108.23899841308594,108.23999786376953,108.23699951171875,108.23699951171875,0.0
2025-01-06 21:55:00+00:00,108.23699951171875,108.23899841308594,108.23600006103516,108.23899841308594,0.0
2025-01-06 21:56:00+00:00,108.24500274658203,108.24500274658203,108.23699951171875,108.23699951171875,0.0
2025-01-06 21:57:00+00:00,108.2490005493164,108.2490005493164,108.24500274658203,108.24500274658203,0.0
2025-01-06 21:58:00+00:00,108.24099731445312,108.2490005493164,108.23899841308594,108.2490005493164,0.0
2025-01-06 21:59:00+00:00,108.23699951171875,108.24199676513672,108.23699951171875,108.24099731445312,0.0
2025-01-06 22:00:00+00:00,108.25399780273438,108.25399780273438,108.23799896240234,108.23799896240234,0.0
2025-01-06 22:01:00+00:00,108.25800323486328,108.25800323486328,108.25299835205078,108.25299835205078,0.0
2025-01-06 22:02:00+00:00,108.26699829101562,108.2699966430664,108.25599670410156,108.25800323486328,0.0
2025-01-06 22:03:00+00:00,108.25900268554688,108.26000213623047,108.25800323486328,108.25900268554688,0.0
2025-01-06 22:04:00+00:00,108.26499938964844,108.26599884033203,108.25900268554688,108.25900268554688,0.0
2025-01-06 22:05:00+00:00,108.24400329589844,108.26200103759766,108.24199676513672,108.26100158691406,0.0
2025-01-06 22:06:00+00:00,108.2509994506836,108.25199890136719,108.24199676513672,108.24400329589844,0.0
2025-01-06 22:07:00+00:00,108.24299621582031,108.2509994506836,108.23400115966797,108.2509994506836,0.0
2025-01-06 22:08:00+00:00,108.24400329589844,108.24500274658203,108.24400329589844,108.24500274658203,0.0
2025-01-06 22:09:00+00:00,108.24099731445312,108.24400329589844,108.24099731445312,108.24400329589844,0.0
2025-01-06 22:10:00+00:00,108.24400329589844,108.24400329589844,108.24099731445312,108.24099731445312,0.0
2025-01-06 22:11:00+00:00,108.24600219726562,108.24800109863281,108.24199676513672,108.24299621582031,0.0
2025-01-06 22:12:00+00:00,108.23699951171875,108.24600219726562,108.23200225830078,108.24600219726562,0.0
2025-01-06 22:13:00+00:00,108.23799896240234,108.23899841308594,108.23600006103516,108.23699951171875,0.0
2025-01-06 22:14:00+00:00,108.24299621582031,108.24400329589844,108.23899841308594,108.23899841308594,0.0
2025-01-06 22:15:00+00:00,108.23999786376953,108.24299621582031,108.23899841308594,108.24199676513672,0.0
2025-01-06 22:16:00+00:00,108.23899841308594,108.24199676513672,108.23699951171875,108.23999786376953,0.0
2025-01-06 22:17:00+00:00,108.23300170898438,108.23999786376953,108.23300170898438,108.23999786376953,0.0
2025-01-06 22:18:00+00:00,108.22899627685547,108.23300170898438,108.22899627685547,108.23300170898438,0.0
2025-01-06 22:19:00+00:00,108.22899627685547,108.22899627685547,108.22799682617188,108.22899627685547,0.0
2025-01-06 22:20:00+00:00,108.23200225830078,108.23300170898438,108.22899627685547,108.22899627685547,0.0
2025-01-06 22:21:00+00:00,108.23799896240234,108.23899841308594,108.23200225830078,108.23200225830078,0.0
2025-01-06 22:22:00+00:00,108.23600006103516,108.23999786376953,108.23500061035156,108.23799896240234,0.0
2025-01-06 22:23:00+00:00,108.23500061035156,108.23600006103516,108.23500061035156,108.23600006103516,0.0
2025-01-06 22:24:00+00:00,108.23300170898438,108.23799896240234,108.23300170898438,108.23500061035156,0.0
2025-01-06 22:25:00+00:00,108.24099731445312,108.24199676513672,108.23200225830078,108.23300170898438,0.0
2025-01-06 22:26:00+00:00,108.23799896240234,108.24099731445312,108.23799896240234,108.24099731445312,0.0
2025-01-06 22:27:00+00:00,108.23400115966797,108.23799896240234,108.23300170898438,108.23799896240234,0.0
2025-01-06 22:28:00+00:00,108.22799682617188,108.23799896240234,108.22699737548828,108.23400115966797,0.0
2025-01-06 22:29:00+00:00,108.22699737548828,108.22799682617188,108.22699737548828,108.22699737548828,0.0
2025-01-06 22:30:00+00:00,108.22899627685547,108.2300033569336,108.22599792480469,108.22699737548828,0.0
2025-01-06 22:31:00+00:00,108.22899627685547,108.2300033569336,108.22799682617188,108.22899627685547,0.0
2025-01-06 22:32:00+00:00,108.22699737548828,108.22899627685547,108.22699737548828,108.22899627685547,0.0
2025-01-06 22:33:00+00:00,108.22899627685547,108.2300033569336,108.22699737548828,108.22699737548828,0.0
2025-01-06 22:35:00+00:00,108.22799682617188,108.22899627685547,108.22799682617188,108.22799682617188,0.0
2025-01-06 22:36:00+00:00,108.22699737548828,108.22799682617188,108.22699737548828,108.22799682617188,0.0
2025-01-06 22:37:00+00:00,108.23799896240234,108.24299621582031,108.22599792480469,108.22699737548828,0.0
2025-01-06 22:38:00+00:00,108.23100280761719,108.23799896240234,108.2300033569336,108.23799896240234,0.0
2025-01-06 22:39:00+00:00,108.23100280761719,108.23100280761719,108.2300033569336,108.2300033569336,0.0
2025-01-06 22:40:00+00:00,108.2300033569336,108.23100280761719,108.2300033569336,108.2300033569336,0.0
2025-01-06 22:41:00+00:00,108.2300033569336,108.2300033569336,108.2300033569336,108.2300033569336,0.0
2025-01-06 22:42:00+00:00,108.23100280761719,108.23100280761719,108.22899627685547,108.2300033569336,0.0
2025-01-06 22:43:00+00:00,108.23100280761719,108.23100280761719,108.23100280761719,108.23100280761719,0.0
2025-01-06 22:44:00+00:00,108.23200225830078,108.23200225830078,108.23100280761719,108.23100280761719,0.0
2025-01-06 22:45:00+00:00,108.23200225830078,108.23300170898438,108.23200225830078,108.23200225830078,0.0
2025-01-06 22:47:00+00:00,108.23300170898438,108.23300170898438,108.23200225830078,108.23200225830078,0.0
2025-01-06 22:48:00+00:00,108.23899841308594,108.23999786376953,108.23300170898438,108.23300170898438,0.0
2025-01-06 22:49:00+00:00,108.24199676513672,108.24199676513672,108.23899841308594,108.23999786376953,0.0
2025-01-06 22:50:00+00:00,108.24299621582031,108.24400329589844,108.23899841308594,108.24099731445312,0.0
2025-01-06 22:51:00+00:00,108.24600219726562,108.24700164794922,108.24199676513672,108.24400329589844,0.0
2025-01-06 22:52:00+00:00,108.24700164794922,108.24700164794922,108.24600219726562,108.24700164794922,0.0
2025-01-06 22:53:00+00:00,108.24400329589844,108.24700164794922,108.24400329589844,108.24600219726562,0.0
2025-01-06 22:54:00+00:00,108.24400329589844,108.24500274658203,108.24400329589844,108.24400329589844,0.0
2025-01-06 22:55:00+00:00,108.24400329589844,108.24600219726562,108.24400329589844,108.24400329589844,0.0
2025-01-06 22:56:00+00:00,108.24299621582031,108.24500274658203,108.24299621582031,108.24400329589844,0.0
2025-01-06 22:57:00+00:00,108.24199676513672,108.24299621582031,108.24099731445312,108.24299621582031,0.0
2025-01-06 22:58:00+00:00,108.24099731445312,108.24199676513672,108.23999786376953,108.24099731445312,0.0
2025-01-06 22:59:00+00:00,108.23999786376953,108.24099731445312,108.23999786376953,108.24099731445312,0.0
2025-01-06 23:00:00+00:00,108.2490005493164,108.2490005493164,108.23899841308594,108.23999786376953,0.0
2025-01-06 23:01:00+00:00,108.26300048828125,108.26399993896484,108.2490005493164,108.2490005493164,0.0
2025-01-06 23:02:00+00:00,108.27400207519531,108.27400207519531,108.26200103759766,108.26200103759766,0.0
2025-01-06 23:03:00+00:00,108.2760009765625,108.2760009765625,108.27400207519531,108.27400207519531,0.0
2025-01-06 23:04:00+00:00,108.27899932861328,108.27899932861328,108.2750015258789,108.2750015258789,0.0
2025-01-07 00:34:00+00:00,108.33899688720703,108.33899688720703,108.33899688720703,108.33899688720703,0.0
2025-01-07 00:45:00+00:00,108.36499786376953,108.36599731445312,108.36100006103516,108.36299896240234,0.0
2025-01-07 00:46:00+00:00,108.35700225830078,108.36599731445312,108.35700225830078,108.36599731445312,0.0
2025-01-07 00:47:00+00:00,108.35600280761719,108.36000061035156,108.35600280761719,108.35700225830078,0.0
2025-01-07 00:48:00+00:00,108.35199737548828,108.35700225830078,108.35099792480469,108.35700225830078,0.0
2025-01-07 00:49:00+00:00,108.34100341796875,108.35199737548828,108.34100341796875,108.35199737548828,0.0
2025-01-07 00:50:00+00:00,108.3270034790039,108.33999633789062,108.31700134277344,108.33999633789062,0.0
2025-01-07 00:51:00+00:00,108.33200073242188,108.33499908447266,108.3239974975586,108.3270034790039,0.0
2025-01-07 00:52:00+00:00,108.35399627685547,108.35399627685547,108.33200073242188,108.33200073242188,0.0
2025-01-07 00:53:00+00:00,108.36000061035156,108.36000061035156,108.35199737548828,108.35299682617188,0.0
2025-01-07 00:54:00+00:00,108.35099792480469,108.35900115966797,108.35099792480469,108.35800170898438,0.0
2025-01-07 00:55:00+00:00,108.36000061035156,108.36100006103516,108.3479995727539,108.35099792480469,0.0
2025-01-07 00:56:00+00:00,108.36900329589844,108.36900329589844,108.36000061035156,108.36000061035156,0.0
2025-01-07 00:57:00+00:00,108.35800170898438,108.37200164794922,108.35800170898438,108.36900329589844,0.0
2025-01-07 00:58:00+00:00,108.34500122070312,108.35800170898438,108.34500122070312,108.35800170898438,0.0
2025-01-07 00:59:00+00:00,108.33300018310547,108.34500122070312,108.33200073242188,108.34500122070312,0.0
2025-01-07 01:00:00+00:00,108.3290023803711,108.33799743652344,108.3290023803711,108.33300018310547,0.0
2025-01-07 01:01:00+00:00,108.33300018310547,108.33300018310547,108.32499694824219,108.3290023803711,0.0
2025-01-07 01:02:00+00:00,108.33699798583984,108.34100341796875,108.33200073242188,108.33200073242188,0.0
2025-01-07 01:03:00+00:00,108.35299682617188,108.35399627685547,108.33699798583984,108.33799743652344,0.0
2025-01-07 01:04:00+00:00,108.36699676513672,108.36699676513672,108.35299682617188,108.35299682617188,0.0
2025-01-07 01:05:00+00:00,108.37699890136719,108.37899780273438,108.36599731445312,108.36699676513672,0.0
2025-01-07 01:06:00+00:00,108.39399719238281,108.39399719238281,108.3759994506836,108.37699890136719,0.0
2025-01-07 01:07:00+00:00,108.39199829101562,108.3949966430664,108.38700103759766,108.3949966430664,0.0
2025-01-07 01:08:00+00:00,108.39800262451172,108.39900207519531,108.39199829101562,108.39199829101562,0.0
2025-01-07 01:09:00+00:00,108.38800048828125,108.39800262451172,108.38500213623047,108.39800262451172,0.0
2025-01-07 01:10:00+00:00,108.39399719238281,108.39600372314453,108.38700103759766,108.38800048828125,0.0
2025-01-07 01:11:00+00:00,108.39199829101562,108.4000015258789,108.39199829101562,108.39399719238281,0.0
2025-01-07 01:12:00+00:00,108.40299987792969,108.40299987792969,108.39199829101562,108.39199829101562,0.0
2025-01-07 01:13:00+00:00,108.3949966430664,108.40299987792969,108.39199829101562,108.40299987792969,0.0
2025-01-07 01:14:00+00:00,108.38800048828125,108.39600372314453,108.38600158691406,108.3949966430664,0.0
2025-01-07 01:15:00+00:00,108.39199829101562,108.39600372314453,108.38700103759766,108.38800048828125,0.0
2025-01-07 01:16:00+00:00,108.38400268554688,108.39099884033203,108.38400268554688,108.39099884033203,0.0
2025-01-07 01:17:00+00:00,108.38800048828125,108.38999938964844,108.38099670410156,108.38400268554688,0.0
2025-01-07 01:18:00+00:00,108.38099670410156,108.39199829101562,108.38099670410156,108.38800048828125,0.0
2025-01-07 01:19:00+00:00,108.37000274658203,108.37999725341797,108.37000274658203,108.37899780273438,0.0
2025-01-07 01:20:00+00:00,108.36000061035156,108.37200164794922,108.35900115966797,108.37000274658203,0.0
2025-01-07 01:21:00+00:00,108.35800170898438,108.36000061035156,108.35399627685547,108.36000061035156,0.0
2025-01-07 01:22:00+00:00,108.36299896240234,108.36599731445312,108.35800170898438,108.35800170898438,0.0
2025-01-07 01:23:00+00:00,108.36699676513672,108.36799621582031,108.36399841308594,108.36399841308594,0.0
2025-01-07 01:24:00+00:00,108.36000061035156,108.36699676513672,108.35900115966797,108.36699676513672,0.0
2025-01-07 01:25:00+00:00,108.36699676513672,108.36699676513672,108.36000061035156,108.36000061035156,0.0
2025-01-07 01:26:00+00:00,108.3759994506836,108.3759994506836,108.36799621582031,108.36799621582031,0.0
2025-01-07 01:27:00+00:00,108.37999725341797,108.38099670410156,108.37699890136719,108.37699890136719,0.0
2025-01-07 01:28:00+00:00,108.37799835205078,108.37999725341797,108.3759994506836,108.37999725341797,0.0
2025-01-07 01:29:00+00:00,108.38700103759766,108.38700103759766,108.37799835205078,108.37799835205078,0.0
2025-01-07 01:30:00+00:00,108.39399719238281,108.4010009765625,108.38700103759766,108.38700103759766,0.0
2025-01-07 01:31:00+00:00,108.39099884033203,108.39800262451172,108.39099884033203,108.39399719238281,0.0
2025-01-07 01:32:00+00:00,108.40699768066406,108.40699768066406,108.39099884033203,108.39199829101562,0.0
2025-01-07 01:33:00+00:00,108.39700317382812,108.40699768066406,108.39399719238281,108.40699768066406,0.0
2025-01-07 01:34:00+00:00,108.39399719238281,108.39800262451172,108.39099884033203,108.39700317382812,0.0
2025-01-07 01:35:00+00:00,108.41300201416016,108.41300201416016,108.3949966430664,108.3949966430664,0.0
2025-01-07 01:36:00+00:00,108.41899871826172,108.4209976196289,108.41300201416016,108.41300201416016,0.0
2025-01-07 01:37:00+00:00,108.4209976196289,108.427001953125,108.41899871826172,108.41899871826172,0.0
2025-01-07 01:38:00+00:00,108.41799926757812,108.4209976196289,108.41799926757812,108.4209976196289,0.0
2025-01-07 01:39:00+00:00,108.40799713134766,108.41999816894531,108.40599822998047,108.41799926757812,0.0
2025-01-07 01:40:00+00:00,108.40899658203125,108.41400146484375,108.40799713134766,108.40899658203125,0.0
2025-01-07 01:41:00+00:00,108.41600036621094,108.41999816894531,108.40899658203125,108.40899658203125,0.0
2025-01-07 01:42:00+00:00,108.4219970703125,108.4219970703125,108.41600036621094,108.41600036621094,0.0
2025-01-07 01:43:00+00:00,108.41999816894531,108.4260025024414,108.41999816894531,108.4209976196289,0.0
2025-01-07 01:44:00+00:00,108.4219970703125,108.4219970703125,108.41600036621094,108.41999816894531,0.0
2025-01-07 01:45:00+00:00,108.41500091552734,108.4229965209961,108.41300201416016,108.4219970703125,0.0
2025-01-07 01:46:00+00:00,108.41699981689453,108.4209976196289,108.41300201416016,108.41500091552734,0.0
2025-01-07 01:47:00+00:00,108.41699981689453,108.41799926757812,108.41500091552734,108.41699981689453,0.0
2025-01-07 01:48:00+00:00,108.40899658203125,108.41600036621094,108.40899658203125,108.41600036621094,0.0
2025-01-07 01:49:00+00:00,108.39900207519531,108.41000366210938,108.39900207519531,108.40799713134766,0.0
2025-01-07 01:50:00+00:00,108.38700103759766,108.4010009765625,108.38700103759766,108.39900207519531,0.0
2025-01-07 01:51:00+00:00,108.36100006103516,108.38700103759766,108.35600280761719,108.38700103759766,0.0
2025-01-07 01:52:00+00:00,108.36699676513672,108.37200164794922,108.36100006103516,108.36100006103516,0.0
2025-01-07 01:53:00+00:00,108.34600067138672,108.36900329589844,108.34600067138672,108.36799621582031,0.0
2025-01-07 01:54:00+00:00,108.34400177001953,108.34700012207031,108.34400177001953,108.34700012207031,0.0
2025-01-07 01:55:00+00:00,108.34600067138672,108.3479995727539,108.34300231933594,108.34400177001953,0.0
2025-01-07 01:56:00+00:00,108.36399841308594,108.36699676513672,108.34600067138672,108.34600067138672,0.0
2025-01-07 01:57:00+00:00,108.36199951171875,108.36699676513672,108.36100006103516,108.36299896240234,0.0
2025-01-07 01:58:00+00:00,108.36599731445312,108.36799621582031,108.36199951171875,108.36199951171875,0.0
2025-01-07 01:59:00+00:00,108.36599731445312,108.37000274658203,108.36399841308594,108.36499786376953,0.0
2025-01-07 02:00:00+00:00,108.36100006103516,108.36699676513672,108.35600280761719,108.36599731445312,0.0
2025-01-07 02:01:00+00:00,108.35199737548828,108.36399841308594,108.35199737548828,108.36299896240234,0.0
2025-01-07 02:02:00+00:00,108.3479995727539,108.35199737548828,108.34500122070312,108.35199737548828,0.0
2025-01-07 02:03:00+00:00,108.3270034790039,108.34600067138672,108.3270034790039,108.34600067138672,0.0
2025-01-07 02:04:00+00:00,108.33200073242188,108.33399963378906,108.3270034790039,108.3270034790039,0.0
2025-01-07 02:05:00+00:00,108.33100128173828,108.33599853515625,108.33000183105469,108.33300018310547,0.0
2025-01-07 02:07:00+00:00,108.3270034790039,108.3270034790039,108.31999969482422,108.31999969482422,0.0
2025-01-07 02:08:00+00:00,108.31900024414062,108.3290023803711,108.31900024414062,108.3270034790039,0.0
2025-01-07 02:09:00+00:00,108.3290023803711,108.3290023803711,108.31900024414062,108.31900024414062,0.0
2025-01-07 02:10:00+00:00,108.33999633789062,108.33999633789062,108.3280029296875,108.3290023803711,0.0
2025-01-07 02:11:00+00:00,108.34200286865234,108.34700012207031,108.34100341796875,108.34100341796875,0.0
2025-01-07 02:12:00+00:00,108.34400177001953,108.34600067138672,108.34100341796875,108.34200286865234,0.0
2025-01-07 02:13:00+00:00,108.34100341796875,108.34600067138672,108.34100341796875,108.34300231933594,0.0
2025-01-07 02:14:00+00:00,108.33999633789062,108.34100341796875,108.33899688720703,108.33999633789062,0.0
2025-01-07 02:15:00+00:00,108.33799743652344,108.34200286865234,108.33599853515625,108.33999633789062,0.0
2025-01-07 02:16:00+00:00,108.34200286865234,108.34300231933594,108.33699798583984,108.33699798583984,0.0
2025-01-07 02:17:00+00:00,108.33599853515625,108.34300231933594,108.33599853515625,108.34200286865234,0.0
2025-01-07 02:18:00+00:00,108.33799743652344,108.33899688720703,108.33599853515625,108.33599853515625,0.0
2025-01-07 02:19:00+00:00,108.33799743652344,108.33799743652344,108.33300018310547,108.33699798583984,0.0
2025-01-07 02:20:00+00:00,108.33599853515625,108.33999633789062,108.33599853515625,108.33799743652344,0.0
2025-01-07 02:21:00+00:00,108.34100341796875,108.34400177001953,108.33599853515625,108.33599853515625,0.0
2025-01-07 02:22:00+00:00,108.34300231933594,108.34700012207031,108.34100341796875,108.34100341796875,0.0
2025-01-07 02:23:00+00:00,108.34100341796875,108.34500122070312,108.34100341796875,108.34200286865234,0.0
2025-01-07 02:24:00+00:00,108.34400177001953,108.34400177001953,108.34100341796875,108.34100341796875,0.0
2025-01-07 02:25:00+00:00,108.34300231933594,108.34600067138672,108.34300231933594,108.34400177001953,0.0
2025-01-07 02:26:00+00:00,108.33599853515625,108.34400177001953,108.33599853515625,108.34400177001953,0.0
2025-01-07 02:27:00+00:00,108.33499908447266,108.33699798583984,108.33399963378906,108.33599853515625,0.0
2025-01-07 02:28:00+00:00,108.33300018310547,108.33499908447266,108.33100128173828,108.33499908447266,0.0
2025-01-07 02:29:00+00:00,108.33399963378906,108.33699798583984,108.33200073242188,108.33300018310547,0.0
2025-01-07 02:30:00+00:00,108.33899688720703,108.34100341796875,108.33399963378906,108.33399963378906,0.0
2025-01-07 02:31:00+00:00,108.34200286865234,108.34600067138672,108.33699798583984,108.33899688720703,0.0
2025-01-07 02:32:00+00:00,108.35299682617188,108.35299682617188,108.34200286865234,108.34200286865234,0.0
2025-01-07 02:33:00+00:00,108.35700225830078,108.35700225830078,108.35199737548828,108.35299682617188,0.0
2025-01-07 02:34:00+00:00,108.35399627685547,108.35800170898438,108.35399627685547,108.35600280761719,0.0
2025-01-07 02:35:00+00:00,108.34500122070312,108.35399627685547,108.34500122070312,108.35399627685547,0.0
2025-01-07 02:36:00+00:00,108.3499984741211,108.3499984741211,108.34300231933594,108.34500122070312,0.0
2025-01-07 02:37:00+00:00,108.3550033569336,108.35700225830078,108.3489990234375,108.3499984741211,0.0
2025-01-07 02:38:00+00:00,108.3499984741211,108.35399627685547,108.3499984741211,108.35399627685547,0.0
2025-01-07 02:39:00+00:00,108.35199737548828,108.3550033569336,108.3499984741211,108.35099792480469,0.0
2025-01-07 02:40:00+00:00,108.35600280761719,108.35600280761719,108.3489990234375,108.35199737548828,0.0
2025-01-07 02:41:00+00:00,108.3499984741211,108.35800170898438,108.3499984741211,108.35600280761719,0.0
2025-01-07 02:42:00+00:00,108.35199737548828,108.35299682617188,108.3489990234375,108.3489990234375,0.0
2025-01-07 02:43:00+00:00,108.35099792480469,108.35900115966797,108.3499984741211,108.35299682617188,0.0
2025-01-07 02:44:00+00:00,108.3550033569336,108.35700225830078,108.35099792480469,108.35099792480469,0.0
2025-01-07 02:45:00+00:00,108.35299682617188,108.3550033569336,108.3479995727539,108.3550033569336,0.0
2025-01-07 02:46:00+00:00,108.34500122070312,108.35399627685547,108.34400177001953,108.35399627685547,0.0
2025-01-07 02:47:00+00:00,108.3479995727539,108.3499984741211,108.34500122070312,108.34500122070312,0.0
2025-01-07 02:48:00+00:00,108.3550033569336,108.35600280761719,108.3479995727539,108.3479995727539,0.0
2025-01-07 02:49:00+00:00,108.36000061035156,108.36100006103516,108.35399627685547,108.35600280761719,0.0
2025-01-07 02:50:00+00:00,108.35700225830078,108.36299896240234,108.35700225830078,108.36000061035156,0.0
2025-01-07 02:51:00+00:00,108.35700225830078,108.36000061035156,108.35600280761719,108.35700225830078,0.0
2025-01-07 02:52:00+00:00,108.36799621582031,108.36799621582031,108.35600280761719,108.35700225830078,0.0
2025-01-07 02:53:00+00:00,108.36699676513672,108.36699676513672,108.36299896240234,108.36699676513672,0.0
2025-01-07 02:54:00+00:00,108.36499786376953,108.37000274658203,108.36499786376953,108.36699676513672,0.0
2025-01-07 02:55:00+00:00,108.37300109863281,108.3740005493164,108.36499786376953,108.36499786376953,0.0
2025-01-07 02:56:00+00:00,108.35800170898438,108.37300109863281,108.35800170898438,108.37300109863281,0.0
2025-01-07 02:57:00+00:00,108.35800170898438,108.36000061035156,108.35700225830078,108.35800170898438,0.0
2025-01-07 02:58:00+00:00,108.35399627685547,108.35800170898438,108.35299682617188,108.35800170898438,0.0
2025-01-07 02:59:00+00:00,108.35099792480469,108.35399627685547,108.3489990234375,108.35399627685547,0.0
2025-01-07 03:00:00+00:00,108.36900329589844,108.37000274658203,108.35099792480469,108.35099792480469,0.0
2025-01-07 03:01:00+00:00,108.37000274658203,108.37100219726562,108.36699676513672,108.36900329589844,0.0
2025-01-07 03:02:00+00:00,108.36199951171875,108.37000274658203,108.36199951171875,108.37000274658203,0.0
2025-01-07 03:03:00+00:00,108.35299682617188,108.36199951171875,108.35299682617188,108.36199951171875,0.0
2025-01-07 03:04:00+00:00,108.35199737548828,108.3550033569336,108.35199737548828,108.35399627685547,0.0
2025-01-07 03:05:00+00:00,108.3550033569336,108.35800170898438,108.35099792480469,108.35199737548828,0.0
2025-01-07 03:06:00+00:00,108.36000061035156,108.36100006103516,108.3550033569336,108.3550033569336,0.0
2025-01-07 03:07:00+00:00,108.35700225830078,108.36000061035156,108.35199737548828,108.36000061035156,0.0
2025-01-07 03:08:00+00:00,108.36299896240234,108.36399841308594,108.35700225830078,108.35700225830078,0.0
2025-01-07 03:09:00+00:00,108.35700225830078,108.36399841308594,108.35600280761719,108.36299896240234,0.0
2025-01-07 03:10:00+00:00,108.35900115966797,108.36100006103516,108.35900115966797,108.35900115966797,0.0
2025-01-07 03:11:00+00:00,108.3489990234375,108.35900115966797,108.3489990234375,108.35800170898438,0.0
2025-01-07 03:12:00+00:00,108.3489990234375,108.35299682617188,108.3479995727539,108.3489990234375,0.0
2025-01-07 03:13:00+00:00,108.34400177001953,108.3489990234375,108.34400177001953,108.3489990234375,0.0
2025-01-07 03:14:00+00:00,108.34400177001953,108.34600067138672,108.34300231933594,108.34400177001953,0.0
2025-01-07 03:15:00+00:00,108.33499908447266,108.34500122070312,108.33399963378906,108.34400177001953,0.0
2025-01-07 03:16:00+00:00,108.33599853515625,108.33599853515625,108.33200073242188,108.33499908447266,0.0
2025-01-07 03:17:00+00:00,108.33999633789062,108.33999633789062,108.33499908447266,108.33599853515625,0.0
2025-01-07 03:18:00+00:00,108.33899688720703,108.34100341796875,108.33799743652344,108.33999633789062,0.0
2025-01-07 03:19:00+00:00,108.33399963378906,108.33999633789062,108.33300018310547,108.33999633789062,0.0
2025-01-07 03:20:00+00:00,108.33200073242188,108.33699798583984,108.33100128173828,108.33399963378906,0.0
2025-01-07 03:21:00+00:00,108.33200073242188,108.33499908447266,108.33100128173828,108.33200073242188,0.0
2025-01-07 03:22:00+00:00,108.33499908447266,108.33499908447266,108.33000183105469,108.33200073242188,0.0
2025-01-07 03:23:00+00:00,108.33200073242188,108.33499908447266,108.33200073242188,108.33499908447266,0.0
2025-01-07 03:24:00+00:00,108.32599639892578,108.33399963378906,108.32599639892578,108.33300018310547,0.0
2025-01-07 03:25:00+00:00,108.322998046875,108.3270034790039,108.322998046875,108.32599639892578,0.0
2025-01-07 03:26:00+00:00,108.32099914550781,108.32499694824219,108.32099914550781,108.3219985961914,0.0
2025-01-07 03:27:00+00:00,108.32099914550781,108.322998046875,108.31999969482422,108.32099914550781,0.0
2025-01-07 03:28:00+00:00,108.31500244140625,108.32099914550781,108.31400299072266,108.32099914550781,0.0
2025-01-07 03:29:00+00:00,108.31400299072266,108.31600189208984,108.31400299072266,108.31500244140625,0.0
2025-01-07 03:30:00+00:00,108.31099700927734,108.31400299072266,108.30899810791016,108.31400299072266,0.0
2025-01-07 03:31:00+00:00,108.29499816894531,108.31199645996094,108.29499816894531,108.31199645996094,0.0
2025-01-07 03:32:00+00:00,108.29399871826172,108.29499816894531,108.29199981689453,108.29499816894531,0.0
2025-01-07 03:33:00+00:00,108.28800201416016,108.29399871826172,108.28800201416016,108.29399871826172,0.0
2025-01-07 03:34:00+00:00,108.29000091552734,108.29100036621094,108.28600311279297,108.28800201416016,0.0
2025-01-07 03:35:00+00:00,108.29399871826172,108.29499816894531,108.29100036621094,108.29100036621094,0.0
2025-01-07 03:36:00+00:00,108.29900360107422,108.3010025024414,108.29499816894531,108.29499816894531,0.0
2025-01-07 03:37:00+00:00,108.29399871826172,108.29900360107422,108.29399871826172,108.29900360107422,0.0
2025-01-07 03:38:00+00:00,108.29100036621094,108.29399871826172,108.29000091552734,108.29399871826172,0.0
2025-01-07 03:39:00+00:00,108.2760009765625,108.29100036621094,108.2760009765625,108.29100036621094,0.0
2025-01-07 03:40:00+00:00,108.26599884033203,108.2760009765625,108.26399993896484,108.2760009765625,0.0
2025-01-07 03:41:00+00:00,108.25399780273438,108.26899719238281,108.25399780273438,108.26599884033203,0.0
2025-01-07 03:42:00+00:00,108.2490005493164,108.25399780273438,108.2490005493164,108.25399780273438,0.0
2025-01-07 03:43:00+00:00,108.24800109863281,108.2509994506836,108.24800109863281,108.25,0.0
2025-01-07 03:44:00+00:00,108.25199890136719,108.25199890136719,108.24800109863281,108.24800109863281,0.0
2025-01-07 03:45:00+00:00,108.25199890136719,108.25199890136719,108.2509994506836,108.25199890136719,0.0
2025-01-07 03:46:00+00:00,108.25900268554688,108.25900268554688,108.2509994506836,108.25199890136719,0.0
2025-01-07 03:47:00+00:00,108.25399780273438,108.25900268554688,108.25399780273438,108.25900268554688,0.0
2025-01-07 03:48:00+00:00,108.26100158691406,108.26100158691406,108.25399780273438,108.25499725341797,0.0
2025-01-07 03:49:00+00:00,108.25900268554688,108.26100158691406,108.25900268554688,108.26100158691406,0.0
2025-01-07 03:50:00+00:00,108.26100158691406,108.26200103759766,108.26000213623047,108.26100158691406,0.0
2025-01-07 03:51:00+00:00,108.26599884033203,108.26599884033203,108.26100158691406,108.26100158691406,0.0
2025-01-07 03:52:00+00:00,108.26899719238281,108.26899719238281,108.26599884033203,108.26599884033203,0.0
2025-01-07 03:53:00+00:00,108.25900268554688,108.2699966430664,108.25900268554688,108.26899719238281,0.0
2025-01-07 03:54:00+00:00,108.26200103759766,108.26200103759766,108.25900268554688,108.25900268554688,0.0
2025-01-07 03:55:00+00:00,108.26000213623047,108.26300048828125,108.25700378417969,108.26100158691406,0.0
2025-01-07 03:56:00+00:00,108.25800323486328,108.26100158691406,108.25800323486328,108.26100158691406,0.0
2025-01-07 03:57:00+00:00,108.25199890136719,108.25900268554688,108.25199890136719,108.25800323486328,0.0
2025-01-07 03:58:00+00:00,108.25,108.25299835205078,108.2490005493164,108.25199890136719,0.0
2025-01-07 03:59:00+00:00,108.24500274658203,108.2509994506836,108.24500274658203,108.2509994506836,0.0
2025-01-07 04:00:00+00:00,108.24199676513672,108.24600219726562,108.23999786376953,108.24500274658203,0.0
2025-01-07 04:01:00+00:00,108.24800109863281,108.24800109863281,108.24199676513672,108.24199676513672,0.0
2025-01-07 04:02:00+00:00,108.25399780273438,108.25399780273438,108.2490005493164,108.2490005493164,0.0
2025-01-07 04:03:00+00:00,108.26000213623047,108.26000213623047,108.25399780273438,108.25399780273438,0.0
2025-01-07 04:04:00+00:00,108.25599670410156,108.26300048828125,108.25599670410156,108.26000213623047,0.0
2025-01-07 04:05:00+00:00,108.25900268554688,108.25900268554688,108.25499725341797,108.25599670410156,0.0
2025-01-07 04:06:00+00:00,108.25900268554688,108.25900268554688,108.25700378417969,108.25800323486328,0.0
2025-01-07 04:07:00+00:00,108.25900268554688,108.26100158691406,108.25800323486328,108.26000213623047,0.0
2025-01-07 04:08:00+00:00,108.26200103759766,108.26300048828125,108.25800323486328,108.25900268554688,0.0
2025-01-07 04:09:00+00:00,108.26399993896484,108.26499938964844,108.26000213623047,108.26200103759766,0.0
2025-01-07 04:10:00+00:00,108.25700378417969,108.26399993896484,108.25700378417969,108.26399993896484,0.0
2025-01-07 04:11:00+00:00,108.25199890136719,108.25700378417969,108.25199890136719,108.25700378417969,0.0
2025-01-07 04:12:00+00:00,108.25599670410156,108.25700378417969,108.25199890136719,108.25299835205078,0.0
2025-01-07 04:13:00+00:00,108.25800323486328,108.26000213623047,108.25700378417969,108.25700378417969,0.0
2025-01-07 04:14:00+00:00,108.25700378417969,108.25800323486328,108.25399780273438,108.25800323486328,0.0
2025-01-07 04:15:00+00:00,108.25599670410156,108.25800323486328,108.25599670410156,108.25700378417969,0.0
2025-01-07 04:16:00+00:00,108.25399780273438,108.25599670410156,108.25399780273438,108.25599670410156,0.0
2025-01-07 04:17:00+00:00,108.24600219726562,108.25399780273438,108.24600219726562,108.25299835205078,0.0
2025-01-07 04:18:00+00:00,108.24600219726562,108.24600219726562,108.24400329589844,108.24600219726562,0.0
2025-01-07 04:19:00+00:00,108.23999786376953,108.24600219726562,108.23999786376953,108.24600219726562,0.0
2025-01-07 04:20:00+00:00,108.23999786376953,108.23999786376953,108.23699951171875,108.23999786376953,0.0
2025-01-07 04:21:00+00:00,108.24700164794922,108.24800109863281,108.23999786376953,108.23999786376953,0.0
2025-01-07 04:22:00+00:00,108.25399780273438,108.25399780273438,108.24600219726562,108.24700164794922,0.0
2025-01-07 04:23:00+00:00,108.25199890136719,108.25499725341797,108.25199890136719,108.25499725341797,0.0
2025-01-07 04:24:00+00:00,108.24800109863281,108.25599670410156,108.24800109863281,108.2509994506836,0.0
2025-01-07 04:25:00+00:00,108.2490005493164,108.2509994506836,108.24600219726562,108.24700164794922,0.0
2025-01-07 04:26:00+00:00,108.24800109863281,108.2490005493164,108.24800109863281,108.24800109863281,0.0
2025-01-07 04:27:00+00:00,108.2490005493164,108.2490005493164,108.24700164794922,108.24800109863281,0.0
2025-01-07 04:28:00+00:00,108.24500274658203,108.25,108.24500274658203,108.2490005493164,0.0
2025-01-07 04:29:00+00:00,108.23699951171875,108.24500274658203,108.23699951171875,108.24500274658203,0.0
2025-01-07 04:30:00+00:00,108.24099731445312,108.24299621582031,108.23500061035156,108.23699951171875,0.0
2025-01-07 04:31:00+00:00,108.23400115966797,108.24099731445312,108.23300170898438,108.24099731445312,0.0
2025-01-07 04:32:00+00:00,108.23400115966797,108.23500061035156,108.23100280761719,108.23500061035156,0.0
2025-01-07 04:33:00+00:00,108.23799896240234,108.23999786376953,108.23400115966797,108.23400115966797,0.0
2025-01-07 04:34:00+00:00,108.23200225830078,108.23999786376953,108.23100280761719,108.23899841308594,0.0
2025-01-07 04:35:00+00:00,108.23100280761719,108.23100280761719,108.2249984741211,108.23100280761719,0.0
2025-01-07 04:36:00+00:00,108.2300033569336,108.23200225830078,108.22799682617188,108.2300033569336,0.0
2025-01-07 04:37:00+00:00,108.23200225830078,108.23200225830078,108.22899627685547,108.2300033569336,0.0
2025-01-07 04:38:00+00:00,108.22100067138672,108.23300170898438,108.22100067138672,108.23300170898438,0.0
2025-01-07 04:39:00+00:00,108.22599792480469,108.22599792480469,108.21900177001953,108.22000122070312,0.0
2025-01-07 04:40:00+00:00,108.23600006103516,108.23600006103516,108.22599792480469,108.22599792480469,0.0
2025-01-07 04:42:00+00:00,108.23600006103516,108.23699951171875,108.23600006103516,108.23600006103516,0.0
2025-01-07 04:43:00+00:00,108.22799682617188,108.23699951171875,108.22799682617188,108.23699951171875,0.0
2025-01-07 04:44:00+00:00,108.2300033569336,108.23200225830078,108.22799682617188,108.22799682617188,0.0
2025-01-07 04:45:00+00:00,108.23799896240234,108.23899841308594,108.23100280761719,108.23100280761719,0.0
2025-01-07 04:46:00+00:00,108.23799896240234,108.23799896240234,108.23200225830078,108.23799896240234,0.0
2025-01-07 04:47:00+00:00,108.24299621582031,108.24400329589844,108.23799896240234,108.23799896240234,0.0
2025-01-07 04:48:00+00:00,108.24400329589844,108.24500274658203,108.24299621582031,108.24299621582031,0.0
2025-01-07 04:49:00+00:00,108.24299621582031,108.24400329589844,108.24099731445312,108.24400329589844,0.0
2025-01-07 04:50:00+00:00,108.24400329589844,108.25,108.24299621582031,108.24299621582031,0.0
2025-01-07 04:51:00+00:00,108.23300170898438,108.24500274658203,108.23300170898438,108.24299621582031,0.0
2025-01-07 04:52:00+00:00,108.23300170898438,108.23400115966797,108.23100280761719,108.23100280761719,0.0
2025-01-07 04:53:00+00:00,108.23500061035156,108.23500061035156,108.2300033569336,108.23300170898438,0.0
2025-01-07 04:54:00+00:00,108.23500061035156,108.23699951171875,108.23400115966797,108.23500061035156,0.0
2025-01-07 04:55:00+00:00,108.23600006103516,108.23600006103516,108.23500061035156,108.23500061035156,0.0
2025-01-07 04:56:00+00:00,108.24600219726562,108.24600219726562,108.23600006103516,108.23600006103516,0.0
2025-01-07 04:57:00+00:00,108.24700164794922,108.2490005493164,108.24500274658203,108.24700164794922,0.0
2025-01-07 04:58:00+00:00,108.24600219726562,108.2509994506836,108.24600219726562,108.24700164794922,0.0
2025-01-07 05:00:00+00:00,108.2490005493164,108.2509994506836,108.24700164794922,108.24800109863281,0.0
2025-01-07 05:01:00+00:00,108.2490005493164,108.25,108.24800109863281,108.24800109863281,0.0
2025-01-07 05:02:00+00:00,108.25499725341797,108.25599670410156,108.24800109863281,108.24800109863281,0.0
2025-01-07 05:03:00+00:00,108.25299835205078,108.25599670410156,108.25299835205078,108.25499725341797,0.0
2025-01-07 05:04:00+00:00,108.25,108.25299835205078,108.25,108.25299835205078,0.0
2025-01-07 05:05:00+00:00,108.24400329589844,108.25,108.24400329589844,108.2490005493164,0.0
2025-01-07 05:06:00+00:00,108.24800109863281,108.24800109863281,108.24400329589844,108.24400329589844,0.0
2025-01-07 05:07:00+00:00,108.25,108.2509994506836,108.24600219726562,108.24800109863281,0.0
2025-01-07 05:08:00+00:00,108.2490005493164,108.25,108.24600219726562,108.25,0.0
2025-01-07 05:09:00+00:00,108.25,108.25,108.2490005493164,108.25,0.0
2025-01-07 05:11:00+00:00,108.25,108.25,108.24400329589844,108.24800109863281,0.0
2025-01-07 05:12:00+00:00,108.24400329589844,108.25199890136719,108.24400329589844,108.25,0.0
2025-01-07 05:13:00+00:00,108.24099731445312,108.2490005493164,108.24099731445312,108.24400329589844,0.0
2025-01-07 05:14:00+00:00,108.23400115966797,108.23999786376953,108.23400115966797,108.23999786376953,0.0
2025-01-07 05:15:00+00:00,108.22899627685547,108.23500061035156,108.22899627685547,108.23400115966797,0.0
2025-01-07 05:16:00+00:00,108.2249984741211,108.22799682617188,108.2249984741211,108.22799682617188,0.0
2025-01-07 05:17:00+00:00,108.21700286865234,108.2249984741211,108.21700286865234,108.2249984741211,0.0
2025-01-07 05:18:00+00:00,108.21700286865234,108.21900177001953,108.21600341796875,108.21700286865234,0.0
2025-01-07 05:19:00+00:00,108.21199798583984,108.21800231933594,108.21199798583984,108.21700286865234,0.0
2025-01-07 05:20:00+00:00,108.21499633789062,108.21600341796875,108.20899963378906,108.21199798583984,0.0
2025-01-07 05:21:00+00:00,108.2229995727539,108.2239990234375,108.21600341796875,108.21600341796875,0.0
2025-01-07 05:22:00+00:00,108.21399688720703,108.22200012207031,108.21399688720703,108.22200012207031,0.0
2025-01-07 05:23:00+00:00,108.21299743652344,108.21600341796875,108.21099853515625,108.21399688720703,0.0
2025-01-07 05:24:00+00:00,108.20800018310547,108.21199798583984,108.20700073242188,108.21199798583984,0.0
2025-01-07 05:25:00+00:00,108.20899963378906,108.21299743652344,108.20800018310547,108.20800018310547,0.0
2025-01-07 05:26:00+00:00,108.21099853515625,108.21099853515625,108.20600128173828,108.20800018310547,0.0
2025-01-07 05:27:00+00:00,108.21099853515625,108.21399688720703,108.21099853515625,108.21199798583984,0.0
2025-01-07 05:28:00+00:00,108.20999908447266,108.21199798583984,108.20700073242188,108.21199798583984,0.0
2025-01-07 05:29:00+00:00,108.20999908447266,108.21099853515625,108.20899963378906,108.20999908447266,0.0
2025-01-07 05:30:00+00:00,108.197998046875,108.20999908447266,108.1969985961914,108.20999908447266,0.0
2025-01-07 05:31:00+00:00,108.16799926757812,108.1969985961914,108.16799926757812,108.1969985961914,0.0
2025-01-07 05:32:00+00:00,108.16999816894531,108.1719970703125,108.16699981689453,108.16799926757812,0.0
2025-01-07 05:33:00+00:00,108.16999816894531,108.1719970703125,108.16799926757812,108.16999816894531,0.0
2025-01-07 05:34:00+00:00,108.16899871826172,108.17500305175781,108.16899871826172,108.1709976196289,0.0
2025-01-07 05:35:00+00:00,108.1709976196289,108.17400360107422,108.16699981689453,108.16899871826172,0.0
2025-01-07 05:36:00+00:00,108.16200256347656,108.1729965209961,108.16200256347656,108.1719970703125,0.0
2025-01-07 05:37:00+00:00,108.15799713134766,108.16200256347656,108.15799713134766,108.16200256347656,0.0
2025-01-07 05:38:00+00:00,108.15599822998047,108.15799713134766,108.15599822998047,108.15799713134766,0.0
2025-01-07 05:39:00+00:00,108.14800262451172,108.15699768066406,108.14800262451172,108.15599822998047,0.0
2025-01-07 05:40:00+00:00,108.14600372314453,108.14700317382812,108.14600372314453,108.14700317382812,0.0
2025-01-07 05:41:00+00:00,108.15299987792969,108.15399932861328,108.14600372314453,108.14600372314453,0.0
2025-01-07 05:42:00+00:00,108.14900207519531,108.15299987792969,108.14800262451172,108.15299987792969,0.0
2025-01-07 05:43:00+00:00,108.14399719238281,108.1500015258789,108.14399719238281,108.14900207519531,0.0
2025-01-07 05:44:00+00:00,108.13099670410156,108.14299774169922,108.12999725341797,108.14299774169922,0.0
2025-01-07 05:45:00+00:00,108.14199829101562,108.14199829101562,108.13200378417969,108.13300323486328,0.0
2025-01-07 05:46:00+00:00,108.13200378417969,108.14199829101562,108.13099670410156,108.14199829101562,0.0
2025-01-07 05:47:00+00:00,108.13700103759766,108.13800048828125,108.12999725341797,108.13200378417969,0.0
2025-01-07 05:48:00+00:00,108.12999725341797,108.13899993896484,108.12999725341797,108.13600158691406,0.0
2025-01-07 05:49:00+00:00,108.13800048828125,108.13899993896484,108.12799835205078,108.12899780273438,0.0
2025-01-07 05:50:00+00:00,108.13800048828125,108.13999938964844,108.13800048828125,108.13800048828125,0.0
2025-01-07 05:51:00+00:00,108.13300323486328,108.13899993896484,108.12999725341797,108.13700103759766,0.0
2025-01-07 05:53:00+00:00,108.13999938964844,108.14700317382812,108.13899993896484,108.14299774169922,0.0
2025-01-07 05:54:00+00:00,108.13999938964844,108.14099884033203,108.13800048828125,108.13899993896484,0.0
2025-01-07 05:55:00+00:00,108.1520004272461,108.1520004272461,108.13899993896484,108.13899993896484,0.0
2025-01-07 05:56:00+00:00,108.15399932861328,108.15599822998047,108.1520004272461,108.1520004272461,0.0
2025-01-07 05:57:00+00:00,108.1760025024414,108.1760025024414,108.15599822998047,108.15599822998047,0.0
2025-01-07 05:58:00+00:00,108.1780014038086,108.18599700927734,108.1760025024414,108.1760025024414,0.0
2025-01-07 05:59:00+00:00,108.18199920654297,108.18599700927734,108.177001953125,108.1780014038086,0.0
2025-01-07 06:00:00+00:00,108.16600036621094,108.18199920654297,108.16600036621094,108.18099975585938,0.0
2025-01-07 06:01:00+00:00,108.16400146484375,108.16699981689453,108.16200256347656,108.16600036621094,0.0
2025-01-07 06:02:00+00:00,108.16100311279297,108.16799926757812,108.16100311279297,108.16500091552734,0.0
2025-01-07 06:03:00+00:00,108.16200256347656,108.16300201416016,108.16100311279297,108.16100311279297,0.0
2025-01-07 06:04:00+00:00,108.15899658203125,108.16300201416016,108.15699768066406,108.16200256347656,0.0
2025-01-07 06:05:00+00:00,108.15299987792969,108.15899658203125,108.1510009765625,108.15899658203125,0.0
2025-01-07 06:06:00+00:00,108.14700317382812,108.15399932861328,108.14700317382812,108.15299987792969,0.0
2025-01-07 06:07:00+00:00,108.14800262451172,108.14900207519531,108.14600372314453,108.14600372314453,0.0
2025-01-07 06:08:00+00:00,108.12899780273438,108.14700317382812,108.12899780273438,108.14700317382812,0.0
2025-01-07 06:09:00+00:00,108.11399841308594,108.12899780273438,108.11000061035156,108.12899780273438,0.0
2025-01-07 06:10:00+00:00,108.12799835205078,108.12799835205078,108.11299896240234,108.11399841308594,0.0
2025-01-07 06:11:00+00:00,108.12999725341797,108.13200378417969,108.125,108.12699890136719,0.0
2025-01-07 06:12:00+00:00,108.11599731445312,108.12999725341797,108.11299896240234,108.12899780273438,0.0
2025-01-07 06:13:00+00:00,108.12300109863281,108.1240005493164,108.11599731445312,108.11599731445312,0.0
2025-01-07 06:14:00+00:00,108.12699890136719,108.12699890136719,108.12200164794922,108.12300109863281,0.0
2025-01-07 06:15:00+00:00,108.12300109863281,108.12899780273438,108.12300109863281,108.12699890136719,0.0
2025-01-07 06:16:00+00:00,108.12300109863281,108.12300109863281,108.12000274658203,108.12300109863281,0.0
2025-01-07 06:17:00+00:00,108.1259994506836,108.12899780273438,108.12300109863281,108.12300109863281,0.0
2025-01-07 06:18:00+00:00,108.1259994506836,108.12999725341797,108.125,108.125,0.0
2025-01-07 06:19:00+00:00,108.12200164794922,108.12699890136719,108.12200164794922,108.12699890136719,0.0
2025-01-07 06:20:00+00:00,108.11799621582031,108.12200164794922,108.11299896240234,108.12200164794922,0.0
2025-01-07 06:21:00+00:00,108.11900329589844,108.12300109863281,108.11799621582031,108.11900329589844,0.0
2025-01-07 06:22:00+00:00,108.12100219726562,108.12100219726562,108.11799621582031,108.11900329589844,0.0
2025-01-07 06:23:00+00:00,108.12200164794922,108.1240005493164,108.12100219726562,108.12100219726562,0.0
2025-01-07 06:24:00+00:00,108.13400268554688,108.13400268554688,108.12100219726562,108.12200164794922,0.0
2025-01-07 06:25:00+00:00,108.15399932861328,108.15399932861328,108.13500213623047,108.13600158691406,0.0
2025-01-07 06:26:00+00:00,108.15499877929688,108.16100311279297,108.1520004272461,108.15399932861328,0.0
2025-01-07 06:27:00+00:00,108.14399719238281,108.15499877929688,108.14299774169922,108.15499877929688,0.0
2025-01-07 06:28:00+00:00,108.13999938964844,108.1449966430664,108.13899993896484,108.14399719238281,0.0
2025-01-07 06:29:00+00:00,108.14399719238281,108.1449966430664,108.13899993896484,108.13999938964844,0.0
2025-01-07 06:30:00+00:00,108.13800048828125,108.14800262451172,108.13800048828125,108.1449966430664,0.0
2025-01-07 06:31:00+00:00,108.13099670410156,108.14199829101562,108.12999725341797,108.14099884033203,0.0
2025-01-07 06:32:00+00:00,108.12699890136719,108.13099670410156,108.12699890136719,108.12999725341797,0.0
2025-01-07 06:33:00+00:00,108.12899780273438,108.13099670410156,108.12200164794922,108.12699890136719,0.0
2025-01-07 06:34:00+00:00,108.13300323486328,108.13400268554688,108.12799835205078,108.12799835205078,0.0
2025-01-07 06:35:00+00:00,108.13099670410156,108.13400268554688,108.1259994506836,108.13300323486328,0.0
2025-01-07 06:36:00+00:00,108.13500213623047,108.13600158691406,108.13099670410156,108.13200378417969,0.0
2025-01-07 06:37:00+00:00,108.13999938964844,108.13999938964844,108.13400268554688,108.13500213623047,0.0
2025-01-07 06:38:00+00:00,108.14700317382812,108.14700317382812,108.13999938964844,108.14099884033203,0.0
2025-01-07 06:39:00+00:00,108.14600372314453,108.14800262451172,108.14399719238281,108.14700317382812,0.0
2025-01-07 06:40:00+00:00,108.15299987792969,108.15299987792969,108.14600372314453,108.14600372314453,0.0
2025-01-07 06:41:00+00:00,108.15699768066406,108.15799713134766,108.1520004272461,108.15299987792969,0.0
2025-01-07 06:42:00+00:00,108.16699981689453,108.16699981689453,108.15699768066406,108.15799713134766,0.0
2025-01-07 06:43:00+00:00,108.16300201416016,108.16899871826172,108.16300201416016,108.16600036621094,0.0
2025-01-07 06:44:00+00:00,108.16000366210938,108.16400146484375,108.15899658203125,108.16300201416016,0.0
2025-01-07 06:45:00+00:00,108.18000030517578,108.18000030517578,108.15899658203125,108.16000366210938,0.0
2025-01-07 06:46:00+00:00,108.17400360107422,108.18199920654297,108.17400360107422,108.18000030517578,0.0
2025-01-07 06:47:00+00:00,108.17400360107422,108.1760025024414,108.1719970703125,108.1729965209961,0.0
2025-01-07 06:48:00+00:00,108.1760025024414,108.1760025024414,108.1719970703125,108.17400360107422,0.0
2025-01-07 06:49:00+00:00,108.1760025024414,108.18199920654297,108.1760025024414,108.1760025024414,0.0
2025-01-07 06:50:00+00:00,108.1729965209961,108.17900085449219,108.1729965209961,108.17500305175781,0.0
2025-01-07 06:51:00+00:00,108.16000366210938,108.1729965209961,108.16000366210938,108.1729965209961,0.0
2025-01-07 06:52:00+00:00,108.16799926757812,108.16899871826172,108.16100311279297,108.16100311279297,0.0
2025-01-07 06:53:00+00:00,108.16999816894531,108.16999816894531,108.16699981689453,108.16799926757812,0.0
2025-01-07 06:54:00+00:00,108.16600036621094,108.16999816894531,108.16600036621094,108.16999816894531,0.0
2025-01-07 06:55:00+00:00,108.17400360107422,108.17500305175781,108.16100311279297,108.16600036621094,0.0
2025-01-07 06:56:00+00:00,108.17400360107422,108.177001953125,108.1729965209961,108.17400360107422,0.0
2025-01-07 06:57:00+00:00,108.16799926757812,108.1760025024414,108.16799926757812,108.1729965209961,0.0
2025-01-07 06:58:00+00:00,108.16899871826172,108.16999816894531,108.16799926757812,108.16799926757812,0.0
2025-01-07 06:59:00+00:00,108.1709976196289,108.1709976196289,108.16699981689453,108.16899871826172,0.0
2025-01-07 07:00:00+00:00,108.14900207519531,108.1709976196289,108.14800262451172,108.1709976196289,0.0
2025-01-07 07:01:00+00:00,108.1510009765625,108.15299987792969,108.14099884033203,108.14900207519531,0.0
2025-01-07 07:02:00+00:00,108.16300201416016,108.16300201416016,108.14900207519531,108.1510009765625,0.0
2025-01-07 07:03:00+00:00,108.15799713134766,108.16400146484375,108.15699768066406,108.16200256347656,0.0
2025-01-07 07:04:00+00:00,108.14900207519531,108.15799713134766,108.14600372314453,108.15799713134766,0.0
2025-01-07 07:05:00+00:00,108.13899993896484,108.14900207519531,108.13800048828125,108.14900207519531,0.0
2025-01-07 07:06:00+00:00,108.1259994506836,108.13999938964844,108.1259994506836,108.13899993896484,0.0
2025-01-07 07:07:00+00:00,108.12699890136719,108.12799835205078,108.11599731445312,108.1259994506836,0.0
2025-01-07 07:08:00+00:00,108.11299896240234,108.13099670410156,108.11299896240234,108.12699890136719,0.0
2025-01-07 07:09:00+00:00,108.10399627685547,108.11499786376953,108.10399627685547,108.11299896240234,0.0
2025-01-07 07:10:00+00:00,108.08200073242188,108.10299682617188,108.08100128173828,108.10299682617188,0.0
2025-01-07 07:11:00+00:00,108.08499908447266,108.08599853515625,108.07599639892578,108.08200073242188,0.0
2025-01-07 07:12:00+00:00,108.0790023803711,108.08799743652344,108.0780029296875,108.08499908447266,0.0
2025-01-07 07:13:00+00:00,108.0739974975586,108.0790023803711,108.06900024414062,108.0780029296875,0.0
2025-01-07 07:14:00+00:00,108.06800079345703,108.07499694824219,108.06400299072266,108.0739974975586,0.0
2025-01-07 07:15:00+00:00,108.0770034790039,108.08100128173828,108.06800079345703,108.06800079345703,0.0
2025-01-07 07:16:00+00:00,108.0770034790039,108.08100128173828,108.0739974975586,108.0770034790039,0.0
2025-01-07 07:17:00+00:00,108.06900024414062,108.07599639892578,108.06500244140625,108.07599639892578,0.0
2025-01-07 07:18:00+00:00,108.06700134277344,108.07099914550781,108.06400299072266,108.06700134277344,0.0
2025-01-07 07:19:00+00:00,108.04000091552734,108.06800079345703,108.04000091552734,108.06700134277344,0.0
2025-01-07 07:20:00+00:00,108.01100158691406,108.03600311279297,108.00900268554688,108.03600311279297,0.0
2025-01-07 07:21:00+00:00,108.03299713134766,108.03399658203125,108.01100158691406,108.01100158691406,0.0
2025-01-07 07:22:00+00:00,108.01200103759766,108.03700256347656,108.01200103759766,108.03399658203125,0.0
2025-01-07 07:23:00+00:00,108.01300048828125,108.01599884033203,108.00700378417969,108.01200103759766,0.0
2025-01-07 07:24:00+00:00,108.01499938964844,108.01599884033203,108.00900268554688,108.01200103759766,0.0
2025-01-07 07:25:00+00:00,108.01899719238281,108.0250015258789,108.01399993896484,108.01499938964844,0.0
2025-01-07 07:26:00+00:00,108.00900268554688,108.01899719238281,108.00700378417969,108.01899719238281,0.0
2025-01-07 07:27:00+00:00,108.01200103759766,108.01200103759766,108.00800323486328,108.00900268554688,0.0
2025-01-07 07:28:00+00:00,108.00599670410156,108.01300048828125,108.00499725341797,108.01200103759766,0.0
2025-01-07 07:29:00+00:00,108.0270004272461,108.0270004272461,108.00700378417969,108.00700378417969,0.0
2025-01-07 07:30:00+00:00,108.03099822998047,108.03500366210938,108.02799987792969,108.02799987792969,0.0
2025-01-07 07:31:00+00:00,108.0459976196289,108.0459976196289,108.02999877929688,108.02999877929688,0.0
2025-01-07 07:32:00+00:00,108.03600311279297,108.05699920654297,108.03500366210938,108.0459976196289,0.0
2025-01-07 07:33:00+00:00,108.02999877929688,108.04199981689453,108.0260009765625,108.03800201416016,0.0
2025-01-07 07:34:00+00:00,108.02999877929688,108.03900146484375,108.02899932861328,108.02999877929688,0.0
2025-01-07 07:35:00+00:00,108.03099822998047,108.04000091552734,108.02799987792969,108.02999877929688,0.0
2025-01-07 07:36:00+00:00,108.03099822998047,108.03199768066406,108.02400207519531,108.03099822998047,0.0
2025-01-07 07:37:00+00:00,108.02899932861328,108.03199768066406,108.0199966430664,108.03099822998047,0.0
2025-01-07 07:38:00+00:00,108.02100372314453,108.02799987792969,108.02100372314453,108.02799987792969,0.0
2025-01-07 07:39:00+00:00,107.99400329589844,108.02300262451172,107.99299621582031,108.0199966430664,0.0
2025-01-07 07:40:00+00:00,107.96099853515625,107.99700164794922,107.96099853515625,107.99400329589844,0.0
2025-01-07 07:41:00+00:00,107.98699951171875,107.98699951171875,107.9540023803711,107.96199798583984,0.0
2025-01-07 07:42:00+00:00,107.96700286865234,107.99199676513672,107.96700286865234,107.98600006103516,0.0
2025-01-07 07:43:00+00:00,107.97100067138672,107.97899627685547,107.95899963378906,107.96700286865234,0.0
2025-01-07 07:44:00+00:00,107.95500183105469,107.97100067138672,107.9540023803711,107.97100067138672,0.0
2025-01-07 07:45:00+00:00,107.99700164794922,108.0009994506836,107.95600128173828,107.95600128173828,0.0
2025-01-07 07:46:00+00:00,108.01699829101562,108.01699829101562,107.98400115966797,107.9990005493164,0.0
2025-01-07 07:47:00+00:00,108.00299835205078,108.03600311279297,107.99600219726562,108.01799774169922,0.0
2025-01-07 07:48:00+00:00,108.02100372314453,108.0250015258789,107.99400329589844,108.00199890136719,0.0
2025-01-07 07:49:00+00:00,108.03399658203125,108.03399658203125,108.01599884033203,108.02200317382812,0.0
2025-01-07 07:50:00+00:00,108.03900146484375,108.0469970703125,108.03500366210938,108.03500366210938,0.0
2025-01-07 07:51:00+00:00,108.01200103759766,108.04299926757812,108.01200103759766,108.03900146484375,0.0
2025-01-07 07:52:00+00:00,108.01699829101562,108.02100372314453,108.01000213623047,108.01100158691406,0.0
2025-01-07 07:53:00+00:00,108.01000213623047,108.01699829101562,108.01000213623047,108.01699829101562,0.0
2025-01-07 07:54:00+00:00,108.04900360107422,108.04900360107422,108.01000213623047,108.01000213623047,0.0
2025-01-07 07:55:00+00:00,108.0530014038086,108.06099700927734,108.05000305175781,108.0510025024414,0.0
2025-01-07 07:56:00+00:00,108.0479965209961,108.05500030517578,108.0479965209961,108.0530014038086,0.0
2025-01-07 07:57:00+00:00,108.03600311279297,108.05400085449219,108.03600311279297,108.0469970703125,0.0
2025-01-07 07:58:00+00:00,108.01699829101562,108.03700256347656,108.01699829101562,108.03700256347656,0.0
2025-01-07 07:59:00+00:00,108.01499938964844,108.02300262451172,108.01300048828125,108.01699829101562,0.0
2025-01-07 08:00:00+00:00,108.00800323486328,108.01499938964844,107.99600219726562,108.01499938964844,0.0
2025-01-07 08:01:00+00:00,108.02400207519531,108.02899932861328,108.00800323486328,108.00900268554688,0.0
2025-01-07 08:02:00+00:00,108.00399780273438,108.02400207519531,108.00399780273438,108.02400207519531,0.0
2025-01-07 08:03:00+00:00,107.99700164794922,108.00399780273438,107.99400329589844,108.00399780273438,0.0
2025-01-07 08:04:00+00:00,107.98600006103516,107.99700164794922,107.98500061035156,107.99600219726562,0.0
2025-01-07 08:05:00+00:00,107.99700164794922,107.99800109863281,107.97699737548828,107.98600006103516,0.0
2025-01-07 08:06:00+00:00,108.01000213623047,108.01599884033203,107.99700164794922,107.99700164794922,0.0
2025-01-07 08:07:00+00:00,107.98100280761719,108.01000213623047,107.97799682617188,108.01000213623047,0.0
2025-01-07 08:08:00+00:00,107.97799682617188,107.98300170898438,107.97200012207031,107.98300170898438,0.0
2025-01-07 08:09:00+00:00,107.98799896240234,107.98999786376953,107.97899627685547,107.97899627685547,0.0
2025-01-07 08:10:00+00:00,107.99400329589844,108.00900268554688,107.98899841308594,107.98899841308594,0.0
2025-01-07 08:11:00+00:00,108.00599670410156,108.00700378417969,107.99400329589844,107.99400329589844,0.0
2025-01-07 08:12:00+00:00,107.98899841308594,108.00499725341797,107.98899841308594,108.00499725341797,0.0
2025-01-07 08:13:00+00:00,108.00900268554688,108.00900268554688,107.98600006103516,107.98899841308594,0.0
2025-01-07 08:14:00+00:00,108.04499816894531,108.04499816894531,108.00800323486328,108.00800323486328,0.0
2025-01-07 08:15:00+00:00,108.02999877929688,108.05000305175781,108.02899932861328,108.04399871826172,0.0
2025-01-07 08:16:00+00:00,108.02200317382812,108.03299713134766,108.01899719238281,108.02899932861328,0.0
2025-01-07 08:17:00+00:00,108.0459976196289,108.04900360107422,108.02200317382812,108.02200317382812,0.0
2025-01-07 08:18:00+00:00,108.05899810791016,108.06099700927734,108.04499816894531,108.0459976196289,0.0
2025-01-07 08:19:00+00:00,108.07499694824219,108.07599639892578,108.05699920654297,108.05899810791016,0.0
2025-01-07 08:20:00+00:00,108.08300018310547,108.09100341796875,108.0739974975586,108.07499694824219,0.0
2025-01-07 08:21:00+00:00,108.0719985961914,108.08399963378906,108.0719985961914,108.08200073242188,0.0
2025-01-07 08:22:00+00:00,108.05899810791016,108.0719985961914,108.05799865722656,108.0719985961914,0.0
2025-01-07 08:23:00+00:00,108.05699920654297,108.06199645996094,108.05400085449219,108.06099700927734,0.0
2025-01-07 08:24:00+00:00,108.0530014038086,108.05799865722656,108.04499816894531,108.05799865722656,0.0
2025-01-07 08:25:00+00:00,108.06099700927734,108.06700134277344,108.052001953125,108.0530014038086,0.0
2025-01-07 08:26:00+00:00,108.0739974975586,108.0739974975586,108.06099700927734,108.06099700927734,0.0
2025-01-07 08:27:00+00:00,108.0780029296875,108.0790023803711,108.0719985961914,108.0739974975586,0.0
2025-01-07 08:28:00+00:00,108.10099792480469,108.10099792480469,108.07499694824219,108.07599639892578,0.0
2025-01-07 08:29:00+00:00,108.09100341796875,108.11000061035156,108.09100341796875,108.10099792480469,0.0
2025-01-07 08:30:00+00:00,108.08499908447266,108.09400177001953,108.08200073242188,108.09300231933594,0.0
2025-01-07 08:31:00+00:00,108.08100128173828,108.08499908447266,108.07099914550781,108.08499908447266,0.0
2025-01-07 08:32:00+00:00,108.08300018310547,108.08799743652344,108.0739974975586,108.08100128173828,0.0
2025-01-07 08:33:00+00:00,108.09100341796875,108.09200286865234,108.08300018310547,108.08300018310547,0.0
2025-01-07 08:34:00+00:00,108.08499908447266,108.09600067138672,108.08499908447266,108.09100341796875,0.0
2025-01-07 08:35:00+00:00,108.08200073242188,108.08499908447266,108.07099914550781,108.08499908447266,0.0
2025-01-07 08:36:00+00:00,108.08000183105469,108.08899688720703,108.08000183105469,108.08200073242188,0.0
2025-01-07 08:37:00+00:00,108.08599853515625,108.08699798583984,108.08000183105469,108.08000183105469,0.0
2025-01-07 08:38:00+00:00,108.08899688720703,108.0979995727539,108.08599853515625,108.08699798583984,0.0
2025-01-07 08:39:00+00:00,108.08999633789062,108.09100341796875,108.08599853515625,108.08899688720703,0.0
2025-01-07 08:40:00+00:00,108.0999984741211,108.10099792480469,108.08599853515625,108.08999633789062,0.0
2025-01-07 08:41:00+00:00,108.0739974975586,108.0989990234375,108.0739974975586,108.0989990234375,0.0
2025-01-07 08:42:00+00:00,108.0719985961914,108.08000183105469,108.06800079345703,108.0739974975586,0.0
2025-01-07 08:43:00+00:00,108.0530014038086,108.0770034790039,108.0530014038086,108.0739974975586,0.0
2025-01-07 08:44:00+00:00,108.01599884033203,108.0530014038086,108.01499938964844,108.0510025024414,0.0
2025-01-07 08:45:00+00:00,108.00900268554688,108.02100372314453,108.00900268554688,108.01599884033203,0.0
2025-01-07 08:46:00+00:00,107.99700164794922,108.00900268554688,107.99600219726562,108.00900268554688,0.0
2025-01-07 08:47:00+00:00,107.99299621582031,107.99700164794922,107.98899841308594,107.99700164794922,0.0
2025-01-07 08:48:00+00:00,107.98200225830078,107.99299621582031,107.98200225830078,107.99199676513672,0.0
2025-01-07 08:49:00+00:00,107.98600006103516,107.98600006103516,107.98100280761719,107.98200225830078,0.0
2025-01-07 08:50:00+00:00,107.98699951171875,107.98899841308594,107.98200225830078,107.98500061035156,0.0
2025-01-07 08:51:00+00:00,107.98999786376953,108.0,107.98699951171875,107.98699951171875,0.0
2025-01-07 08:52:00+00:00,107.98600006103516,107.98999786376953,107.98500061035156,107.98999786376953,0.0
2025-01-07 08:53:00+00:00,107.98300170898438,107.98600006103516,107.97799682617188,107.98600006103516,0.0
2025-01-07 08:54:00+00:00,107.97100067138672,107.98200225830078,107.97000122070312,107.98200225830078,0.0
2025-01-07 08:55:00+00:00,107.97200012207031,107.97599792480469,107.96800231933594,107.97200012207031,0.0
2025-01-07 08:56:00+00:00,107.9749984741211,107.97799682617188,107.97100067138672,107.97100067138672,0.0
2025-01-07 08:57:00+00:00,107.97200012207031,107.9749984741211,107.96900177001953,107.9749984741211,0.0
2025-01-07 08:58:00+00:00,107.95999908447266,107.97200012207031,107.95800018310547,107.97200012207031,0.0
2025-01-07 08:59:00+00:00,107.93299865722656,107.96499633789062,107.93299865722656,107.96099853515625,0.0
2025-01-07 09:00:00+00:00,107.91100311279297,107.93299865722656,107.90399932861328,107.93299865722656,0.0
2025-01-07 09:01:00+00:00,107.90399932861328,107.91600036621094,107.9000015258789,107.91200256347656,0.0
2025-01-07 09:02:00+00:00,107.89199829101562,107.90399932861328,107.88999938964844,107.90399932861328,0.0
2025-01-07 09:03:00+00:00,107.87699890136719,107.89700317382812,107.87699890136719,107.89399719238281,0.0
2025-01-07 09:04:00+00:00,107.86599731445312,107.87999725341797,107.86199951171875,107.87899780273438,0.0
2025-01-07 09:05:00+00:00,107.85399627685547,107.86900329589844,107.8479995727539,107.86599731445312,0.0
2025-01-07 09:06:00+00:00,107.86399841308594,107.86399841308594,107.85099792480469,107.8550033569336,0.0
2025-01-07 09:07:00+00:00,107.88600158691406,107.88899993896484,107.86399841308594,107.86499786376953,0.0
2025-01-07 09:08:00+00:00,107.9010009765625,107.9020004272461,107.88300323486328,107.88600158691406,0.0
2025-01-07 09:09:00+00:00,107.90599822998047,107.90599822998047,107.89800262451172,107.9010009765625,0.0
2025-01-07 09:10:00+00:00,107.9000015258789,107.91000366210938,107.9000015258789,107.90599822998047,0.0
2025-01-07 09:11:00+00:00,107.91899871826172,107.9209976196289,107.89600372314453,107.9000015258789,0.0
2025-01-07 09:12:00+00:00,107.93800354003906,107.93900299072266,107.91699981689453,107.91799926757812,0.0
2025-01-07 09:13:00+00:00,107.9280014038086,107.93800354003906,107.9280014038086,107.93800354003906,0.0
2025-01-07 09:14:00+00:00,107.9260025024414,107.93499755859375,107.9260025024414,107.9280014038086,0.0
2025-01-07 09:15:00+00:00,107.91899871826172,107.93199920654297,107.91699981689453,107.9280014038086,0.0
2025-01-07 09:16:00+00:00,107.92400360107422,107.92500305175781,107.91899871826172,107.91999816894531,0.0
2025-01-07 09:17:00+00:00,107.9280014038086,107.93099975585938,107.92400360107422,107.92500305175781,0.0
2025-01-07 09:18:00+00:00,107.93399810791016,107.93499755859375,107.9260025024414,107.9260025024414,0.0
2025-01-07 09:19:00+00:00,107.94200134277344,107.94200134277344,107.92900085449219,107.93399810791016,0.0
2025-01-07 09:20:00+00:00,107.94100189208984,107.9520034790039,107.94000244140625,107.94200134277344,0.0
2025-01-07 09:21:00+00:00,107.93699645996094,107.94300079345703,107.93699645996094,107.94000244140625,0.0
2025-01-07 09:22:00+00:00,107.94300079345703,107.947998046875,107.93399810791016,107.93800354003906,0.0
2025-01-07 09:23:00+00:00,107.9469985961914,107.947998046875,107.93900299072266,107.94300079345703,0.0
2025-01-07 09:24:00+00:00,107.93800354003906,107.9520034790039,107.93499755859375,107.94499969482422,0.0
2025-01-07 09:25:00+00:00,107.93900299072266,107.94400024414062,107.93800354003906,107.93800354003906,0.0
2025-01-07 09:26:00+00:00,107.93000030517578,107.93900299072266,107.92900085449219,107.93900299072266,0.0
2025-01-07 09:27:00+00:00,107.92400360107422,107.93199920654297,107.92400360107422,107.93000030517578,0.0
2025-01-07 09:28:00+00:00,107.927001953125,107.92900085449219,107.91400146484375,107.92400360107422,0.0
2025-01-07 09:29:00+00:00,107.93699645996094,107.93699645996094,107.927001953125,107.927001953125,0.0
2025-01-07 09:30:00+00:00,107.94499969482422,107.947998046875,107.93699645996094,107.93699645996094,0.0
2025-01-07 09:31:00+00:00,107.91500091552734,107.9469985961914,107.91500091552734,107.94499969482422,0.0
2025-01-07 09:32:00+00:00,107.92900085449219,107.93499755859375,107.91500091552734,107.91500091552734,0.0
2025-01-07 09:33:00+00:00,107.9280014038086,107.93699645996094,107.9260025024414,107.92900085449219,0.0
2025-01-07 09:34:00+00:00,107.93099975585938,107.93299865722656,107.9260025024414,107.9280014038086,0.0
2025-01-07 09:35:00+00:00,107.91899871826172,107.92900085449219,107.91600036621094,107.92900085449219,0.0
2025-01-07 09:36:00+00:00,107.91600036621094,107.9229965209961,107.91500091552734,107.91799926757812,0.0
2025-01-07 09:37:00+00:00,107.90899658203125,107.91699981689453,107.90599822998047,107.91600036621094,0.0
2025-01-07 09:38:00+00:00,107.91200256347656,107.91699981689453,107.90799713134766,107.90899658203125,0.0
2025-01-07 09:39:00+00:00,107.91699981689453,107.9209976196289,107.90699768066406,107.91100311279297,0.0
2025-01-07 09:40:00+00:00,107.91899871826172,107.91899871826172,107.91100311279297,107.91600036621094,0.0
2025-01-07 09:41:00+00:00,107.91899871826172,107.9229965209961,107.91699981689453,107.91899871826172,0.0
2025-01-07 09:42:00+00:00,107.92900085449219,107.93000030517578,107.91999816894531,107.91999816894531,0.0
2025-01-07 09:43:00+00:00,107.91899871826172,107.92900085449219,107.91799926757812,107.92900085449219,0.0
2025-01-07 09:44:00+00:00,107.92400360107422,107.927001953125,107.91999816894531,107.91999816894531,0.0
2025-01-07 09:45:00+00:00,107.93499755859375,107.93499755859375,107.92400360107422,107.92400360107422,0.0
2025-01-07 09:46:00+00:00,107.93199920654297,107.94300079345703,107.93199920654297,107.93499755859375,0.0
2025-01-07 09:47:00+00:00,107.93000030517578,107.93499755859375,107.93000030517578,107.93199920654297,0.0
2025-01-07 09:48:00+00:00,107.9229965209961,107.93299865722656,107.9229965209961,107.93000030517578,0.0
2025-01-07 09:49:00+00:00,107.92400360107422,107.92500305175781,107.9219970703125,107.92400360107422,0.0
2025-01-07 09:50:00+00:00,107.91300201416016,107.92400360107422,107.91200256347656,107.92400360107422,0.0
2025-01-07 09:51:00+00:00,107.927001953125,107.92900085449219,107.91300201416016,107.91300201416016,0.0
2025-01-07 09:52:00+00:00,107.92400360107422,107.9280014038086,107.9229965209961,107.927001953125,0.0
2025-01-07 09:54:00+00:00,107.9280014038086,107.9280014038086,107.91400146484375,107.91400146484375,0.0
2025-01-07 09:55:00+00:00,107.9469985961914,107.9489974975586,107.927001953125,107.927001953125,0.0
2025-01-07 09:56:00+00:00,107.9260025024414,107.9489974975586,107.9260025024414,107.947998046875,0.0
2025-01-07 09:57:00+00:00,107.91500091552734,107.9260025024414,107.91400146484375,107.9260025024414,0.0
2025-01-07 09:58:00+00:00,107.91799926757812,107.91799926757812,107.91400146484375,107.91500091552734,0.0
2025-01-07 09:59:00+00:00,107.91799926757812,107.91899871826172,107.91300201416016,107.91899871826172,0.0
2025-01-07 10:00:00+00:00,107.93399810791016,107.9489974975586,107.91799926757812,107.91799926757812,0.0
2025-01-07 10:01:00+00:00,107.947998046875,107.947998046875,107.927001953125,107.93399810791016,0.0
2025-01-07 10:02:00+00:00,107.96800231933594,107.96800231933594,107.947998046875,107.947998046875,0.0
2025-01-07 10:03:00+00:00,107.99199676513672,107.99299621582031,107.96499633789062,107.96800231933594,0.0
2025-01-07 10:04:00+00:00,108.0,108.00299835205078,107.98999786376953,107.99099731445312,0.0
2025-01-07 10:05:00+00:00,107.9800033569336,108.0,107.97799682617188,108.0,0.0
2025-01-07 10:06:00+00:00,107.97899627685547,107.98100280761719,107.97000122070312,107.98100280761719,0.0
2025-01-07 10:07:00+00:00,107.98899841308594,107.98899841308594,107.97799682617188,107.97799682617188,0.0
2025-01-07 10:08:00+00:00,107.97000122070312,107.99400329589844,107.97000122070312,107.99199676513672,0.0
2025-01-07 10:09:00+00:00,107.95600128173828,107.97000122070312,107.95600128173828,107.97000122070312,0.0
2025-01-07 10:10:00+00:00,107.94200134277344,107.95600128173828,107.94200134277344,107.95600128173828,0.0
2025-01-07 10:11:00+00:00,107.9229965209961,107.94200134277344,107.91999816894531,107.94200134277344,0.0
2025-01-07 10:12:00+00:00,107.9209976196289,107.9229965209961,107.91200256347656,107.9229965209961,0.0
2025-01-07 10:13:00+00:00,107.91000366210938,107.9219970703125,107.90599822998047,107.9209976196289,0.0
2025-01-07 10:14:00+00:00,107.92900085449219,107.93199920654297,107.90799713134766,107.90899658203125,0.0
2025-01-07 10:15:00+00:00,107.93399810791016,107.93399810791016,107.927001953125,107.9280014038086,0.0
2025-01-07 10:16:00+00:00,107.91300201416016,107.93299865722656,107.91200256347656,107.93299865722656,0.0
2025-01-07 10:17:00+00:00,107.88999938964844,107.91500091552734,107.88999938964844,107.91300201416016,0.0
2025-01-07 10:18:00+00:00,107.89299774169922,107.8949966430664,107.88700103759766,107.89099884033203,0.0
2025-01-07 10:19:00+00:00,107.88600158691406,107.89199829101562,107.88099670410156,107.89199829101562,0.0
2025-01-07 10:20:00+00:00,107.89800262451172,107.89800262451172,107.88500213623047,107.88600158691406,0.0
2025-01-07 10:21:00+00:00,107.91500091552734,107.91500091552734,107.89800262451172,107.89800262451172,0.0
2025-01-07 10:22:00+00:00,107.9229965209961,107.92400360107422,107.91200256347656,107.91500091552734,0.0
2025-01-07 10:23:00+00:00,107.91899871826172,107.92400360107422,107.91400146484375,107.9229965209961,0.0
2025-01-07 10:24:00+00:00,107.92900085449219,107.93299865722656,107.91500091552734,107.91799926757812,0.0
2025-01-07 10:25:00+00:00,107.94100189208984,107.94599914550781,107.93000030517578,107.93000030517578,0.0
2025-01-07 10:26:00+00:00,107.93800354003906,107.94200134277344,107.93199920654297,107.94100189208984,0.0
2025-01-07 10:27:00+00:00,107.9489974975586,107.9489974975586,107.93599700927734,107.93699645996094,0.0
2025-01-07 10:28:00+00:00,107.95999908447266,107.95999908447266,107.94300079345703,107.9489974975586,0.0
2025-01-07 10:29:00+00:00,107.97000122070312,107.97100067138672,107.95800018310547,107.95999908447266,0.0
2025-01-07 10:30:00+00:00,107.96800231933594,107.9739990234375,107.96399688720703,107.96900177001953,0.0
2025-01-07 10:31:00+00:00,107.98100280761719,107.98200225830078,107.96900177001953,107.96900177001953,0.0
2025-01-07 10:32:00+00:00,107.97000122070312,107.98100280761719,107.97000122070312,107.98100280761719,0.0
2025-01-07 10:33:00+00:00,107.96900177001953,107.9739990234375,107.96700286865234,107.97000122070312,0.0
2025-01-07 10:34:00+00:00,107.98400115966797,107.98400115966797,107.96900177001953,107.96900177001953,0.0
2025-01-07 10:35:00+00:00,107.9729995727539,107.98400115966797,107.97100067138672,107.98300170898438,0.0
2025-01-07 10:36:00+00:00,107.9800033569336,107.98200225830078,107.9739990234375,107.9739990234375,0.0
2025-01-07 10:37:00+00:00,107.97200012207031,107.98200225830078,107.97200012207031,107.9800033569336,0.0
2025-01-07 10:38:00+00:00,107.95899963378906,107.9729995727539,107.95899963378906,107.97200012207031,0.0
2025-01-07 10:39:00+00:00,107.95899963378906,107.95999908447266,107.95500183105469,107.95899963378906,0.0
2025-01-07 10:40:00+00:00,107.95800018310547,107.96499633789062,107.9540023803711,107.95899963378906,0.0
2025-01-07 10:41:00+00:00,107.96800231933594,107.96800231933594,107.95700073242188,107.95800018310547,0.0
2025-01-07 10:42:00+00:00,107.96299743652344,107.96800231933594,107.95999908447266,107.96800231933594,0.0
2025-01-07 10:43:00+00:00,107.96700286865234,107.96900177001953,107.96199798583984,107.96299743652344,0.0
2025-01-07 10:44:00+00:00,107.95999908447266,107.96800231933594,107.95899963378906,107.96800231933594,0.0
2025-01-07 10:45:00+00:00,107.9749984741211,107.97599792480469,107.95899963378906,107.95899963378906,0.0
2025-01-07 10:46:00+00:00,107.96499633789062,107.97599792480469,107.96499633789062,107.9749984741211,0.0
2025-01-07 10:47:00+00:00,107.96399688720703,107.96399688720703,107.95899963378906,107.96199798583984,0.0
2025-01-07 10:48:00+00:00,107.94499969482422,107.96199798583984,107.94499969482422,107.96199798583984,0.0
2025-01-07 10:49:00+00:00,107.93299865722656,107.94599914550781,107.93299865722656,107.94499969482422,0.0
2025-01-07 10:50:00+00:00,107.9280014038086,107.93900299072266,107.9280014038086,107.93299865722656,0.0
2025-01-07 10:51:00+00:00,107.91300201416016,107.927001953125,107.91300201416016,107.927001953125,0.0
2025-01-07 10:52:00+00:00,107.9209976196289,107.9229965209961,107.91500091552734,107.91600036621094,0.0
2025-01-07 10:53:00+00:00,107.9219970703125,107.92400360107422,107.91799926757812,107.9219970703125,0.0
2025-01-07 10:54:00+00:00,107.90399932861328,107.9219970703125,107.90399932861328,107.9219970703125,0.0
2025-01-07 10:55:00+00:00,107.90799713134766,107.90799713134766,107.89800262451172,107.90299987792969,0.0
2025-01-07 10:56:00+00:00,107.9229965209961,107.9229965209961,107.90799713134766,107.90799713134766,0.0
2025-01-07 10:57:00+00:00,107.94200134277344,107.94200134277344,107.9229965209961,107.9229965209961,0.0
2025-01-07 10:58:00+00:00,107.9530029296875,107.9530029296875,107.94100189208984,107.94100189208984,0.0
2025-01-07 10:59:00+00:00,107.9489974975586,107.95899963378906,107.9489974975586,107.95500183105469,0.0
2025-01-07 11:00:00+00:00,107.97100067138672,107.97100067138672,107.947998046875,107.947998046875,0.0
2025-01-07 11:01:00+00:00,107.98500061035156,107.98500061035156,107.96800231933594,107.97000122070312,0.0
2025-01-07 11:02:00+00:00,107.98200225830078,107.98300170898438,107.97899627685547,107.98300170898438,0.0
2025-01-07 11:03:00+00:00,107.99400329589844,107.99400329589844,107.98200225830078,107.98200225830078,0.0
2025-01-07 11:04:00+00:00,107.98200225830078,107.99400329589844,107.98200225830078,107.99400329589844,0.0
2025-01-07 11:05:00+00:00,107.9749984741211,107.98200225830078,107.96700286865234,107.98200225830078,0.0
2025-01-07 11:06:00+00:00,107.9540023803711,107.9739990234375,107.9540023803711,107.9739990234375,0.0
2025-01-07 11:07:00+00:00,107.9540023803711,107.95600128173828,107.9469985961914,107.95600128173828,0.0
2025-01-07 11:08:00+00:00,107.96299743652344,107.96399688720703,107.9540023803711,107.9540023803711,0.0
2025-01-07 11:09:00+00:00,107.9800033569336,107.9800033569336,107.96199798583984,107.96299743652344,0.0
2025-01-07 11:10:00+00:00,107.99400329589844,107.99500274658203,107.9800033569336,107.9800033569336,0.0
2025-01-07 11:11:00+00:00,108.0,108.00299835205078,107.99299621582031,107.99400329589844,0.0
2025-01-07 11:12:00+00:00,108.00599670410156,108.00599670410156,107.99299621582031,108.0,0.0
2025-01-07 11:13:00+00:00,108.00700378417969,108.00800323486328,108.00499725341797,108.00599670410156,0.0
2025-01-07 11:14:00+00:00,108.01100158691406,108.01599884033203,108.00599670410156,108.00700378417969,0.0
2025-01-07 11:15:00+00:00,108.02100372314453,108.02400207519531,108.00800323486328,108.01000213623047,0.0
2025-01-07 11:16:00+00:00,108.02400207519531,108.0270004272461,108.02100372314453,108.02100372314453,0.0
2025-01-07 11:17:00+00:00,108.03600311279297,108.03600311279297,108.01699829101562,108.02400207519531,0.0
2025-01-07 11:18:00+00:00,108.0479965209961,108.05000305175781,108.03600311279297,108.03600311279297,0.0
2025-01-07 11:19:00+00:00,108.04499816894531,108.05000305175781,108.04499816894531,108.0479965209961,0.0
2025-01-07 11:20:00+00:00,108.04399871826172,108.0469970703125,108.04100036621094,108.04499816894531,0.0
2025-01-07 11:21:00+00:00,108.06999969482422,108.06999969482422,108.04399871826172,108.04399871826172,0.0
2025-01-07 11:22:00+00:00,108.0739974975586,108.0739974975586,108.06400299072266,108.06800079345703,0.0
2025-01-07 11:23:00+00:00,108.06999969482422,108.08200073242188,108.06999969482422,108.0739974975586,0.0
2025-01-07 11:24:00+00:00,108.0739974975586,108.0739974975586,108.06700134277344,108.07099914550781,0.0
2025-01-07 11:25:00+00:00,108.08000183105469,108.08000183105469,108.0719985961914,108.07499694824219,0.0
2025-01-07 11:26:00+00:00,108.08999633789062,108.09100341796875,108.08000183105469,108.08000183105469,0.0
2025-01-07 11:27:00+00:00,108.08899688720703,108.09200286865234,108.08799743652344,108.09100341796875,0.0
2025-01-07 11:28:00+00:00,108.08699798583984,108.09700012207031,108.08399963378906,108.09100341796875,0.0
2025-01-07 11:29:00+00:00,108.0999984741211,108.0999984741211,108.08499908447266,108.08699798583984,0.0
2025-01-07 11:30:00+00:00,108.10099792480469,108.10800170898438,108.0979995727539,108.0999984741211,0.0
2025-01-07 11:31:00+00:00,108.12300109863281,108.12300109863281,108.10099792480469,108.10099792480469,0.0
2025-01-07 11:32:00+00:00,108.13500213623047,108.13700103759766,108.1240005493164,108.1240005493164,0.0
2025-01-07 11:33:00+00:00,108.11799621582031,108.13700103759766,108.11799621582031,108.13500213623047,0.0
2025-01-07 11:34:00+00:00,108.12200164794922,108.1259994506836,108.11000061035156,108.11499786376953,0.0
2025-01-07 11:35:00+00:00,108.12300109863281,108.12799835205078,108.11799621582031,108.12200164794922,0.0
2025-01-07 11:36:00+00:00,108.125,108.12799835205078,108.12200164794922,108.12300109863281,0.0
2025-01-07 11:37:00+00:00,108.11699676513672,108.12699890136719,108.11699676513672,108.1240005493164,0.0
2025-01-07 11:38:00+00:00,108.10900115966797,108.11799621582031,108.10800170898438,108.11699676513672,0.0
2025-01-07 11:39:00+00:00,108.11599731445312,108.11900329589844,108.10800170898438,108.10900115966797,0.0
2025-01-07 11:40:00+00:00,108.09400177001953,108.11499786376953,108.09400177001953,108.11499786376953,0.0
2025-01-07 11:41:00+00:00,108.09100341796875,108.0999984741211,108.08999633789062,108.09400177001953,0.0
2025-01-07 11:42:00+00:00,108.08499908447266,108.08999633789062,108.08399963378906,108.08999633789062,0.0
2025-01-07 11:43:00+00:00,108.08000183105469,108.08499908447266,108.0780029296875,108.08499908447266,0.0
2025-01-07 11:44:00+00:00,108.07599639892578,108.08000183105469,108.07499694824219,108.08000183105469,0.0
2025-01-07 11:45:00+00:00,108.07599639892578,108.0770034790039,108.06900024414062,108.0770034790039,0.0
2025-01-07 11:46:00+00:00,108.07499694824219,108.0780029296875,108.0719985961914,108.0770034790039,0.0
2025-01-07 11:47:00+00:00,108.08100128173828,108.08399963378906,108.07499694824219,108.07499694824219,0.0
2025-01-07 11:48:00+00:00,108.0770034790039,108.08200073242188,108.072998046875,108.08100128173828,0.0
2025-01-07 11:49:00+00:00,108.07099914550781,108.0790023803711,108.06800079345703,108.0770034790039,0.0
2025-01-07 11:50:00+00:00,108.09200286865234,108.09200286865234,108.07099914550781,108.07099914550781,0.0
2025-01-07 11:51:00+00:00,108.08200073242188,108.09100341796875,108.08100128173828,108.09100341796875,0.0
2025-01-07 11:52:00+00:00,108.07099914550781,108.08100128173828,108.06999969482422,108.08100128173828,0.0
2025-01-07 11:53:00+00:00,108.05699920654297,108.07099914550781,108.05500030517578,108.07099914550781,0.0
2025-01-07 11:54:00+00:00,108.05999755859375,108.05999755859375,108.0530014038086,108.05400085449219,0.0
2025-01-07 11:55:00+00:00,108.06900024414062,108.07099914550781,108.05999755859375,108.05999755859375,0.0
2025-01-07 11:56:00+00:00,108.07499694824219,108.07499694824219,108.06800079345703,108.06999969482422,0.0
2025-01-07 11:57:00+00:00,108.0770034790039,108.08200073242188,108.0739974975586,108.07499694824219,0.0
2025-01-07 11:58:00+00:00,108.05799865722656,108.0770034790039,108.05500030517578,108.0770034790039,0.0
2025-01-07 11:59:00+00:00,108.06500244140625,108.06600189208984,108.05699920654297,108.05699920654297,0.0
2025-01-07 12:00:00+00:00,108.06500244140625,108.06700134277344,108.05799865722656,108.06500244140625,0.0
2025-01-07 12:01:00+00:00,108.08000183105469,108.08000183105469,108.06199645996094,108.06400299072266,0.0
2025-01-07 12:02:00+00:00,108.07499694824219,108.08399963378906,108.07499694824219,108.08000183105469,0.0
2025-01-07 12:03:00+00:00,108.06400299072266,108.07499694824219,108.05699920654297,108.07499694824219,0.0
2025-01-07 12:04:00+00:00,108.05400085449219,108.06500244140625,108.05400085449219,108.06500244140625,0.0
2025-01-07 12:05:00+00:00,108.0469970703125,108.05599975585938,108.0469970703125,108.0530014038086,0.0
2025-01-07 12:06:00+00:00,108.05000305175781,108.05000305175781,108.04199981689453,108.0469970703125,0.0
2025-01-07 12:07:00+00:00,108.05799865722656,108.05799865722656,108.04499816894531,108.05000305175781,0.0
2025-01-07 12:08:00+00:00,108.09100341796875,108.09500122070312,108.05799865722656,108.05799865722656,0.0
2025-01-07 12:09:00+00:00,108.10800170898438,108.10800170898438,108.09100341796875,108.09100341796875,0.0
2025-01-07 12:10:00+00:00,108.0979995727539,108.10800170898438,108.09700012207031,108.10800170898438,0.0
2025-01-07 12:11:00+00:00,108.08999633789062,108.10099792480469,108.08899688720703,108.0999984741211,0.0
2025-01-07 12:12:00+00:00,108.08200073242188,108.09200286865234,108.08200073242188,108.08999633789062,0.0
2025-01-07 12:13:00+00:00,108.09100341796875,108.09400177001953,108.07599639892578,108.08200073242188,0.0
2025-01-07 12:14:00+00:00,108.0989990234375,108.0989990234375,108.08999633789062,108.08999633789062,0.0
2025-01-07 12:15:00+00:00,108.12200164794922,108.12200164794922,108.0999984741211,108.0999984741211,0.0
2025-01-07 12:16:00+00:00,108.1240005493164,108.13800048828125,108.12300109863281,108.12300109863281,0.0
2025-01-07 12:17:00+00:00,108.12699890136719,108.13300323486328,108.12300109863281,108.12300109863281,0.0
2025-01-07 12:18:00+00:00,108.11399841308594,108.12899780273438,108.11399841308594,108.12699890136719,0.0
2025-01-07 12:19:00+00:00,108.08200073242188,108.11399841308594,108.08000183105469,108.11399841308594,0.0
2025-01-07 12:20:00+00:00,108.09200286865234,108.09600067138672,108.08300018310547,108.08300018310547,0.0
2025-01-07 12:21:00+00:00,108.11199951171875,108.11299896240234,108.09200286865234,108.09300231933594,0.0
2025-01-07 12:22:00+00:00,108.11900329589844,108.12100219726562,108.11100006103516,108.11199951171875,0.0
2025-01-07 12:23:00+00:00,108.12699890136719,108.12699890136719,108.11599731445312,108.11900329589844,0.0
2025-01-07 12:24:00+00:00,108.13500213623047,108.1449966430664,108.12699890136719,108.12699890136719,0.0
2025-01-07 12:25:00+00:00,108.12100219726562,108.13600158691406,108.11499786376953,108.13500213623047,0.0
2025-01-07 12:26:00+00:00,108.12999725341797,108.13099670410156,108.12000274658203,108.12100219726562,0.0
2025-01-07 12:27:00+00:00,108.11199951171875,108.12999725341797,108.11199951171875,108.12999725341797,0.0
2025-01-07 12:28:00+00:00,108.12799835205078,108.12799835205078,108.11299896240234,108.11299896240234,0.0
2025-01-07 12:29:00+00:00,108.13600158691406,108.13700103759766,108.1259994506836,108.12699890136719,0.0
2025-01-07 12:30:00+00:00,108.14700317382812,108.14700317382812,108.13300323486328,108.13500213623047,0.0
2025-01-07 12:31:00+00:00,108.15299987792969,108.15299987792969,108.1449966430664,108.14700317382812,0.0
2025-01-07 12:32:00+00:00,108.15299987792969,108.15799713134766,108.14800262451172,108.15399932861328,0.0
2025-01-07 12:33:00+00:00,108.15499877929688,108.15499877929688,108.14099884033203,108.15299987792969,0.0
2025-01-07 12:34:00+00:00,108.16600036621094,108.16600036621094,108.15499877929688,108.15599822998047,0.0
2025-01-07 12:35:00+00:00,108.14199829101562,108.16500091552734,108.14199829101562,108.16500091552734,0.0
2025-01-07 12:36:00+00:00,108.14600372314453,108.14600372314453,108.13200378417969,108.13999938964844,0.0
2025-01-07 12:37:00+00:00,108.16699981689453,108.16699981689453,108.14700317382812,108.14700317382812,0.0
2025-01-07 12:38:00+00:00,108.1729965209961,108.1760025024414,108.16000366210938,108.16699981689453,0.0
2025-01-07 12:39:00+00:00,108.14700317382812,108.17400360107422,108.14399719238281,108.17400360107422,0.0
2025-01-07 12:40:00+00:00,108.15499877929688,108.15899658203125,108.14900207519531,108.14900207519531,0.0
2025-01-07 12:41:00+00:00,108.1729965209961,108.1729965209961,108.15499877929688,108.15599822998047,0.0
2025-01-07 12:42:00+00:00,108.21499633789062,108.21499633789062,108.1729965209961,108.1729965209961,0.0
2025-01-07 12:43:00+00:00,108.21600341796875,108.2300033569336,108.21399688720703,108.21499633789062,0.0
2025-01-07 12:44:00+00:00,108.21900177001953,108.22100067138672,108.20500183105469,108.21199798583984,0.0
2025-01-07 12:45:00+00:00,108.22200012207031,108.22200012207031,108.21600341796875,108.22000122070312,0.0
2025-01-07 12:46:00+00:00,108.22899627685547,108.24500274658203,108.22200012207031,108.22200012207031,0.0
2025-01-07 12:47:00+00:00,108.2020034790039,108.23100280761719,108.20099639892578,108.22699737548828,0.0
2025-01-07 12:48:00+00:00,108.1989974975586,108.20500183105469,108.197998046875,108.20500183105469,0.0
2025-01-07 12:49:00+00:00,108.18699645996094,108.1969985961914,108.177001953125,108.1969985961914,0.0
2025-01-07 12:50:00+00:00,108.19300079345703,108.19400024414062,108.18499755859375,108.18499755859375,0.0
2025-01-07 12:51:00+00:00,108.21399688720703,108.21499633789062,108.19400024414062,108.19400024414062,0.0
2025-01-07 12:52:00+00:00,108.21499633789062,108.21600341796875,108.20600128173828,108.21399688720703,0.0
2025-01-07 12:53:00+00:00,108.22799682617188,108.23200225830078,108.21399688720703,108.21600341796875,0.0
2025-01-07 12:54:00+00:00,108.22899627685547,108.23200225830078,108.2239990234375,108.22899627685547,0.0
2025-01-07 12:55:00+00:00,108.2239990234375,108.25,108.2239990234375,108.24700164794922,0.0
2025-01-07 12:56:00+00:00,108.23400115966797,108.23400115966797,108.21099853515625,108.2239990234375,0.0
2025-01-07 12:57:00+00:00,108.22699737548828,108.23899841308594,108.22200012207031,108.23400115966797,0.0
2025-01-07 12:58:00+00:00,108.24600219726562,108.24600219726562,108.22699737548828,108.22699737548828,0.0
2025-01-07 12:59:00+00:00,108.24600219726562,108.25299835205078,108.24299621582031,108.24600219726562,0.0
2025-01-07 13:00:00+00:00,108.24199676513672,108.25,108.23799896240234,108.24600219726562,0.0
2025-01-07 13:01:00+00:00,108.23799896240234,108.24299621582031,108.23400115966797,108.24099731445312,0.0
2025-01-07 13:02:00+00:00,108.23699951171875,108.24099731445312,108.23300170898438,108.23899841308594,0.0
2025-01-07 13:03:00+00:00,108.21600341796875,108.23600006103516,108.21600341796875,108.23600006103516,0.0
2025-01-07 13:04:00+00:00,108.21299743652344,108.21700286865234,108.21099853515625,108.21600341796875,0.0
2025-01-07 13:05:00+00:00,108.21399688720703,108.21399688720703,108.20800018310547,108.21299743652344,0.0
2025-01-07 13:06:00+00:00,108.22100067138672,108.22599792480469,108.21399688720703,108.21499633789062,0.0
2025-01-07 13:07:00+00:00,108.21499633789062,108.22599792480469,108.21499633789062,108.22000122070312,0.0
2025-01-07 13:08:00+00:00,108.22599792480469,108.22599792480469,108.21299743652344,108.21399688720703,0.0
2025-01-07 13:09:00+00:00,108.20099639892578,108.22599792480469,108.20099639892578,108.22599792480469,0.0
2025-01-07 13:10:00+00:00,108.18199920654297,108.20099639892578,108.18099975585938,108.20099639892578,0.0
2025-01-07 13:11:00+00:00,108.1719970703125,108.18199920654297,108.1709976196289,108.18099975585938,0.0
2025-01-07 13:12:00+00:00,108.16799926757812,108.18000030517578,108.16799926757812,108.1719970703125,0.0
2025-01-07 13:13:00+00:00,108.16699981689453,108.1729965209961,108.16200256347656,108.16799926757812,0.0
2025-01-07 13:14:00+00:00,108.1719970703125,108.1719970703125,108.16200256347656,108.16699981689453,0.0
2025-01-07 13:15:00+00:00,108.18599700927734,108.18599700927734,108.16200256347656,108.1709976196289,0.0
2025-01-07 13:16:00+00:00,108.16200256347656,108.18599700927734,108.16200256347656,108.18599700927734,0.0
2025-01-07 13:17:00+00:00,108.16899871826172,108.16899871826172,108.16000366210938,108.16000366210938,0.0
2025-01-07 13:18:00+00:00,108.15399932861328,108.16699981689453,108.15299987792969,108.16600036621094,0.0
2025-01-07 13:19:00+00:00,108.13300323486328,108.16000366210938,108.13300323486328,108.15499877929688,0.0
2025-01-07 13:20:00+00:00,108.1259994506836,108.13600158691406,108.12000274658203,108.13300323486328,0.0
2025-01-07 13:21:00+00:00,108.12699890136719,108.13899993896484,108.125,108.1259994506836,0.0
2025-01-07 13:22:00+00:00,108.12200164794922,108.13200378417969,108.12100219726562,108.12699890136719,0.0
2025-01-07 13:23:00+00:00,108.11799621582031,108.13200378417969,108.11799621582031,108.12300109863281,0.0
2025-01-07 13:24:00+00:00,108.12300109863281,108.125,108.11399841308594,108.11799621582031,0.0
2025-01-07 13:25:00+00:00,108.13300323486328,108.13300323486328,108.1240005493164,108.1240005493164,0.0
2025-01-07 13:26:00+00:00,108.1449966430664,108.14700317382812,108.13300323486328,108.13300323486328,0.0
2025-01-07 13:27:00+00:00,108.13899993896484,108.14399719238281,108.13800048828125,108.14399719238281,0.0
2025-01-07 13:28:00+00:00,108.13400268554688,108.13800048828125,108.13300323486328,108.13800048828125,0.0
2025-01-07 13:29:00+00:00,108.13700103759766,108.13899993896484,108.13500213623047,108.13500213623047,0.0
2025-01-07 13:30:00+00:00,108.14399719238281,108.14399719238281,108.12899780273438,108.13700103759766,0.0
2025-01-07 13:31:00+00:00,108.14099884033203,108.1500015258789,108.13999938964844,108.14399719238281,0.0
2025-01-07 13:32:00+00:00,108.14600372314453,108.14900207519531,108.14099884033203,108.14099884033203,0.0
2025-01-07 13:33:00+00:00,108.16000366210938,108.16000366210938,108.1449966430664,108.14600372314453,0.0
2025-01-07 13:34:00+00:00,108.14700317382812,108.16000366210938,108.1449966430664,108.16000366210938,0.0
2025-01-07 13:35:00+00:00,108.14299774169922,108.1520004272461,108.14299774169922,108.14800262451172,0.0
2025-01-07 13:36:00+00:00,108.10900115966797,108.14399719238281,108.10800170898438,108.14299774169922,0.0
2025-01-07 13:37:00+00:00,108.11100006103516,108.12300109863281,108.11000061035156,108.11000061035156,0.0
2025-01-07 13:38:00+00:00,108.1240005493164,108.1240005493164,108.11100006103516,108.11100006103516,0.0
2025-01-07 13:39:00+00:00,108.1449966430664,108.1449966430664,108.125,108.125,0.0
2025-01-07 13:40:00+00:00,108.16999816894531,108.16999816894531,108.1449966430664,108.1449966430664,0.0
2025-01-07 13:41:00+00:00,108.15499877929688,108.1709976196289,108.1500015258789,108.1709976196289,0.0
2025-01-07 13:42:00+00:00,108.16200256347656,108.16300201416016,108.15499877929688,108.15499877929688,0.0
2025-01-07 13:43:00+00:00,108.177001953125,108.177001953125,108.16200256347656,108.16200256347656,0.0
2025-01-07 13:44:00+00:00,108.18699645996094,108.18699645996094,108.1760025024414,108.177001953125,0.0
2025-01-07 13:45:00+00:00,108.18599700927734,108.18699645996094,108.17900085449219,108.18699645996094,0.0
2025-01-07 13:46:00+00:00,108.20099639892578,108.2020034790039,108.18399810791016,108.18800354003906,0.0
2025-01-07 13:47:00+00:00,108.22200012207031,108.22200012207031,108.20099639892578,108.20099639892578,0.0
2025-01-07 13:48:00+00:00,108.24700164794922,108.24700164794922,108.22200012207031,108.22200012207031,0.0
2025-01-07 13:49:00+00:00,108.2490005493164,108.25499725341797,108.24199676513672,108.24700164794922,0.0
2025-01-07 13:50:00+00:00,108.22000122070312,108.2490005493164,108.22000122070312,108.2490005493164,0.0
2025-01-07 13:51:00+00:00,108.22000122070312,108.22200012207031,108.20899963378906,108.22000122070312,0.0
2025-01-07 13:52:00+00:00,108.21900177001953,108.22599792480469,108.21299743652344,108.22000122070312,0.0
2025-01-07 13:53:00+00:00,108.22000122070312,108.22100067138672,108.20899963378906,108.21900177001953,0.0
2025-01-07 13:54:00+00:00,108.20999908447266,108.21900177001953,108.20700073242188,108.21900177001953,0.0
2025-01-07 13:55:00+00:00,108.22899627685547,108.2300033569336,108.20899963378906,108.20899963378906,0.0
2025-01-07 13:56:00+00:00,108.21600341796875,108.23100280761719,108.21499633789062,108.22899627685547,0.0
2025-01-07 13:57:00+00:00,108.22200012207031,108.22599792480469,108.21600341796875,108.21600341796875,0.0
2025-01-07 13:58:00+00:00,108.19400024414062,108.22599792480469,108.19300079345703,108.22200012207031,0.0
2025-01-07 13:59:00+00:00,108.1780014038086,108.19599914550781,108.177001953125,108.19400024414062,0.0
2025-01-07 14:00:00+00:00,108.20099639892578,108.20099639892578,108.1760025024414,108.1760025024414,0.0
2025-01-07 14:01:00+00:00,108.2020034790039,108.20500183105469,108.19599914550781,108.2020034790039,0.0
2025-01-07 14:02:00+00:00,108.22000122070312,108.22100067138672,108.19999694824219,108.20099639892578,0.0
2025-01-07 14:03:00+00:00,108.19499969482422,108.22000122070312,108.19100189208984,108.22000122070312,0.0
2025-01-07 14:04:00+00:00,108.18599700927734,108.19499969482422,108.18000030517578,108.19499969482422,0.0
2025-01-07 14:05:00+00:00,108.19400024414062,108.20099639892578,108.18299865722656,108.18599700927734,0.0
2025-01-07 14:06:00+00:00,108.19200134277344,108.20700073242188,108.18800354003906,108.19599914550781,0.0
2025-01-07 14:07:00+00:00,108.18499755859375,108.19200134277344,108.18199920654297,108.19000244140625,0.0
2025-01-07 14:08:00+00:00,108.18199920654297,108.18599700927734,108.177001953125,108.18499755859375,0.0
2025-01-07 14:09:00+00:00,108.20800018310547,108.20899963378906,108.18199920654297,108.18199920654297,0.0
2025-01-07 14:10:00+00:00,108.19400024414062,108.20700073242188,108.19200134277344,108.20700073242188,0.0
2025-01-07 14:11:00+00:00,108.21299743652344,108.21299743652344,108.19499969482422,108.19499969482422,0.0
2025-01-07 14:12:00+00:00,108.1969985961914,108.21499633789062,108.1969985961914,108.21299743652344,0.0
2025-01-07 14:13:00+00:00,108.20700073242188,108.20800018310547,108.19200134277344,108.1969985961914,0.0
2025-01-07 14:14:00+00:00,108.23300170898438,108.23400115966797,108.2030029296875,108.2040023803711,0.0
2025-01-07 14:15:00+00:00,108.21600341796875,108.23400115966797,108.21600341796875,108.23300170898438,0.0
2025-01-07 14:16:00+00:00,108.22899627685547,108.23100280761719,108.21600341796875,108.21600341796875,0.0
2025-01-07 14:17:00+00:00,108.22599792480469,108.22699737548828,108.21600341796875,108.22699737548828,0.0
2025-01-07 14:18:00+00:00,108.22799682617188,108.22799682617188,108.21299743652344,108.22599792480469,0.0
2025-01-07 14:19:00+00:00,108.24099731445312,108.24099731445312,108.22799682617188,108.22799682617188,0.0
2025-01-07 14:20:00+00:00,108.24099731445312,108.24400329589844,108.23400115966797,108.24099731445312,0.0
2025-01-07 14:21:00+00:00,108.22799682617188,108.24500274658203,108.22599792480469,108.24199676513672,0.0
2025-01-07 14:22:00+00:00,108.21499633789062,108.2300033569336,108.21499633789062,108.22799682617188,0.0
2025-01-07 14:23:00+00:00,108.21399688720703,108.21600341796875,108.20999908447266,108.21600341796875,0.0
2025-01-07 14:24:00+00:00,108.20999908447266,108.21499633789062,108.20899963378906,108.21499633789062,0.0
2025-01-07 14:25:00+00:00,108.2040023803711,108.20999908447266,108.19100189208984,108.20999908447266,0.0
2025-01-07 14:26:00+00:00,108.22000122070312,108.22200012207031,108.2030029296875,108.2040023803711,0.0
2025-01-07 14:27:00+00:00,108.21900177001953,108.22599792480469,108.21499633789062,108.22000122070312,0.0
2025-01-07 14:28:00+00:00,108.22000122070312,108.22100067138672,108.21399688720703,108.21800231933594,0.0
2025-01-07 14:29:00+00:00,108.2040023803711,108.22000122070312,108.2040023803711,108.22000122070312,0.0
2025-01-07 14:30:00+00:00,108.19499969482422,108.2040023803711,108.18900299072266,108.2040023803711,0.0
2025-01-07 14:31:00+00:00,108.18800354003906,108.1989974975586,108.18499755859375,108.19400024414062,0.0
2025-01-07 14:32:00+00:00,108.19200134277344,108.19200134277344,108.18299865722656,108.18699645996094,0.0
2025-01-07 14:33:00+00:00,108.19100189208984,108.19499969482422,108.18699645996094,108.19200134277344,0.0
2025-01-07 14:34:00+00:00,108.20600128173828,108.20600128173828,108.18699645996094,108.19100189208984,0.0
2025-01-07 14:35:00+00:00,108.21299743652344,108.21399688720703,108.2020034790039,108.20600128173828,0.0
2025-01-07 14:36:00+00:00,108.21299743652344,108.21299743652344,108.20800018310547,108.21199798583984,0.0
2025-01-07 14:37:00+00:00,108.22000122070312,108.22699737548828,108.21199798583984,108.21299743652344,0.0
2025-01-07 14:38:00+00:00,108.22200012207031,108.2300033569336,108.22000122070312,108.22000122070312,0.0
2025-01-07 14:39:00+00:00,108.2229995727539,108.2239990234375,108.21299743652344,108.22200012207031,0.0
2025-01-07 14:40:00+00:00,108.21399688720703,108.2229995727539,108.2030029296875,108.2229995727539,0.0
2025-01-07 14:41:00+00:00,108.20899963378906,108.21700286865234,108.20700073242188,108.21499633789062,0.0
2025-01-07 14:42:00+00:00,108.21600341796875,108.21600341796875,108.20600128173828,108.20800018310547,0.0
2025-01-07 14:43:00+00:00,108.22899627685547,108.2300033569336,108.21700286865234,108.21700286865234,0.0
2025-01-07 14:44:00+00:00,108.23799896240234,108.23899841308594,108.21800231933594,108.22899627685547,0.0
2025-01-07 14:45:00+00:00,108.23200225830078,108.24099731445312,108.23200225830078,108.23799896240234,0.0
2025-01-07 14:46:00+00:00,108.2030029296875,108.23200225830078,108.2030029296875,108.23200225830078,0.0
2025-01-07 14:47:00+00:00,108.2040023803711,108.20800018310547,108.20099639892578,108.2040023803711,0.0
2025-01-07 14:48:00+00:00,108.21499633789062,108.21499633789062,108.19599914550781,108.20500183105469,0.0
2025-01-07 14:49:00+00:00,108.2300033569336,108.2300033569336,108.21399688720703,108.21499633789062,0.0
2025-01-07 14:50:00+00:00,108.24299621582031,108.24400329589844,108.22899627685547,108.22899627685547,0.0
2025-01-07 14:51:00+00:00,108.24099731445312,108.24299621582031,108.23699951171875,108.24199676513672,0.0
2025-01-07 14:52:00+00:00,108.25299835205078,108.25299835205078,108.23999786376953,108.24099731445312,0.0
2025-01-07 14:53:00+00:00,108.24600219726562,108.25299835205078,108.24299621582031,108.25299835205078,0.0
2025-01-07 14:54:00+00:00,108.24199676513672,108.24500274658203,108.23699951171875,108.24500274658203,0.0
2025-01-07 14:55:00+00:00,108.22799682617188,108.24199676513672,108.21499633789062,108.24199676513672,0.0
2025-01-07 14:56:00+00:00,108.23400115966797,108.23699951171875,108.22699737548828,108.22799682617188,0.0
2025-01-07 14:57:00+00:00,108.2509994506836,108.2509994506836,108.23200225830078,108.23400115966797,0.0
2025-01-07 14:58:00+00:00,108.25599670410156,108.25599670410156,108.24600219726562,108.2509994506836,0.0
2025-01-07 14:59:00+00:00,108.24099731445312,108.25599670410156,108.24099731445312,108.25599670410156,0.0
2025-01-07 15:00:00+00:00,108.43299865722656,108.44200134277344,108.23899841308594,108.24099731445312,0.0
2025-01-07 15:01:00+00:00,108.50299835205078,108.50299835205078,108.43199920654297,108.43199920654297,0.0
2025-01-07 15:02:00+00:00,108.50299835205078,108.52200317382812,108.49500274658203,108.5,0.0
2025-01-07 15:03:00+00:00,108.47899627685547,108.52200317382812,108.47899627685547,108.50199890136719,0.0
2025-01-07 15:04:00+00:00,108.51799774169922,108.51899719238281,108.46499633789062,108.47599792480469,0.0
2025-01-07 15:05:00+00:00,108.53199768066406,108.5479965209961,108.51799774169922,108.51799774169922,0.0
2025-01-07 15:06:00+00:00,108.51899719238281,108.53900146484375,108.51499938964844,108.53099822998047,0.0
2025-01-07 15:07:00+00:00,108.55999755859375,108.55999755859375,108.51399993896484,108.51699829101562,0.0
2025-01-07 15:08:00+00:00,108.56500244140625,108.5719985961914,108.5530014038086,108.56199645996094,0.0
2025-01-07 15:09:00+00:00,108.5739974975586,108.57599639892578,108.55699920654297,108.56500244140625,0.0
2025-01-07 15:10:00+00:00,108.552001953125,108.58499908447266,108.5459976196289,108.57099914550781,0.0
2025-01-07 15:11:00+00:00,108.54299926757812,108.55400085449219,108.51899719238281,108.552001953125,0.0
2025-01-07 15:12:00+00:00,108.52799987792969,108.552001953125,108.5260009765625,108.54299926757812,0.0
2025-01-07 15:13:00+00:00,108.53900146484375,108.5459976196289,108.5270004272461,108.5270004272461,0.0
2025-01-07 15:14:00+00:00,108.52400207519531,108.54100036621094,108.52300262451172,108.53900146484375,0.0
2025-01-07 15:15:00+00:00,108.5260009765625,108.53099822998047,108.51000213623047,108.5250015258789,0.0
2025-01-07 15:16:00+00:00,108.5270004272461,108.5270004272461,108.51699829101562,108.5260009765625,0.0
2025-01-07 15:17:00+00:00,108.50199890136719,108.51100158691406,108.5009994506836,108.50900268554688,0.0
2025-01-07 15:18:00+00:00,108.4800033569336,108.50800323486328,108.47799682617188,108.50199890136719,0.0
2025-01-07 15:19:00+00:00,108.45600128173828,108.48100280761719,108.45600128173828,108.48100280761719,0.0
2025-01-07 15:21:00+00:00,108.44499969482422,108.44499969482422,108.42900085449219,108.43000030517578,0.0
2025-01-07 15:22:00+00:00,108.44400024414062,108.45500183105469,108.43599700927734,108.44499969482422,0.0
2025-01-07 15:23:00+00:00,108.4520034790039,108.45500183105469,108.44200134277344,108.44499969482422,0.0
2025-01-07 15:24:00+00:00,108.44999694824219,108.4520034790039,108.43599700927734,108.45099639892578,0.0
2025-01-07 15:25:00+00:00,108.40699768066406,108.44999694824219,108.40599822998047,108.44999694824219,0.0
2025-01-07 15:26:00+00:00,108.40699768066406,108.40799713134766,108.40399932861328,108.40599822998047,0.0
2025-01-07 15:27:00+00:00,108.3949966430664,108.41100311279297,108.39399719238281,108.40599822998047,0.0
2025-01-07 15:28:00+00:00,108.41400146484375,108.41899871826172,108.39399719238281,108.3949966430664,0.0
2025-01-07 15:29:00+00:00,108.41000366210938,108.41500091552734,108.40399932861328,108.41300201416016,0.0
2025-01-07 15:30:00+00:00,108.40599822998047,108.40699768066406,108.39099884033203,108.40699768066406,0.0
2025-01-07 15:31:00+00:00,108.41799926757812,108.4260025024414,108.40699768066406,108.40799713134766,0.0
2025-01-07 15:32:00+00:00,108.43099975585938,108.43099975585938,108.40699768066406,108.41699981689453,0.0
2025-01-07 15:33:00+00:00,108.4489974975586,108.45600128173828,108.43199920654297,108.43199920654297,0.0
2025-01-07 15:34:00+00:00,108.44400024414062,108.4520034790039,108.43800354003906,108.4489974975586,0.0
2025-01-07 15:35:00+00:00,108.41100311279297,108.44300079345703,108.41100311279297,108.44300079345703,0.0
2025-01-07 15:36:00+00:00,108.39700317382812,108.41200256347656,108.39600372314453,108.41000366210938,0.0
2025-01-07 15:37:00+00:00,108.40399932861328,108.40399932861328,108.39800262451172,108.4000015258789,0.0
2025-01-07 15:38:00+00:00,108.46600341796875,108.46600341796875,108.40399932861328,108.40399932861328,0.0
2025-01-07 15:39:00+00:00,108.48699951171875,108.5,108.46800231933594,108.46800231933594,0.0
2025-01-07 15:40:00+00:00,108.48100280761719,108.48699951171875,108.46399688720703,108.48699951171875,0.0
2025-01-07 15:41:00+00:00,108.49299621582031,108.49299621582031,108.47799682617188,108.4800033569336,0.0
2025-01-07 15:42:00+00:00,108.51000213623047,108.51899719238281,108.49400329589844,108.49400329589844,0.0
2025-01-07 15:43:00+00:00,108.50599670410156,108.51599884033203,108.50599670410156,108.51100158691406,0.0
2025-01-07 15:44:00+00:00,108.51399993896484,108.51799774169922,108.49099731445312,108.50199890136719,0.0
2025-01-07 15:45:00+00:00,108.55799865722656,108.55999755859375,108.51399993896484,108.51399993896484,0.0
2025-01-07 15:46:00+00:00,108.55599975585938,108.56400299072266,108.54100036621094,108.55500030517578,0.0
2025-01-07 15:47:00+00:00,108.572998046875,108.58499908447266,108.55400085449219,108.55500030517578,0.0
2025-01-07 15:48:00+00:00,108.51799774169922,108.5719985961914,108.51699829101562,108.5719985961914,0.0
2025-01-07 15:49:00+00:00,108.5,108.51899719238281,108.49800109863281,108.51699829101562,0.0
2025-01-07 15:50:00+00:00,108.44999694824219,108.5009994506836,108.4489974975586,108.4990005493164,0.0
2025-01-07 15:51:00+00:00,108.44499969482422,108.4520034790039,108.43699645996094,108.4520034790039,0.0
2025-01-07 15:52:00+00:00,108.45500183105469,108.46499633789062,108.43299865722656,108.44999694824219,0.0
2025-01-07 15:53:00+00:00,108.4489974975586,108.45600128173828,108.44400024414062,108.45500183105469,0.0
2025-01-07 15:54:00+00:00,108.44499969482422,108.45800018310547,108.44200134277344,108.45099639892578,0.0
2025-01-07 15:55:00+00:00,108.45600128173828,108.47899627685547,108.4469985961914,108.4469985961914,0.0
2025-01-07 15:56:00+00:00,108.4540023803711,108.46600341796875,108.44200134277344,108.4540023803711,0.0
2025-01-07 15:57:00+00:00,108.45700073242188,108.4729995727539,108.4540023803711,108.4540023803711,0.0
2025-01-07 15:58:00+00:00,108.45700073242188,108.46099853515625,108.45099639892578,108.45700073242188,0.0
2025-01-07 15:59:00+00:00,108.43699645996094,108.45700073242188,108.43099975585938,108.45600128173828,0.0
2025-01-07 16:00:00+00:00,108.42900085449219,108.43699645996094,108.4260025024414,108.43699645996094,0.0
2025-01-07 16:01:00+00:00,108.41699981689453,108.42900085449219,108.40599822998047,108.42900085449219,0.0
2025-01-07 16:02:00+00:00,108.41699981689453,108.42900085449219,108.40899658203125,108.41799926757812,0.0
2025-01-07 16:03:00+00:00,108.43299865722656,108.43499755859375,108.40899658203125,108.41699981689453,0.0
2025-01-07 16:04:00+00:00,108.447998046875,108.45899963378906,108.43199920654297,108.43199920654297,0.0
2025-01-07 16:05:00+00:00,108.46499633789062,108.46800231933594,108.44000244140625,108.4489974975586,0.0
2025-01-07 16:06:00+00:00,108.4209976196289,108.46399688720703,108.4209976196289,108.46399688720703,0.0
2025-01-07 16:07:00+00:00,108.44999694824219,108.44999694824219,108.41999816894531,108.41999816894531,0.0
2025-01-07 16:08:00+00:00,108.43199920654297,108.4520034790039,108.43199920654297,108.44999694824219,0.0
2025-01-07 16:09:00+00:00,108.44599914550781,108.44599914550781,108.4209976196289,108.43399810791016,0.0
2025-01-07 16:10:00+00:00,108.49199676513672,108.49199676513672,108.44599914550781,108.4469985961914,0.0
2025-01-07 16:11:00+00:00,108.46299743652344,108.49199676513672,108.46299743652344,108.49199676513672,0.0
2025-01-07 16:12:00+00:00,108.447998046875,108.46700286865234,108.43900299072266,108.46399688720703,0.0
2025-01-07 16:13:00+00:00,108.43699645996094,108.46299743652344,108.43599700927734,108.447998046875,0.0
2025-01-07 16:14:00+00:00,108.48500061035156,108.48500061035156,108.43699645996094,108.44000244140625,0.0
2025-01-07 16:15:00+00:00,108.48799896240234,108.5,108.48600006103516,108.48600006103516,0.0
2025-01-07 16:16:00+00:00,108.47599792480469,108.49700164794922,108.47599792480469,108.48899841308594,0.0
2025-01-07 16:17:00+00:00,108.45899963378906,108.4749984741211,108.45600128173828,108.4739990234375,0.0
2025-01-07 16:18:00+00:00,108.4489974975586,108.45899963378906,108.4489974975586,108.45800018310547,0.0
2025-01-07 16:19:00+00:00,108.43199920654297,108.447998046875,108.41999816894531,108.447998046875,0.0
2025-01-07 16:20:00+00:00,108.43000030517578,108.43800354003906,108.4280014038086,108.43299865722656,0.0
2025-01-07 16:21:00+00:00,108.45099639892578,108.45099639892578,108.43000030517578,108.43000030517578,0.0
2025-01-07 16:22:00+00:00,108.4489974975586,108.45500183105469,108.44599914550781,108.45099639892578,0.0
2025-01-07 16:23:00+00:00,108.47699737548828,108.47799682617188,108.4489974975586,108.4489974975586,0.0
2025-01-07 16:24:00+00:00,108.48400115966797,108.48699951171875,108.47599792480469,108.47699737548828,0.0
2025-01-07 16:25:00+00:00,108.49500274658203,108.4990005493164,108.48200225830078,108.48400115966797,0.0
2025-01-07 16:26:00+00:00,108.49099731445312,108.49800109863281,108.48300170898438,108.49099731445312,0.0
2025-01-07 16:27:00+00:00,108.49600219726562,108.5,108.49099731445312,108.49099731445312,0.0
2025-01-07 16:28:00+00:00,108.5009994506836,108.5009994506836,108.49299621582031,108.49600219726562,0.0
2025-01-07 16:30:00+00:00,108.50900268554688,108.50900268554688,108.49600219726562,108.49600219726562,0.0
2025-01-07 16:31:00+00:00,108.39099884033203,108.51499938964844,108.36499786376953,108.50900268554688,0.0
2025-01-07 16:32:00+00:00,108.41999816894531,108.41999816894531,108.35600280761719,108.38800048828125,0.0
2025-01-07 16:33:00+00:00,108.45500183105469,108.46499633789062,108.41999816894531,108.4219970703125,0.0
2025-01-07 16:34:00+00:00,108.46800231933594,108.46900177001953,108.45500183105469,108.45500183105469,0.0
2025-01-07 16:35:00+00:00,108.47100067138672,108.4729995727539,108.46199798583984,108.46900177001953,0.0
2025-01-07 16:36:00+00:00,108.47599792480469,108.4800033569336,108.46399688720703,108.47200012207031,0.0
2025-01-07 16:37:00+00:00,108.50399780273438,108.50700378417969,108.47599792480469,108.47599792480469,0.0
2025-01-07 16:38:00+00:00,108.47100067138672,108.50599670410156,108.47000122070312,108.50399780273438,0.0
2025-01-07 16:39:00+00:00,108.39900207519531,108.47100067138672,108.39900207519531,108.47100067138672,0.0
2025-01-07 16:40:00+00:00,108.39700317382812,108.40299987792969,108.39399719238281,108.4000015258789,0.0
2025-01-07 16:41:00+00:00,108.427001953125,108.427001953125,108.3949966430664,108.3949966430664,0.0
2025-01-07 16:42:00+00:00,108.4260025024414,108.42900085449219,108.4219970703125,108.427001953125,0.0
2025-01-07 16:43:00+00:00,108.39700317382812,108.43699645996094,108.39600372314453,108.4260025024414,0.0
2025-01-07 16:44:00+00:00,108.38999938964844,108.41799926757812,108.38800048828125,108.39800262451172,0.0
2025-01-07 16:45:00+00:00,108.39299774169922,108.39399719238281,108.38099670410156,108.38999938964844,0.0
2025-01-07 16:46:00+00:00,108.3949966430664,108.40399932861328,108.39199829101562,108.39700317382812,0.0
2025-01-07 16:47:00+00:00,108.39800262451172,108.41400146484375,108.3949966430664,108.3949966430664,0.0
2025-01-07 16:48:00+00:00,108.36599731445312,108.39199829101562,108.36599731445312,108.39199829101562,0.0
2025-01-07 16:49:00+00:00,108.42400360107422,108.43199920654297,108.36599731445312,108.36699676513672,0.0
2025-01-07 16:50:00+00:00,108.43299865722656,108.44100189208984,108.4260025024414,108.427001953125,0.0
2025-01-07 16:51:00+00:00,108.49099731445312,108.49099731445312,108.43399810791016,108.43399810791016,0.0
2025-01-07 16:52:00+00:00,108.48400115966797,108.50399780273438,108.48100280761719,108.49099731445312,0.0
2025-01-07 16:53:00+00:00,108.4749984741211,108.48400115966797,108.46299743652344,108.48400115966797,0.0
2025-01-07 16:54:00+00:00,108.49400329589844,108.49600219726562,108.47599792480469,108.47599792480469,0.0
2025-01-07 16:55:00+00:00,108.47599792480469,108.49400329589844,108.46900177001953,108.49400329589844,0.0
2025-01-07 16:56:00+00:00,108.46099853515625,108.47799682617188,108.45899963378906,108.47599792480469,0.0
2025-01-07 16:57:00+00:00,108.48899841308594,108.48899841308594,108.45800018310547,108.46299743652344,0.0
2025-01-07 16:58:00+00:00,108.47200012207031,108.48999786376953,108.46900177001953,108.48899841308594,0.0
2025-01-07 16:59:00+00:00,108.45099639892578,108.47200012207031,108.45099639892578,108.47200012207031,0.0
2025-01-07 17:00:00+00:00,108.427001953125,108.45500183105469,108.41999816894531,108.4520034790039,0.0
2025-01-07 17:01:00+00:00,108.41699981689453,108.427001953125,108.41699981689453,108.427001953125,0.0
2025-01-07 17:02:00+00:00,108.43099975585938,108.43199920654297,108.41100311279297,108.41699981689453,0.0
2025-01-07 17:03:00+00:00,108.43099975585938,108.43299865722656,108.4229965209961,108.43199920654297,0.0
2025-01-07 17:04:00+00:00,108.43699645996094,108.44000244140625,108.4229965209961,108.42900085449219,0.0
2025-01-07 17:05:00+00:00,108.43199920654297,108.44200134277344,108.43099975585938,108.43699645996094,0.0
2025-01-07 17:06:00+00:00,108.43800354003906,108.43800354003906,108.41600036621094,108.43199920654297,0.0
2025-01-07 17:07:00+00:00,108.45099639892578,108.4520034790039,108.43699645996094,108.43800354003906,0.0
2025-01-07 17:08:00+00:00,108.44400024414062,108.46800231933594,108.44300079345703,108.4520034790039,0.0
2025-01-07 17:09:00+00:00,108.4530029296875,108.45700073242188,108.44499969482422,108.44499969482422,0.0
2025-01-07 17:10:00+00:00,108.48400115966797,108.48500061035156,108.44999694824219,108.4530029296875,0.0
2025-01-07 17:11:00+00:00,108.46800231933594,108.48300170898438,108.46700286865234,108.48300170898438,0.0
2025-01-07 17:12:00+00:00,108.46399688720703,108.48200225830078,108.46299743652344,108.46600341796875,0.0
2025-01-07 17:13:00+00:00,108.45500183105469,108.46600341796875,108.4520034790039,108.46499633789062,0.0
2025-01-07 17:14:00+00:00,108.47699737548828,108.47699737548828,108.45600128173828,108.45600128173828,0.0
2025-01-07 17:15:00+00:00,108.42500305175781,108.47699737548828,108.42400360107422,108.47699737548828,0.0
2025-01-07 17:16:00+00:00,108.4010009765625,108.42500305175781,108.39099884033203,108.42400360107422,0.0
2025-01-07 17:17:00+00:00,108.39099884033203,108.41100311279297,108.38800048828125,108.4010009765625,0.0
2025-01-07 17:18:00+00:00,108.38800048828125,108.39099884033203,108.37899780273438,108.39099884033203,0.0
2025-01-07 17:19:00+00:00,108.38099670410156,108.38899993896484,108.3759994506836,108.38899993896484,0.0
2025-01-07 17:20:00+00:00,108.427001953125,108.4280014038086,108.38200378417969,108.38200378417969,0.0
2025-01-07 17:21:00+00:00,108.44300079345703,108.44499969482422,108.427001953125,108.427001953125,0.0
2025-01-07 17:22:00+00:00,108.4489974975586,108.4489974975586,108.4209976196289,108.44300079345703,0.0
2025-01-07 17:23:00+00:00,108.48400115966797,108.54100036621094,108.4489974975586,108.4489974975586,0.0
2025-01-07 17:24:00+00:00,108.44999694824219,108.48400115966797,108.4489974975586,108.48400115966797,0.0
2025-01-07 17:25:00+00:00,108.447998046875,108.4520034790039,108.44000244140625,108.44999694824219,0.0
2025-01-07 17:26:00+00:00,108.45099639892578,108.45600128173828,108.44499969482422,108.447998046875,0.0
2025-01-07 17:27:00+00:00,108.43699645996094,108.45099639892578,108.43699645996094,108.45099639892578,0.0
2025-01-07 17:28:00+00:00,108.44200134277344,108.44599914550781,108.43000030517578,108.43599700927734,0.0
2025-01-07 17:29:00+00:00,108.42400360107422,108.44400024414062,108.42400360107422,108.44200134277344,0.0
2025-01-07 17:30:00+00:00,108.40499877929688,108.42500305175781,108.39900207519531,108.42500305175781,0.0
2025-01-07 17:31:00+00:00,108.39199829101562,108.40699768066406,108.39199829101562,108.40499877929688,0.0
2025-01-07 17:32:00+00:00,108.37899780273438,108.39299774169922,108.375,108.39299774169922,0.0
2025-01-07 17:33:00+00:00,108.37799835205078,108.39199829101562,108.3759994506836,108.37999725341797,0.0
2025-01-07 17:34:00+00:00,108.40699768066406,108.41000366210938,108.3759994506836,108.37799835205078,0.0
2025-01-07 17:35:00+00:00,108.42500305175781,108.43800354003906,108.40399932861328,108.40599822998047,0.0
2025-01-07 17:36:00+00:00,108.41600036621094,108.43199920654297,108.41600036621094,108.4260025024414,0.0
2025-01-07 17:37:00+00:00,108.41899871826172,108.41899871826172,108.40299987792969,108.41600036621094,0.0
2025-01-07 17:38:00+00:00,108.41600036621094,108.43099975585938,108.41500091552734,108.41899871826172,0.0
2025-01-07 17:39:00+00:00,108.41400146484375,108.41600036621094,108.40799713134766,108.41600036621094,0.0
2025-01-07 17:40:00+00:00,108.427001953125,108.43000030517578,108.41400146484375,108.41400146484375,0.0
2025-01-07 17:41:00+00:00,108.44400024414062,108.44599914550781,108.41500091552734,108.42400360107422,0.0
2025-01-07 17:42:00+00:00,108.44400024414062,108.44599914550781,108.44000244140625,108.44400024414062,0.0
2025-01-07 17:43:00+00:00,108.44200134277344,108.4469985961914,108.44200134277344,108.44400024414062,0.0
2025-01-07 17:44:00+00:00,108.4540023803711,108.45999908447266,108.43800354003906,108.44100189208984,0.0
2025-01-07 17:45:00+00:00,108.47599792480469,108.47799682617188,108.4540023803711,108.4540023803711,0.0
2025-01-07 17:46:00+00:00,108.47799682617188,108.48500061035156,108.4749984741211,108.47699737548828,0.0
2025-01-07 17:47:00+00:00,108.47599792480469,108.48500061035156,108.47599792480469,108.47799682617188,0.0
2025-01-07 17:48:00+00:00,108.4800033569336,108.48400115966797,108.47699737548828,108.47699737548828,0.0
2025-01-07 17:49:00+00:00,108.46399688720703,108.4800033569336,108.45999908447266,108.4800033569336,0.0
2025-01-07 17:50:00+00:00,108.45800018310547,108.46299743652344,108.44999694824219,108.46299743652344,0.0
2025-01-07 17:51:00+00:00,108.46600341796875,108.47100067138672,108.45500183105469,108.45899963378906,0.0
2025-01-07 17:52:00+00:00,108.4739990234375,108.47799682617188,108.46600341796875,108.46600341796875,0.0
2025-01-07 17:53:00+00:00,108.46299743652344,108.47799682617188,108.46299743652344,108.4739990234375,0.0
2025-01-07 17:54:00+00:00,108.45999908447266,108.46600341796875,108.4540023803711,108.46299743652344,0.0
2025-01-07 17:55:00+00:00,108.46399688720703,108.46399688720703,108.4540023803711,108.45999908447266,0.0
2025-01-07 17:56:00+00:00,108.447998046875,108.46700286865234,108.4469985961914,108.46499633789062,0.0
2025-01-07 17:57:00+00:00,108.44499969482422,108.4469985961914,108.44200134277344,108.4469985961914,0.0
2025-01-07 17:58:00+00:00,108.43499755859375,108.44499969482422,108.43499755859375,108.44499969482422,0.0
2025-01-07 17:59:00+00:00,108.43699645996094,108.43900299072266,108.427001953125,108.43499755859375,0.0
2025-01-07 18:00:00+00:00,108.4530029296875,108.45700073242188,108.43599700927734,108.43599700927734,0.0
2025-01-07 18:01:00+00:00,108.4469985961914,108.4530029296875,108.44100189208984,108.4530029296875,0.0
2025-01-07 18:02:00+00:00,108.4229965209961,108.4489974975586,108.4219970703125,108.4469985961914,0.0
2025-01-07 18:03:00+00:00,108.41899871826172,108.42400360107422,108.41899871826172,108.4229965209961,0.0
2025-01-07 18:04:00+00:00,108.43800354003906,108.44000244140625,108.41600036621094,108.41899871826172,0.0
2025-01-07 18:05:00+00:00,108.43900299072266,108.44000244140625,108.42500305175781,108.43800354003906,0.0
2025-01-07 18:06:00+00:00,108.45500183105469,108.45600128173828,108.43199920654297,108.43900299072266,0.0
2025-01-07 18:07:00+00:00,108.46900177001953,108.47000122070312,108.4540023803711,108.4540023803711,0.0
2025-01-07 18:08:00+00:00,108.46800231933594,108.47200012207031,108.46499633789062,108.46800231933594,0.0
2025-01-07 18:09:00+00:00,108.49400329589844,108.49500274658203,108.46800231933594,108.46800231933594,0.0
2025-01-07 18:10:00+00:00,108.50199890136719,108.50599670410156,108.49299621582031,108.49400329589844,0.0
2025-01-07 18:11:00+00:00,108.5009994506836,108.50900268554688,108.5,108.50199890136719,0.0
2025-01-07 18:12:00+00:00,108.49800109863281,108.50399780273438,108.49700164794922,108.5009994506836,0.0
2025-01-07 18:13:00+00:00,108.52100372314453,108.5270004272461,108.49600219726562,108.49800109863281,0.0
2025-01-07 18:14:00+00:00,108.49800109863281,108.52100372314453,108.49500274658203,108.52100372314453,0.0
2025-01-07 18:15:00+00:00,108.5009994506836,108.50399780273438,108.49800109863281,108.49800109863281,0.0
2025-01-07 18:16:00+00:00,108.47100067138672,108.5009994506836,108.47000122070312,108.5009994506836,0.0
2025-01-07 18:17:00+00:00,108.44300079345703,108.47000122070312,108.44200134277344,108.47000122070312,0.0
2025-01-07 18:18:00+00:00,108.42900085449219,108.44300079345703,108.4280014038086,108.44300079345703,0.0
2025-01-07 18:19:00+00:00,108.42500305175781,108.43099975585938,108.4219970703125,108.42900085449219,0.0
2025-01-07 18:20:00+00:00,108.42900085449219,108.42900085449219,108.41699981689453,108.4260025024414,0.0
2025-01-07 18:21:00+00:00,108.4280014038086,108.43199920654297,108.4260025024414,108.42900085449219,0.0
2025-01-07 18:22:00+00:00,108.4520034790039,108.4520034790039,108.42500305175781,108.427001953125,0.0
2025-01-07 18:23:00+00:00,108.46399688720703,108.46399688720703,108.4469985961914,108.4520034790039,0.0
2025-01-07 18:25:00+00:00,108.48300170898438,108.49299621582031,108.4739990234375,108.4749984741211,0.0
2025-01-07 18:26:00+00:00,108.48200225830078,108.48200225830078,108.4729995727539,108.48200225830078,0.0
2025-01-07 18:27:00+00:00,108.4800033569336,108.48500061035156,108.4800033569336,108.48300170898438,0.0
2025-01-07 18:28:00+00:00,108.47899627685547,108.48100280761719,108.47200012207031,108.4800033569336,0.0
2025-01-07 18:29:00+00:00,108.48300170898438,108.48699951171875,108.47799682617188,108.47899627685547,0.0
2025-01-07 18:30:00+00:00,108.51899719238281,108.51899719238281,108.48400115966797,108.48400115966797,0.0
2025-01-07 18:31:00+00:00,108.51599884033203,108.52100372314453,108.51499938964844,108.51899719238281,0.0
2025-01-07 18:32:00+00:00,108.51599884033203,108.51599884033203,108.50800323486328,108.51499938964844,0.0
2025-01-07 18:33:00+00:00,108.50900268554688,108.51699829101562,108.50800323486328,108.51599884033203,0.0
2025-01-07 18:34:00+00:00,108.51899719238281,108.5199966430664,108.51000213623047,108.51000213623047,0.0
2025-01-07 18:35:00+00:00,108.52899932861328,108.53700256347656,108.52100372314453,108.52100372314453,0.0
2025-01-07 18:36:00+00:00,108.53299713134766,108.53399658203125,108.5270004272461,108.52899932861328,0.0
2025-01-07 18:37:00+00:00,108.55400085449219,108.55599975585938,108.53199768066406,108.53299713134766,0.0
2025-01-07 18:38:00+00:00,108.53500366210938,108.55400085449219,108.53500366210938,108.5530014038086,0.0
2025-01-07 18:39:00+00:00,108.53199768066406,108.53700256347656,108.53199768066406,108.53500366210938,0.0
2025-01-07 18:40:00+00:00,108.55000305175781,108.5510025024414,108.52999877929688,108.53199768066406,0.0
2025-01-07 18:41:00+00:00,108.56999969482422,108.56999969482422,108.54900360107422,108.54900360107422,0.0
2025-01-07 18:42:00+00:00,108.57499694824219,108.5770034790039,108.56999969482422,108.56999969482422,0.0
2025-01-07 18:43:00+00:00,108.5780029296875,108.5780029296875,108.56800079345703,108.57499694824219,0.0
2025-01-07 18:44:00+00:00,108.58200073242188,108.58499908447266,108.5790023803711,108.5790023803711,0.0
2025-01-07 18:45:00+00:00,108.56300354003906,108.58200073242188,108.56099700927734,108.58200073242188,0.0
2025-01-07 18:46:00+00:00,108.5739974975586,108.5739974975586,108.56099700927734,108.56199645996094,0.0
2025-01-07 18:47:00+00:00,108.5770034790039,108.5770034790039,108.56700134277344,108.5739974975586,0.0
2025-01-07 18:48:00+00:00,108.58699798583984,108.58799743652344,108.5770034790039,108.5770034790039,0.0
2025-01-07 18:49:00+00:00,108.5780029296875,108.59500122070312,108.5780029296875,108.58699798583984,0.0
2025-01-07 18:50:00+00:00,108.58399963378906,108.58699798583984,108.5719985961914,108.5780029296875,0.0
2025-01-07 18:51:00+00:00,108.56900024414062,108.58399963378906,108.56900024414062,108.58399963378906,0.0
2025-01-07 18:52:00+00:00,108.55899810791016,108.56900024414062,108.55699920654297,108.56900024414062,0.0
2025-01-07 18:53:00+00:00,108.57099914550781,108.5719985961914,108.55899810791016,108.55899810791016,0.0
2025-01-07 18:54:00+00:00,108.57099914550781,108.5790023803711,108.57099914550781,108.5719985961914,0.0
2025-01-07 18:55:00+00:00,108.56500244140625,108.57099914550781,108.56500244140625,108.57099914550781,0.0
2025-01-07 18:56:00+00:00,108.58799743652344,108.58799743652344,108.56500244140625,108.56600189208984,0.0
2025-01-07 18:57:00+00:00,108.58200073242188,108.59400177001953,108.58200073242188,108.58899688720703,0.0
2025-01-07 18:58:00+00:00,108.56700134277344,108.58200073242188,108.55799865722656,108.58200073242188,0.0
2025-01-07 18:59:00+00:00,108.56099700927734,108.56600189208984,108.55500030517578,108.56600189208984,0.0
2025-01-07 19:00:00+00:00,108.57499694824219,108.57599639892578,108.55999755859375,108.55999755859375,0.0
2025-01-07 19:01:00+00:00,108.55599975585938,108.57599639892578,108.55599975585938,108.57599639892578,0.0
2025-01-07 19:02:00+00:00,108.53099822998047,108.55599975585938,108.53099822998047,108.55500030517578,0.0
2025-01-07 19:03:00+00:00,108.5270004272461,108.53199768066406,108.5260009765625,108.52999877929688,0.0
2025-01-07 19:04:00+00:00,108.53099822998047,108.53199768066406,108.5270004272461,108.52799987792969,0.0
2025-01-07 19:05:00+00:00,108.53199768066406,108.53800201416016,108.52899932861328,108.52999877929688,0.0
2025-01-07 19:06:00+00:00,108.53900146484375,108.53900146484375,108.52999877929688,108.53199768066406,0.0
2025-01-07 19:07:00+00:00,108.5510025024414,108.5510025024414,108.53600311279297,108.53900146484375,0.0
2025-01-07 19:08:00+00:00,108.54499816894531,108.55000305175781,108.54199981689453,108.55000305175781,0.0
2025-01-07 19:09:00+00:00,108.53099822998047,108.5459976196289,108.52799987792969,108.54499816894531,0.0
2025-01-07 19:10:00+00:00,108.53099822998047,108.54000091552734,108.52899932861328,108.53099822998047,0.0
2025-01-07 19:11:00+00:00,108.53500366210938,108.53500366210938,108.5260009765625,108.52999877929688,0.0
2025-01-07 19:12:00+00:00,108.53900146484375,108.54000091552734,108.53399658203125,108.53500366210938,0.0
2025-01-07 19:13:00+00:00,108.53700256347656,108.54000091552734,108.53099822998047,108.53900146484375,0.0
2025-01-07 19:14:00+00:00,108.54399871826172,108.54499816894531,108.53600311279297,108.53600311279297,0.0
2025-01-07 19:15:00+00:00,108.56099700927734,108.56199645996094,108.54399871826172,108.54399871826172,0.0
2025-01-07 19:16:00+00:00,108.56500244140625,108.572998046875,108.56099700927734,108.56099700927734,0.0
2025-01-07 19:17:00+00:00,108.552001953125,108.56400299072266,108.552001953125,108.56400299072266,0.0
2025-01-07 19:18:00+00:00,108.552001953125,108.5530014038086,108.5510025024414,108.5510025024414,0.0
2025-01-07 19:19:00+00:00,108.54199981689453,108.552001953125,108.53800201416016,108.552001953125,0.0
2025-01-07 19:20:00+00:00,108.55000305175781,108.55000305175781,108.53800201416016,108.54199981689453,0.0
2025-01-07 19:21:00+00:00,108.5469970703125,108.552001953125,108.54499816894531,108.55000305175781,0.0
2025-01-07 19:22:00+00:00,108.53700256347656,108.5469970703125,108.53600311279297,108.5469970703125,0.0
2025-01-07 19:23:00+00:00,108.5469970703125,108.5469970703125,108.53500366210938,108.53800201416016,0.0
2025-01-07 19:24:00+00:00,108.5459976196289,108.5469970703125,108.54299926757812,108.5469970703125,0.0
2025-01-07 19:25:00+00:00,108.53399658203125,108.5459976196289,108.53199768066406,108.5459976196289,0.0
2025-01-07 19:26:00+00:00,108.53900146484375,108.54000091552734,108.53399658203125,108.53399658203125,0.0
2025-01-07 19:27:00+00:00,108.53600311279297,108.54399871826172,108.53600311279297,108.53900146484375,0.0
2025-01-07 19:28:00+00:00,108.53199768066406,108.53600311279297,108.53199768066406,108.53600311279297,0.0
2025-01-07 19:29:00+00:00,108.5250015258789,108.53299713134766,108.5250015258789,108.53199768066406,0.0
2025-01-07 19:30:00+00:00,108.52899932861328,108.52899932861328,108.52300262451172,108.5250015258789,0.0
2025-01-07 19:31:00+00:00,108.54100036621094,108.54199981689453,108.52899932861328,108.52899932861328,0.0
2025-01-07 19:32:00+00:00,108.53800201416016,108.54199981689453,108.53800201416016,108.54100036621094,0.0
2025-01-07 19:33:00+00:00,108.53600311279297,108.53800201416016,108.53399658203125,108.53500366210938,0.0
2025-01-07 19:34:00+00:00,108.54000091552734,108.54100036621094,108.53500366210938,108.53600311279297,0.0
2025-01-07 19:35:00+00:00,108.53800201416016,108.54000091552734,108.53399658203125,108.54000091552734,0.0
2025-01-07 19:36:00+00:00,108.54299926757812,108.54299926757812,108.53700256347656,108.53800201416016,0.0
2025-01-07 19:37:00+00:00,108.54399871826172,108.54399871826172,108.54199981689453,108.54299926757812,0.0
2025-01-07 19:38:00+00:00,108.5459976196289,108.5530014038086,108.54299926757812,108.54299926757812,0.0
2025-01-07 19:39:00+00:00,108.5510025024414,108.55400085449219,108.5459976196289,108.5459976196289,0.0
2025-01-07 19:40:00+00:00,108.56600189208984,108.56600189208984,108.5510025024414,108.5510025024414,0.0
2025-01-07 19:41:00+00:00,108.54900360107422,108.56600189208984,108.54900360107422,108.56600189208984,0.0
2025-01-07 19:42:00+00:00,108.55000305175781,108.55599975585938,108.54499816894531,108.54900360107422,0.0
2025-01-07 19:43:00+00:00,108.52200317382812,108.55000305175781,108.52200317382812,108.54900360107422,0.0
2025-01-07 19:44:00+00:00,108.51599884033203,108.52300262451172,108.51399993896484,108.52200317382812,0.0
2025-01-07 19:45:00+00:00,108.51100158691406,108.51699829101562,108.50800323486328,108.51499938964844,0.0
2025-01-07 19:46:00+00:00,108.51599884033203,108.51699829101562,108.50900268554688,108.51100158691406,0.0
2025-01-07 19:47:00+00:00,108.51899719238281,108.51899719238281,108.50599670410156,108.51599884033203,0.0
2025-01-07 19:48:00+00:00,108.51699829101562,108.5199966430664,108.51499938964844,108.51899719238281,0.0
2025-01-07 19:49:00+00:00,108.52100372314453,108.52200317382812,108.51599884033203,108.51599884033203,0.0
2025-01-07 19:50:00+00:00,108.5199966430664,108.52300262451172,108.51100158691406,108.52100372314453,0.0
2025-01-07 19:51:00+00:00,108.51300048828125,108.5199966430664,108.51300048828125,108.5199966430664,0.0
2025-01-07 19:52:00+00:00,108.52400207519531,108.5250015258789,108.51300048828125,108.51300048828125,0.0
2025-01-07 19:53:00+00:00,108.52200317382812,108.52400207519531,108.5199966430664,108.52400207519531,0.0
2025-01-07 19:54:00+00:00,108.51599884033203,108.52100372314453,108.51599884033203,108.52100372314453,0.0
2025-01-07 19:55:00+00:00,108.53600311279297,108.53800201416016,108.51499938964844,108.51599884033203,0.0
2025-01-07 19:56:00+00:00,108.5469970703125,108.5469970703125,108.53600311279297,108.53600311279297,0.0
2025-01-07 19:57:00+00:00,108.54399871826172,108.5530014038086,108.54399871826172,108.5479965209961,0.0
2025-01-07 19:58:00+00:00,108.5479965209961,108.5479965209961,108.54100036621094,108.54199981689453,0.0
2025-01-07 19:59:00+00:00,108.54199981689453,108.55400085449219,108.54100036621094,108.5479965209961,0.0
2025-01-07 20:00:00+00:00,108.5479965209961,108.54900360107422,108.54000091552734,108.54199981689453,0.0
2025-01-07 20:01:00+00:00,108.5459976196289,108.55400085449219,108.54399871826172,108.5469970703125,0.0
2025-01-07 20:02:00+00:00,108.54100036621094,108.5459976196289,108.53800201416016,108.54499816894531,0.0
2025-01-07 20:03:00+00:00,108.54399871826172,108.55400085449219,108.54100036621094,108.54100036621094,0.0
2025-01-07 20:04:00+00:00,108.56400299072266,108.56500244140625,108.54399871826172,108.54399871826172,0.0
2025-01-07 20:05:00+00:00,108.56800079345703,108.5719985961914,108.56400299072266,108.56400299072266,0.0
2025-01-07 20:06:00+00:00,108.56900024414062,108.56900024414062,108.56800079345703,108.56800079345703,0.0
2025-01-07 20:07:00+00:00,108.56900024414062,108.57599639892578,108.56700134277344,108.56900024414062,0.0
2025-01-07 20:08:00+00:00,108.5780029296875,108.5780029296875,108.56900024414062,108.56900024414062,0.0
2025-01-07 20:09:00+00:00,108.58200073242188,108.58200073242188,108.5770034790039,108.5780029296875,0.0
2025-01-07 20:10:00+00:00,108.58499908447266,108.58599853515625,108.5790023803711,108.58200073242188,0.0
2025-01-07 20:11:00+00:00,108.59100341796875,108.59100341796875,108.58200073242188,108.58499908447266,0.0
2025-01-07 20:12:00+00:00,108.59700012207031,108.5979995727539,108.59100341796875,108.59100341796875,0.0
2025-01-07 20:13:00+00:00,108.5999984741211,108.60099792480469,108.59600067138672,108.59700012207031,0.0
2025-01-07 20:14:00+00:00,108.58599853515625,108.60099792480469,108.58599853515625,108.60099792480469,0.0
2025-01-07 20:15:00+00:00,108.58399963378906,108.58599853515625,108.58300018310547,108.58599853515625,0.0
2025-01-07 20:16:00+00:00,108.58999633789062,108.58999633789062,108.58399963378906,108.58499908447266,0.0
2025-01-07 20:17:00+00:00,108.58999633789062,108.59200286865234,108.58899688720703,108.58999633789062,0.0
2025-01-07 20:18:00+00:00,108.58799743652344,108.59400177001953,108.58300018310547,108.58999633789062,0.0
2025-01-07 20:19:00+00:00,108.58599853515625,108.58799743652344,108.58599853515625,108.58799743652344,0.0
2025-01-07 20:20:00+00:00,108.58899688720703,108.59300231933594,108.58499908447266,108.58699798583984,0.0
2025-01-07 20:21:00+00:00,108.58999633789062,108.59400177001953,108.58899688720703,108.58999633789062,0.0
2025-01-07 20:22:00+00:00,108.60199737548828,108.60199737548828,108.58999633789062,108.58999633789062,0.0
2025-01-07 20:23:00+00:00,108.5989990234375,108.60299682617188,108.5979995727539,108.60199737548828,0.0
2025-01-07 20:24:00+00:00,108.59700012207031,108.5989990234375,108.58899688720703,108.5979995727539,0.0
2025-01-07 20:25:00+00:00,108.6050033569336,108.60600280761719,108.59700012207031,108.59700012207031,0.0
2025-01-07 20:26:00+00:00,108.61199951171875,108.61799621582031,108.6050033569336,108.6050033569336,0.0
2025-01-07 20:27:00+00:00,108.61100006103516,108.61499786376953,108.61100006103516,108.61199951171875,0.0
2025-01-07 20:28:00+00:00,108.61399841308594,108.61399841308594,108.60800170898438,108.61100006103516,0.0
2025-01-07 20:29:00+00:00,108.61399841308594,108.61599731445312,108.61299896240234,108.61399841308594,0.0
2025-01-07 20:30:00+00:00,108.62200164794922,108.62200164794922,108.61100006103516,108.61399841308594,0.0
2025-01-07 20:31:00+00:00,108.61799621582031,108.62300109863281,108.61599731445312,108.62200164794922,0.0
2025-01-07 20:32:00+00:00,108.62200164794922,108.62200164794922,108.61699676513672,108.61799621582031,0.0
2025-01-07 20:33:00+00:00,108.6259994506836,108.62999725341797,108.62200164794922,108.62200164794922,0.0
2025-01-07 20:34:00+00:00,108.6240005493164,108.63099670410156,108.6240005493164,108.6259994506836,0.0
2025-01-07 20:35:00+00:00,108.63099670410156,108.63099670410156,108.62200164794922,108.6240005493164,0.0
2025-01-07 20:36:00+00:00,108.63400268554688,108.63400268554688,108.625,108.63099670410156,0.0
2025-01-07 20:37:00+00:00,108.63600158691406,108.63600158691406,108.62999725341797,108.63400268554688,0.0
2025-01-07 20:38:00+00:00,108.63200378417969,108.63600158691406,108.63200378417969,108.63600158691406,0.0
2025-01-07 20:39:00+00:00,108.62200164794922,108.63200378417969,108.62200164794922,108.63200378417969,0.0
2025-01-07 20:40:00+00:00,108.62000274658203,108.62200164794922,108.61499786376953,108.62200164794922,0.0
2025-01-07 20:41:00+00:00,108.61100006103516,108.62000274658203,108.61100006103516,108.62000274658203,0.0
2025-01-07 20:42:00+00:00,108.61100006103516,108.61399841308594,108.60900115966797,108.61100006103516,0.0
2025-01-07 20:43:00+00:00,108.61499786376953,108.61699676513672,108.61000061035156,108.61100006103516,0.0
2025-01-07 20:44:00+00:00,108.6240005493164,108.625,108.61399841308594,108.61499786376953,0.0
2025-01-07 20:45:00+00:00,108.63099670410156,108.63099670410156,108.6240005493164,108.6240005493164,0.0
2025-01-07 20:46:00+00:00,108.62799835205078,108.63200378417969,108.62699890136719,108.63099670410156,0.0
2025-01-07 20:47:00+00:00,108.62699890136719,108.62899780273438,108.62699890136719,108.62799835205078,0.0
2025-01-07 20:48:00+00:00,108.62799835205078,108.62899780273438,108.625,108.62699890136719,0.0
2025-01-07 20:49:00+00:00,108.62300109863281,108.62899780273438,108.62200164794922,108.62899780273438,0.0
2025-01-07 20:50:00+00:00,108.62100219726562,108.62200164794922,108.61599731445312,108.62200164794922,0.0
2025-01-07 20:51:00+00:00,108.63200378417969,108.63200378417969,108.62100219726562,108.62100219726562,0.0
2025-01-07 20:52:00+00:00,108.63200378417969,108.63600158691406,108.63099670410156,108.63200378417969,0.0
2025-01-07 20:53:00+00:00,108.62100219726562,108.63200378417969,108.62000274658203,108.63200378417969,0.0
2025-01-07 20:54:00+00:00,108.61599731445312,108.62100219726562,108.61199951171875,108.62100219726562,0.0
2025-01-07 20:55:00+00:00,108.62200164794922,108.62300109863281,108.61499786376953,108.61699676513672,0.0
2025-01-07 20:56:00+00:00,108.62699890136719,108.62699890136719,108.62300109863281,108.62300109863281,0.0
2025-01-07 20:57:00+00:00,108.62799835205078,108.62799835205078,108.6240005493164,108.62699890136719,0.0
2025-01-07 20:58:00+00:00,108.64299774169922,108.64299774169922,108.62899780273438,108.62899780273438,0.0
2025-01-07 20:59:00+00:00,108.6449966430664,108.64700317382812,108.64299774169922,108.64299774169922,0.0
2025-01-07 21:00:00+00:00,108.6520004272461,108.6520004272461,108.6449966430664,108.6449966430664,0.0
2025-01-07 21:01:00+00:00,108.65399932861328,108.65399932861328,108.65299987792969,108.65299987792969,0.0
2025-01-07 21:02:00+00:00,108.65299987792969,108.65399932861328,108.65299987792969,108.65299987792969,0.0
2025-01-07 21:03:00+00:00,108.65299987792969,108.65299987792969,108.6520004272461,108.65299987792969,0.0
2025-01-07 21:04:00+00:00,108.6520004272461,108.65299987792969,108.6510009765625,108.65299987792969,0.0
2025-01-07 21:05:00+00:00,108.66000366210938,108.66000366210938,108.6520004272461,108.6520004272461,0.0
2025-01-07 21:06:00+00:00,108.66300201416016,108.66300201416016,108.65899658203125,108.65899658203125,0.0
2025-01-07 21:07:00+00:00,108.66300201416016,108.66400146484375,108.66200256347656,108.66300201416016,0.0
2025-01-07 21:08:00+00:00,108.66799926757812,108.66799926757812,108.66200256347656,108.66300201416016,0.0
2025-01-07 21:09:00+00:00,108.67400360107422,108.68099975585938,108.66799926757812,108.66799926757812,0.0
2025-01-07 21:10:00+00:00,108.66799926757812,108.67400360107422,108.66600036621094,108.67400360107422,0.0
2025-01-07 21:11:00+00:00,108.66600036621094,108.66799926757812,108.66400146484375,108.66799926757812,0.0
2025-01-07 21:12:00+00:00,108.66600036621094,108.66699981689453,108.66600036621094,108.66600036621094,0.0
2025-01-07 21:13:00+00:00,108.66300201416016,108.66600036621094,108.66300201416016,108.66600036621094,0.0
2025-01-07 21:14:00+00:00,108.66600036621094,108.66600036621094,108.66200256347656,108.66300201416016,0.0
2025-01-07 21:16:00+00:00,108.677001953125,108.677001953125,108.66799926757812,108.66799926757812,0.0
2025-01-07 21:17:00+00:00,108.67900085449219,108.67900085449219,108.677001953125,108.677001953125,0.0
2025-01-07 21:18:00+00:00,108.67900085449219,108.67900085449219,108.677001953125,108.6780014038086,0.0
2025-01-07 21:19:00+00:00,108.67400360107422,108.68000030517578,108.6729965209961,108.67900085449219,0.0
2025-01-07 21:20:00+00:00,108.67500305175781,108.6760025024414,108.6729965209961,108.6729965209961,0.0
2025-01-07 21:21:00+00:00,108.6780014038086,108.6780014038086,108.6729965209961,108.67500305175781,0.0
2025-01-07 21:22:00+00:00,108.68199920654297,108.68199920654297,108.6780014038086,108.6780014038086,0.0
2025-01-07 21:23:00+00:00,108.68199920654297,108.68299865722656,108.68099975585938,108.68199920654297,0.0
2025-01-07 21:24:00+00:00,108.68199920654297,108.68299865722656,108.68199920654297,108.68199920654297,0.0
2025-01-07 21:25:00+00:00,108.67500305175781,108.68499755859375,108.67500305175781,108.68199920654297,0.0
2025-01-07 21:26:00+00:00,108.6709976196289,108.6760025024414,108.6709976196289,108.67500305175781,0.0
2025-01-07 21:27:00+00:00,108.66699981689453,108.6709976196289,108.66699981689453,108.6709976196289,0.0
2025-01-07 21:28:00+00:00,108.66699981689453,108.66699981689453,108.66300201416016,108.66699981689453,0.0
2025-01-07 21:29:00+00:00,108.66300201416016,108.66699981689453,108.66300201416016,108.66699981689453,0.0
2025-01-07 21:30:00+00:00,108.66699981689453,108.66799926757812,108.66200256347656,108.66300201416016,0.0
2025-01-07 21:31:00+00:00,108.66400146484375,108.66699981689453,108.66400146484375,108.66699981689453,0.0
2025-01-07 21:32:00+00:00,108.66600036621094,108.66600036621094,108.66400146484375,108.66400146484375,0.0
2025-01-07 21:34:00+00:00,108.66400146484375,108.66400146484375,108.66200256347656,108.66200256347656,0.0
2025-01-07 21:35:00+00:00,108.66699981689453,108.66699981689453,108.66400146484375,108.66500091552734,0.0
2025-01-07 21:36:00+00:00,108.6719970703125,108.6719970703125,108.66600036621094,108.66600036621094,0.0
2025-01-07 21:37:00+00:00,108.66799926757812,108.6719970703125,108.66799926757812,108.6719970703125,0.0
2025-01-07 21:38:00+00:00,108.66999816894531,108.6709976196289,108.66799926757812,108.66799926757812,0.0
2025-01-07 21:39:00+00:00,108.6719970703125,108.6729965209961,108.66899871826172,108.66899871826172,0.0
2025-01-07 21:40:00+00:00,108.6719970703125,108.6719970703125,108.6709976196289,108.6719970703125,0.0
2025-01-07 21:41:00+00:00,108.6729965209961,108.6729965209961,108.66999816894531,108.6709976196289,0.0
2025-01-07 21:42:00+00:00,108.68099975585938,108.68199920654297,108.6729965209961,108.6729965209961,0.0
2025-01-07 21:43:00+00:00,108.68800354003906,108.68800354003906,108.68099975585938,108.68199920654297,0.0
2025-01-07 21:44:00+00:00,108.69000244140625,108.69100189208984,108.68699645996094,108.68699645996094,0.0
2025-01-07 21:45:00+00:00,108.69200134277344,108.69200134277344,108.68900299072266,108.69000244140625,0.0
2025-01-07 21:47:00+00:00,108.69200134277344,108.69499969482422,108.69100189208984,108.69400024414062,0.0
2025-01-07 21:48:00+00:00,108.69100189208984,108.69200134277344,108.69000244140625,108.69200134277344,0.0
2025-01-07 21:49:00+00:00,108.68800354003906,108.69100189208984,108.68800354003906,108.69100189208984,0.0
2025-01-07 21:50:00+00:00,108.68900299072266,108.68900299072266,108.68499755859375,108.68900299072266,0.0
2025-01-07 21:51:00+00:00,108.69100189208984,108.69200134277344,108.68900299072266,108.68900299072266,0.0
2025-01-07 21:52:00+00:00,108.69300079345703,108.69300079345703,108.69100189208984,108.69100189208984,0.0
2025-01-07 21:53:00+00:00,108.69100189208984,108.69300079345703,108.69100189208984,108.69300079345703,0.0
2025-01-07 21:54:00+00:00,108.69400024414062,108.69400024414062,108.69100189208984,108.69100189208984,0.0
2025-01-07 21:55:00+00:00,108.70099639892578,108.70099639892578,108.69499969482422,108.69499969482422,0.0
2025-01-07 21:56:00+00:00,108.7020034790039,108.7040023803711,108.70099639892578,108.70099639892578,0.0
2025-01-07 21:57:00+00:00,108.697998046875,108.7030029296875,108.697998046875,108.7020034790039,0.0
2025-01-07 21:58:00+00:00,108.7020034790039,108.7030029296875,108.697998046875,108.697998046875,0.0
2025-01-07 21:59:00+00:00,108.69999694824219,108.7020034790039,108.6989974975586,108.7020034790039,0.0
2025-01-07 22:00:00+00:00,108.69000244140625,108.69999694824219,108.69000244140625,108.69999694824219,0.0
2025-01-07 22:01:00+00:00,108.68599700927734,108.69000244140625,108.68599700927734,108.69000244140625,0.0
2025-01-07 22:02:00+00:00,108.68000030517578,108.68599700927734,108.68000030517578,108.68599700927734,0.0
2025-01-07 22:03:00+00:00,108.67900085449219,108.68099975585938,108.6780014038086,108.68000030517578,0.0
2025-01-07 22:04:00+00:00,108.68000030517578,108.68000030517578,108.67900085449219,108.67900085449219,0.0
2025-01-07 22:05:00+00:00,108.68000030517578,108.68000030517578,108.6780014038086,108.67900085449219,0.0
2025-01-07 22:06:00+00:00,108.67900085449219,108.68000030517578,108.6780014038086,108.68000030517578,0.0
2025-01-07 22:07:00+00:00,108.68099975585938,108.68199920654297,108.67900085449219,108.67900085449219,0.0
2025-01-07 22:08:00+00:00,108.68399810791016,108.69100189208984,108.677001953125,108.68099975585938,0.0
2025-01-07 22:09:00+00:00,108.69499969482422,108.69599914550781,108.68499755859375,108.69100189208984,0.0
2025-01-07 22:10:00+00:00,108.69300079345703,108.69599914550781,108.68599700927734,108.69499969482422,0.0
2025-01-07 22:11:00+00:00,108.68499755859375,108.69400024414062,108.68499755859375,108.69300079345703,0.0
2025-01-07 22:12:00+00:00,108.68099975585938,108.68499755859375,108.68099975585938,108.68499755859375,0.0
2025-01-07 22:13:00+00:00,108.68000030517578,108.68199920654297,108.68000030517578,108.68099975585938,0.0
2025-01-07 22:14:00+00:00,108.68000030517578,108.68199920654297,108.68000030517578,108.68000030517578,0.0
2025-01-07 22:15:00+00:00,108.67900085449219,108.68000030517578,108.67900085449219,108.68000030517578,0.0
2025-01-07 22:16:00+00:00,108.67900085449219,108.67900085449219,108.677001953125,108.67900085449219,0.0
2025-01-07 22:17:00+00:00,108.68499755859375,108.68499755859375,108.6780014038086,108.6780014038086,0.0
2025-01-07 22:18:00+00:00,108.68399810791016,108.68399810791016,108.68399810791016,108.68399810791016,0.0
2025-01-07 22:19:00+00:00,108.68299865722656,108.68399810791016,108.68299865722656,108.68399810791016,0.0
2025-01-07 22:20:00+00:00,108.68399810791016,108.68599700927734,108.68299865722656,108.68299865722656,0.0
2025-01-07 22:22:00+00:00,108.68499755859375,108.68499755859375,108.68299865722656,108.68299865722656,0.0
2025-01-07 22:23:00+00:00,108.68599700927734,108.68699645996094,108.68499755859375,108.68499755859375,0.0
2025-01-07 22:24:00+00:00,108.69000244140625,108.69000244140625,108.68599700927734,108.68599700927734,0.0
2025-01-07 22:25:00+00:00,108.69200134277344,108.69300079345703,108.68900299072266,108.69000244140625,0.0
2025-01-07 22:26:00+00:00,108.69400024414062,108.69400024414062,108.69200134277344,108.69200134277344,0.0
2025-01-07 22:27:00+00:00,108.68900299072266,108.69400024414062,108.68900299072266,108.69400024414062,0.0
2025-01-07 22:28:00+00:00,108.68699645996094,108.68900299072266,108.68699645996094,108.68900299072266,0.0
2025-01-07 22:29:00+00:00,108.68299865722656,108.68699645996094,108.68199920654297,108.68699645996094,0.0
2025-01-07 22:30:00+00:00,108.68399810791016,108.68499755859375,108.68199920654297,108.68299865722656,0.0
2025-01-07 22:31:00+00:00,108.68399810791016,108.68499755859375,108.68199920654297,108.68499755859375,0.0
2025-01-07 22:32:00+00:00,108.68599700927734,108.68599700927734,108.68299865722656,108.68399810791016,0.0
2025-01-07 22:33:00+00:00,108.68599700927734,108.68699645996094,108.68599700927734,108.68699645996094,0.0
2025-01-07 22:34:00+00:00,108.68699645996094,108.68699645996094,108.68699645996094,108.68699645996094,0.0
2025-01-07 22:35:00+00:00,108.68699645996094,108.68800354003906,108.68699645996094,108.68699645996094,0.0
2025-01-07 22:37:00+00:00,108.68299865722656,108.68599700927734,108.68299865722656,108.68599700927734,0.0
2025-01-07 22:38:00+00:00,108.68199920654297,108.68299865722656,108.68199920654297,108.68299865722656,0.0
2025-01-07 22:39:00+00:00,108.68099975585938,108.68299865722656,108.68099975585938,108.68199920654297,0.0
2025-01-07 22:40:00+00:00,108.68099975585938,108.68099975585938,108.68000030517578,108.68099975585938,0.0
2025-01-07 22:41:00+00:00,108.6780014038086,108.68099975585938,108.677001953125,108.68099975585938,0.0
2025-01-07 22:43:00+00:00,108.68099975585938,108.68199920654297,108.68099975585938,108.68199920654297,0.0
2025-01-07 22:45:00+00:00,108.68299865722656,108.68299865722656,108.68199920654297,108.68299865722656,0.0
2025-01-07 22:47:00+00:00,108.68299865722656,108.68299865722656,108.68199920654297,108.68199920654297,0.0
2025-01-07 22:50:00+00:00,108.68299865722656,108.68299865722656,108.68099975585938,108.68199920654297,0.0
2025-01-07 22:52:00+00:00,108.68000030517578,108.68199920654297,108.68000030517578,108.68199920654297,0.0
2025-01-07 22:54:00+00:00,108.68099975585938,108.68199920654297,108.68000030517578,108.68000030517578,0.0
2025-01-07 22:55:00+00:00,108.68099975585938,108.68099975585938,108.68099975585938,108.68099975585938,0.0
2025-01-07 22:57:00+00:00,108.68199920654297,108.68199920654297,108.67900085449219,108.68000030517578,0.0
2025-01-07 22:59:00+00:00,108.68199920654297,108.68199920654297,108.68099975585938,108.68099975585938,0.0
2025-01-07 23:00:00+00:00,108.67500305175781,108.68399810791016,108.67500305175781,108.68199920654297,0.0
2025-01-07 23:01:00+00:00,108.677001953125,108.6780014038086,108.67500305175781,108.67500305175781,0.0
2025-01-07 23:02:00+00:00,108.6709976196289,108.677001953125,108.66999816894531,108.677001953125,0.0
2025-01-07 23:03:00+00:00,108.68399810791016,108.68499755859375,108.6709976196289,108.6709976196289,0.0
2025-01-07 23:04:00+00:00,108.68099975585938,108.68299865722656,108.68099975585938,108.68299865722656,0.0
2025-01-08 00:45:00+00:00,108.62899780273438,108.63200378417969,108.62200164794922,108.62200164794922,0.0
2025-01-08 00:46:00+00:00,108.63999938964844,108.63999938964844,108.62799835205078,108.62799835205078,0.0
2025-01-08 00:47:00+00:00,108.64099884033203,108.64199829101562,108.63899993896484,108.64099884033203,0.0
2025-01-08 00:48:00+00:00,108.63500213623047,108.64199829101562,108.63500213623047,108.64099884033203,0.0
2025-01-08 00:49:00+00:00,108.63600158691406,108.63999938964844,108.63400268554688,108.63500213623047,0.0
2025-01-08 00:50:00+00:00,108.6500015258789,108.6500015258789,108.63300323486328,108.63600158691406,0.0
2025-01-08 00:51:00+00:00,108.66000366210938,108.66000366210938,108.6500015258789,108.6500015258789,0.0
2025-01-08 00:52:00+00:00,108.66300201416016,108.66300201416016,108.65799713134766,108.66000366210938,0.0
2025-01-08 00:53:00+00:00,108.66500091552734,108.66500091552734,108.66300201416016,108.66300201416016,0.0
2025-01-08 00:54:00+00:00,108.66000366210938,108.66500091552734,108.65499877929688,108.66500091552734,0.0
2025-01-08 00:55:00+00:00,108.66999816894531,108.6729965209961,108.66100311279297,108.66100311279297,0.0
2025-01-08 00:56:00+00:00,108.66400146484375,108.6709976196289,108.65699768066406,108.66999816894531,0.0
2025-01-08 00:57:00+00:00,108.66100311279297,108.6719970703125,108.66100311279297,108.66500091552734,0.0
2025-01-08 00:58:00+00:00,108.66200256347656,108.66300201416016,108.65899658203125,108.66000366210938,0.0
2025-01-08 00:59:00+00:00,108.65799713134766,108.66300201416016,108.65699768066406,108.66300201416016,0.0
2025-01-08 01:00:00+00:00,108.65299987792969,108.66000366210938,108.6520004272461,108.65799713134766,0.0
2025-01-08 01:01:00+00:00,108.65399932861328,108.66100311279297,108.6510009765625,108.6520004272461,0.0
2025-01-08 01:02:00+00:00,108.66000366210938,108.66100311279297,108.65399932861328,108.65399932861328,0.0
2025-01-08 01:03:00+00:00,108.6510009765625,108.66000366210938,108.6510009765625,108.66000366210938,0.0
2025-01-08 01:04:00+00:00,108.65599822998047,108.65699768066406,108.6500015258789,108.6510009765625,0.0
2025-01-08 01:05:00+00:00,108.65699768066406,108.65799713134766,108.65499877929688,108.65599822998047,0.0
2025-01-08 01:06:00+00:00,108.65599822998047,108.66300201416016,108.65599822998047,108.65699768066406,0.0
2025-01-08 01:07:00+00:00,108.64199829101562,108.65599822998047,108.64199829101562,108.65599822998047,0.0
2025-01-08 01:08:00+00:00,108.63899993896484,108.64199829101562,108.63800048828125,108.64099884033203,0.0
2025-01-08 01:09:00+00:00,108.63099670410156,108.63899993896484,108.62999725341797,108.63899993896484,0.0
2025-01-08 01:10:00+00:00,108.6240005493164,108.62999725341797,108.6240005493164,108.62999725341797,0.0
2025-01-08 01:11:00+00:00,108.625,108.625,108.62100219726562,108.6240005493164,0.0
2025-01-08 01:12:00+00:00,108.62799835205078,108.63600158691406,108.625,108.625,0.0
2025-01-08 01:13:00+00:00,108.63600158691406,108.63600158691406,108.62699890136719,108.62799835205078,0.0
2025-01-08 01:14:00+00:00,108.63999938964844,108.64199829101562,108.63700103759766,108.63700103759766,0.0
2025-01-08 01:15:00+00:00,108.64199829101562,108.64299774169922,108.63300323486328,108.63999938964844,0.0
2025-01-08 01:16:00+00:00,108.64099884033203,108.64399719238281,108.64099884033203,108.64199829101562,0.0
2025-01-08 01:17:00+00:00,108.64800262451172,108.6500015258789,108.64099884033203,108.64199829101562,0.0
2025-01-08 01:18:00+00:00,108.6510009765625,108.6510009765625,108.64600372314453,108.64800262451172,0.0
2025-01-08 01:19:00+00:00,108.65399932861328,108.65399932861328,108.64800262451172,108.6510009765625,0.0
2025-01-08 01:20:00+00:00,108.64700317382812,108.65499877929688,108.64600372314453,108.65399932861328,0.0
2025-01-08 01:21:00+00:00,108.63800048828125,108.64700317382812,108.63800048828125,108.64700317382812,0.0
2025-01-08 01:22:00+00:00,108.62999725341797,108.63700103759766,108.62899780273438,108.63700103759766,0.0
2025-01-08 01:23:00+00:00,108.63700103759766,108.63800048828125,108.62899780273438,108.62899780273438,0.0
2025-01-08 01:24:00+00:00,108.64099884033203,108.64099884033203,108.63600158691406,108.63700103759766,0.0
2025-01-08 01:25:00+00:00,108.63800048828125,108.64299774169922,108.63800048828125,108.64099884033203,0.0
2025-01-08 01:26:00+00:00,108.63600158691406,108.63800048828125,108.63400268554688,108.63800048828125,0.0
2025-01-08 01:27:00+00:00,108.62699890136719,108.63600158691406,108.62699890136719,108.63600158691406,0.0
2025-01-08 01:28:00+00:00,108.6240005493164,108.62799835205078,108.62300109863281,108.62699890136719,0.0
2025-01-08 01:29:00+00:00,108.6259994506836,108.6259994506836,108.62300109863281,108.6240005493164,0.0
2025-01-08 01:30:00+00:00,108.63500213623047,108.63600158691406,108.6259994506836,108.6259994506836,0.0
2025-01-08 01:31:00+00:00,108.62999725341797,108.63999938964844,108.62999725341797,108.63500213623047,0.0
2025-01-08 01:32:00+00:00,108.61699676513672,108.62999725341797,108.61599731445312,108.62999725341797,0.0
2025-01-08 01:33:00+00:00,108.60800170898438,108.61799621582031,108.60800170898438,108.61599731445312,0.0
2025-01-08 01:34:00+00:00,108.61399841308594,108.61399841308594,108.60700225830078,108.60800170898438,0.0
2025-01-08 01:35:00+00:00,108.61299896240234,108.61399841308594,108.61100006103516,108.61399841308594,0.0
2025-01-08 01:36:00+00:00,108.61199951171875,108.61299896240234,108.60800170898438,108.61299896240234,0.0
2025-01-08 01:37:00+00:00,108.61100006103516,108.61299896240234,108.60900115966797,108.61199951171875,0.0
2025-01-08 01:38:00+00:00,108.61900329589844,108.61900329589844,108.61199951171875,108.61199951171875,0.0
2025-01-08 01:39:00+00:00,108.61100006103516,108.61900329589844,108.61100006103516,108.61900329589844,0.0
2025-01-08 01:40:00+00:00,108.6050033569336,108.61100006103516,108.6050033569336,108.61100006103516,0.0
2025-01-08 01:41:00+00:00,108.60399627685547,108.6050033569336,108.60399627685547,108.6050033569336,0.0
2025-01-08 01:42:00+00:00,108.60900115966797,108.61000061035156,108.5999984741211,108.60399627685547,0.0
2025-01-08 01:43:00+00:00,108.61499786376953,108.61499786376953,108.60900115966797,108.60900115966797,0.0
2025-01-08 01:44:00+00:00,108.61799621582031,108.61799621582031,108.61299896240234,108.61499786376953,0.0
2025-01-08 01:45:00+00:00,108.62699890136719,108.62699890136719,108.61799621582031,108.61799621582031,0.0
2025-01-08 01:46:00+00:00,108.62699890136719,108.63200378417969,108.6240005493164,108.62699890136719,0.0
2025-01-08 01:47:00+00:00,108.63300323486328,108.63400268554688,108.62699890136719,108.62699890136719,0.0
2025-01-08 01:48:00+00:00,108.625,108.63500213623047,108.625,108.63300323486328,0.0
2025-01-08 01:49:00+00:00,108.62200164794922,108.625,108.62000274658203,108.625,0.0
2025-01-08 01:50:00+00:00,108.6240005493164,108.625,108.62100219726562,108.62300109863281,0.0
2025-01-08 01:51:00+00:00,108.61199951171875,108.6259994506836,108.61199951171875,108.6240005493164,0.0
2025-01-08 01:52:00+00:00,108.60199737548828,108.61199951171875,108.60099792480469,108.61100006103516,0.0
2025-01-08 01:53:00+00:00,108.60700225830078,108.60700225830078,108.60099792480469,108.60199737548828,0.0
2025-01-08 01:54:00+00:00,108.6050033569336,108.60700225830078,108.6050033569336,108.60700225830078,0.0
2025-01-08 01:55:00+00:00,108.60099792480469,108.60600280761719,108.60099792480469,108.6050033569336,0.0
2025-01-08 01:56:00+00:00,108.59600067138672,108.60099792480469,108.59600067138672,108.60099792480469,0.0
2025-01-08 01:57:00+00:00,108.58899688720703,108.59700012207031,108.58899688720703,108.59600067138672,0.0
2025-01-08 01:58:00+00:00,108.58999633789062,108.59100341796875,108.58899688720703,108.58899688720703,0.0
2025-01-08 01:59:00+00:00,108.58899688720703,108.59200286865234,108.58899688720703,108.58999633789062,0.0
2025-01-08 02:00:00+00:00,108.58200073242188,108.58899688720703,108.58000183105469,108.58899688720703,0.0
2025-01-08 02:01:00+00:00,108.58499908447266,108.58599853515625,108.58100128173828,108.58100128173828,0.0
2025-01-08 02:02:00+00:00,108.59100341796875,108.59100341796875,108.58300018310547,108.58499908447266,0.0
2025-01-08 02:03:00+00:00,108.58100128173828,108.59300231933594,108.5790023803711,108.59200286865234,0.0
2025-01-08 02:04:00+00:00,108.5790023803711,108.58100128173828,108.5770034790039,108.58100128173828,0.0
2025-01-08 02:05:00+00:00,108.58200073242188,108.58499908447266,108.5780029296875,108.5790023803711,0.0
2025-01-08 02:06:00+00:00,108.5770034790039,108.58300018310547,108.5770034790039,108.58200073242188,0.0
2025-01-08 02:07:00+00:00,108.57599639892578,108.5790023803711,108.57599639892578,108.5770034790039,0.0
2025-01-08 02:08:00+00:00,108.5739974975586,108.57599639892578,108.572998046875,108.57599639892578,0.0
2025-01-08 02:09:00+00:00,108.57099914550781,108.5739974975586,108.56999969482422,108.5739974975586,0.0
2025-01-08 02:10:00+00:00,108.57599639892578,108.57599639892578,108.56900024414062,108.57099914550781,0.0
2025-01-08 02:11:00+00:00,108.5739974975586,108.5770034790039,108.5739974975586,108.57599639892578,0.0
2025-01-08 02:12:00+00:00,108.57599639892578,108.57599639892578,108.5739974975586,108.5739974975586,0.0
2025-01-08 02:13:00+00:00,108.57499694824219,108.57599639892578,108.572998046875,108.57599639892578,0.0
2025-01-08 02:14:00+00:00,108.5770034790039,108.5790023803711,108.5739974975586,108.57499694824219,0.0
2025-01-08 02:15:00+00:00,108.57499694824219,108.57599639892578,108.5739974975586,108.57599639892578,0.0
2025-01-08 02:16:00+00:00,108.5780029296875,108.5790023803711,108.57499694824219,108.57499694824219,0.0
2025-01-08 02:17:00+00:00,108.58799743652344,108.58999633789062,108.5780029296875,108.5780029296875,0.0
2025-01-08 02:18:00+00:00,108.58999633789062,108.58999633789062,108.58799743652344,108.58899688720703,0.0
2025-01-08 02:19:00+00:00,108.58799743652344,108.59400177001953,108.58799743652344,108.58999633789062,0.0
2025-01-08 02:20:00+00:00,108.59400177001953,108.59700012207031,108.58899688720703,108.58899688720703,0.0
2025-01-08 02:21:00+00:00,108.59300231933594,108.59500122070312,108.59100341796875,108.59400177001953,0.0
2025-01-08 02:22:00+00:00,108.58999633789062,108.59300231933594,108.58999633789062,108.59300231933594,0.0
2025-01-08 02:23:00+00:00,108.59300231933594,108.59300231933594,108.58899688720703,108.58999633789062,0.0
2025-01-08 02:24:00+00:00,108.59700012207031,108.59700012207031,108.59300231933594,108.59300231933594,0.0
2025-01-08 02:25:00+00:00,108.59100341796875,108.59700012207031,108.59100341796875,108.59700012207031,0.0
2025-01-08 02:26:00+00:00,108.58899688720703,108.59100341796875,108.58799743652344,108.59100341796875,0.0
2025-01-08 02:27:00+00:00,108.59100341796875,108.59100341796875,108.58799743652344,108.58899688720703,0.0
2025-01-08 02:28:00+00:00,108.58699798583984,108.59500122070312,108.58699798583984,108.59200286865234,0.0
2025-01-08 02:29:00+00:00,108.59300231933594,108.59300231933594,108.58799743652344,108.58799743652344,0.0
2025-01-08 02:30:00+00:00,108.59500122070312,108.59500122070312,108.58999633789062,108.59300231933594,0.0
2025-01-08 02:31:00+00:00,108.5999984741211,108.5999984741211,108.59500122070312,108.59500122070312,0.0
2025-01-08 02:32:00+00:00,108.5989990234375,108.60199737548828,108.5989990234375,108.60099792480469,0.0
2025-01-08 02:33:00+00:00,108.5989990234375,108.60099792480469,108.5979995727539,108.5989990234375,0.0
2025-01-08 02:34:00+00:00,108.59700012207031,108.5989990234375,108.59700012207031,108.5989990234375,0.0
2025-01-08 02:35:00+00:00,108.5989990234375,108.5999984741211,108.59700012207031,108.59700012207031,0.0
2025-01-08 02:36:00+00:00,108.59700012207031,108.5999984741211,108.59700012207031,108.5999984741211,0.0
2025-01-08 02:37:00+00:00,108.59600067138672,108.5979995727539,108.59600067138672,108.59700012207031,0.0
2025-01-08 02:38:00+00:00,108.60099792480469,108.60099792480469,108.59500122070312,108.59500122070312,0.0
2025-01-08 02:39:00+00:00,108.60099792480469,108.60199737548828,108.5999984741211,108.5999984741211,0.0
2025-01-08 02:40:00+00:00,108.60299682617188,108.60299682617188,108.5999984741211,108.60099792480469,0.0
2025-01-08 02:41:00+00:00,108.6050033569336,108.6050033569336,108.60099792480469,108.60199737548828,0.0
2025-01-08 02:42:00+00:00,108.59600067138672,108.6050033569336,108.59400177001953,108.6050033569336,0.0
2025-01-08 02:43:00+00:00,108.59400177001953,108.59500122070312,108.59200286865234,108.59500122070312,0.0
2025-01-08 02:44:00+00:00,108.59200286865234,108.59400177001953,108.59100341796875,108.59400177001953,0.0
2025-01-08 02:45:00+00:00,108.5989990234375,108.5989990234375,108.59200286865234,108.59200286865234,0.0
2025-01-08 02:46:00+00:00,108.59500122070312,108.5979995727539,108.59500122070312,108.5979995727539,0.0
2025-01-08 02:47:00+00:00,108.59600067138672,108.5979995727539,108.59500122070312,108.59500122070312,0.0
2025-01-08 02:48:00+00:00,108.59500122070312,108.59600067138672,108.59400177001953,108.59600067138672,0.0
2025-01-08 02:50:00+00:00,108.59700012207031,108.59700012207031,108.59500122070312,108.59600067138672,0.0
2025-01-08 02:51:00+00:00,108.59700012207031,108.5979995727539,108.59600067138672,108.5979995727539,0.0
2025-01-08 02:52:00+00:00,108.5979995727539,108.6050033569336,108.59700012207031,108.59700012207031,0.0
2025-01-08 02:53:00+00:00,108.59700012207031,108.5979995727539,108.59500122070312,108.5979995727539,0.0
2025-01-08 02:54:00+00:00,108.59100341796875,108.59700012207031,108.58999633789062,108.59600067138672,0.0
2025-01-08 02:55:00+00:00,108.59300231933594,108.59500122070312,108.59100341796875,108.59100341796875,0.0
2025-01-08 02:56:00+00:00,108.59100341796875,108.59300231933594,108.58999633789062,108.59300231933594,0.0
2025-01-08 02:57:00+00:00,108.58999633789062,108.59100341796875,108.58899688720703,108.59100341796875,0.0
2025-01-08 02:59:00+00:00,108.58899688720703,108.58999633789062,108.58899688720703,108.58899688720703,0.0
2025-01-08 03:00:00+00:00,108.59500122070312,108.59600067138672,108.58899688720703,108.58899688720703,0.0
2025-01-08 03:01:00+00:00,108.59700012207031,108.5979995727539,108.59500122070312,108.59500122070312,0.0
2025-01-08 03:02:00+00:00,108.5989990234375,108.5989990234375,108.59600067138672,108.59700012207031,0.0
2025-01-08 03:03:00+00:00,108.5979995727539,108.5999984741211,108.5979995727539,108.5989990234375,0.0
2025-01-08 03:04:00+00:00,108.5999984741211,108.60199737548828,108.5979995727539,108.5979995727539,0.0
2025-01-08 03:05:00+00:00,108.59600067138672,108.5999984741211,108.59500122070312,108.5999984741211,0.0
2025-01-08 03:06:00+00:00,108.59200286865234,108.59600067138672,108.59200286865234,108.59600067138672,0.0
2025-01-08 03:07:00+00:00,108.59400177001953,108.59400177001953,108.58999633789062,108.59200286865234,0.0
2025-01-08 03:08:00+00:00,108.59600067138672,108.59600067138672,108.59200286865234,108.59400177001953,0.0
2025-01-08 03:09:00+00:00,108.59500122070312,108.59700012207031,108.59500122070312,108.59600067138672,0.0
2025-01-08 03:10:00+00:00,108.59400177001953,108.59600067138672,108.59400177001953,108.59500122070312,0.0
2025-01-08 03:11:00+00:00,108.59300231933594,108.59400177001953,108.59200286865234,108.59400177001953,0.0
2025-01-08 03:12:00+00:00,108.59600067138672,108.59600067138672,108.59300231933594,108.59400177001953,0.0
2025-01-08 03:13:00+00:00,108.5979995727539,108.5989990234375,108.59600067138672,108.59600067138672,0.0
2025-01-08 03:14:00+00:00,108.60199737548828,108.60199737548828,108.5979995727539,108.5979995727539,0.0
2025-01-08 03:15:00+00:00,108.60299682617188,108.60600280761719,108.60199737548828,108.60299682617188,0.0
2025-01-08 03:16:00+00:00,108.60199737548828,108.60299682617188,108.5989990234375,108.60299682617188,0.0
2025-01-08 03:17:00+00:00,108.60099792480469,108.60199737548828,108.60099792480469,108.60099792480469,0.0
2025-01-08 03:18:00+00:00,108.5979995727539,108.60099792480469,108.5979995727539,108.60099792480469,0.0
2025-01-08 03:19:00+00:00,108.5999984741211,108.60099792480469,108.59700012207031,108.5979995727539,0.0
2025-01-08 03:20:00+00:00,108.60399627685547,108.60399627685547,108.5979995727539,108.5999984741211,0.0
2025-01-08 03:21:00+00:00,108.6050033569336,108.60800170898438,108.60399627685547,108.60399627685547,0.0
2025-01-08 03:22:00+00:00,108.60800170898438,108.60800170898438,108.60399627685547,108.6050033569336,0.0
2025-01-08 03:23:00+00:00,108.6050033569336,108.61199951171875,108.6050033569336,108.60800170898438,0.0
2025-01-08 03:24:00+00:00,108.60199737548828,108.60399627685547,108.60199737548828,108.60399627685547,0.0
2025-01-08 03:25:00+00:00,108.60099792480469,108.60099792480469,108.5999984741211,108.60099792480469,0.0
2025-01-08 03:26:00+00:00,108.5999984741211,108.60299682617188,108.5989990234375,108.60099792480469,0.0
2025-01-08 03:27:00+00:00,108.60099792480469,108.60199737548828,108.5979995727539,108.5989990234375,0.0
2025-01-08 03:28:00+00:00,108.61399841308594,108.61399841308594,108.60099792480469,108.60099792480469,0.0
2025-01-08 03:29:00+00:00,108.62300109863281,108.62300109863281,108.61299896240234,108.61399841308594,0.0
2025-01-08 03:30:00+00:00,108.625,108.6259994506836,108.62300109863281,108.6240005493164,0.0
2025-01-08 03:31:00+00:00,108.62899780273438,108.62899780273438,108.625,108.625,0.0
2025-01-08 03:32:00+00:00,108.64700317382812,108.64700317382812,108.62899780273438,108.62899780273438,0.0
2025-01-08 03:33:00+00:00,108.6510009765625,108.6520004272461,108.64399719238281,108.64700317382812,0.0
2025-01-08 03:34:00+00:00,108.65499877929688,108.65599822998047,108.6500015258789,108.6510009765625,0.0
2025-01-08 03:35:00+00:00,108.65599822998047,108.65799713134766,108.65499877929688,108.65499877929688,0.0
2025-01-08 03:36:00+00:00,108.64900207519531,108.65599822998047,108.64800262451172,108.65599822998047,0.0
2025-01-08 03:37:00+00:00,108.6510009765625,108.6510009765625,108.64900207519531,108.6500015258789,0.0
2025-01-08 03:38:00+00:00,108.6520004272461,108.65399932861328,108.6510009765625,108.6510009765625,0.0
2025-01-08 03:39:00+00:00,108.65299987792969,108.65299987792969,108.6510009765625,108.6520004272461,0.0
2025-01-08 03:40:00+00:00,108.65499877929688,108.65499877929688,108.6510009765625,108.65299987792969,0.0
2025-01-08 03:41:00+00:00,108.65399932861328,108.65499877929688,108.6520004272461,108.65399932861328,0.0
2025-01-08 03:42:00+00:00,108.65799713134766,108.65799713134766,108.65399932861328,108.65399932861328,0.0
2025-01-08 03:43:00+00:00,108.65599822998047,108.65799713134766,108.6520004272461,108.65799713134766,0.0
2025-01-08 03:44:00+00:00,108.65599822998047,108.65699768066406,108.65399932861328,108.65599822998047,0.0
2025-01-08 03:45:00+00:00,108.6500015258789,108.65699768066406,108.6500015258789,108.65599822998047,0.0
2025-01-08 03:46:00+00:00,108.63999938964844,108.64900207519531,108.63899993896484,108.64900207519531,0.0
2025-01-08 03:47:00+00:00,108.64299774169922,108.64399719238281,108.63899993896484,108.63999938964844,0.0
2025-01-08 03:48:00+00:00,108.64600372314453,108.64700317382812,108.64399719238281,108.64399719238281,0.0
2025-01-08 03:49:00+00:00,108.63999938964844,108.6500015258789,108.63999938964844,108.64700317382812,0.0
2025-01-08 03:50:00+00:00,108.63500213623047,108.63999938964844,108.63500213623047,108.63999938964844,0.0
2025-01-08 03:51:00+00:00,108.63899993896484,108.64099884033203,108.63500213623047,108.63600158691406,0.0
2025-01-08 03:52:00+00:00,108.63500213623047,108.63999938964844,108.63500213623047,108.63899993896484,0.0
2025-01-08 03:53:00+00:00,108.63800048828125,108.63899993896484,108.63300323486328,108.63400268554688,0.0
2025-01-08 03:54:00+00:00,108.63999938964844,108.63999938964844,108.63700103759766,108.63800048828125,0.0
2025-01-08 03:55:00+00:00,108.63999938964844,108.64099884033203,108.63899993896484,108.63899993896484,0.0
2025-01-08 03:56:00+00:00,108.63899993896484,108.64099884033203,108.63800048828125,108.63999938964844,0.0
2025-01-08 03:57:00+00:00,108.63999938964844,108.63999938964844,108.63700103759766,108.63899993896484,0.0
2025-01-08 03:58:00+00:00,108.63800048828125,108.63999938964844,108.63700103759766,108.63999938964844,0.0
2025-01-08 03:59:00+00:00,108.6449966430664,108.6449966430664,108.63899993896484,108.63899993896484,0.0
2025-01-08 04:00:00+00:00,108.64299774169922,108.64900207519531,108.64299774169922,108.6449966430664,0.0
2025-01-08 04:01:00+00:00,108.63999938964844,108.64399719238281,108.63700103759766,108.64299774169922,0.0
2025-01-08 04:02:00+00:00,108.63600158691406,108.64099884033203,108.63600158691406,108.64099884033203,0.0
2025-01-08 04:03:00+00:00,108.63700103759766,108.63700103759766,108.63400268554688,108.63600158691406,0.0
2025-01-08 04:04:00+00:00,108.63700103759766,108.63800048828125,108.63600158691406,108.63700103759766,0.0
2025-01-08 04:05:00+00:00,108.64199829101562,108.64199829101562,108.63800048828125,108.63800048828125,0.0
2025-01-08 04:06:00+00:00,108.64199829101562,108.64299774169922,108.64199829101562,108.64199829101562,0.0
2025-01-08 04:07:00+00:00,108.63300323486328,108.64199829101562,108.63300323486328,108.64199829101562,0.0
2025-01-08 04:08:00+00:00,108.62999725341797,108.63300323486328,108.62999725341797,108.63300323486328,0.0
2025-01-08 04:09:00+00:00,108.62999725341797,108.63300323486328,108.62999725341797,108.63099670410156,0.0
2025-01-08 04:11:00+00:00,108.6240005493164,108.625,108.62200164794922,108.6240005493164,0.0
2025-01-08 04:12:00+00:00,108.61799621582031,108.6240005493164,108.61799621582031,108.6240005493164,0.0
2025-01-08 04:13:00+00:00,108.61399841308594,108.61799621582031,108.61399841308594,108.61799621582031,0.0
2025-01-08 04:14:00+00:00,108.61000061035156,108.61399841308594,108.61000061035156,108.61399841308594,0.0
2025-01-08 04:15:00+00:00,108.61299896240234,108.61399841308594,108.61000061035156,108.61000061035156,0.0
2025-01-08 04:16:00+00:00,108.61499786376953,108.61599731445312,108.61299896240234,108.61299896240234,0.0
2025-01-08 04:17:00+00:00,108.62300109863281,108.62300109863281,108.61499786376953,108.61499786376953,0.0
2025-01-08 04:18:00+00:00,108.62799835205078,108.62799835205078,108.62300109863281,108.62300109863281,0.0
2025-01-08 04:19:00+00:00,108.62699890136719,108.62799835205078,108.625,108.6259994506836,0.0
2025-01-08 04:20:00+00:00,108.62899780273438,108.62899780273438,108.625,108.62699890136719,0.0
2025-01-08 04:22:00+00:00,108.63200378417969,108.63899993896484,108.63200378417969,108.63800048828125,0.0
2025-01-08 04:23:00+00:00,108.63400268554688,108.63400268554688,108.63099670410156,108.63200378417969,0.0
2025-01-08 04:24:00+00:00,108.63200378417969,108.63400268554688,108.63200378417969,108.63400268554688,0.0
2025-01-08 04:25:00+00:00,108.62799835205078,108.63400268554688,108.62799835205078,108.63200378417969,0.0
2025-01-08 04:26:00+00:00,108.63099670410156,108.63099670410156,108.62699890136719,108.62799835205078,0.0
2025-01-08 04:27:00+00:00,108.63200378417969,108.63300323486328,108.62999725341797,108.63099670410156,0.0
2025-01-08 04:28:00+00:00,108.62999725341797,108.63400268554688,108.62999725341797,108.63200378417969,0.0
2025-01-08 04:29:00+00:00,108.62699890136719,108.62999725341797,108.62699890136719,108.62999725341797,0.0
2025-01-08 04:30:00+00:00,108.62300109863281,108.62699890136719,108.62300109863281,108.62699890136719,0.0
2025-01-08 04:31:00+00:00,108.62200164794922,108.625,108.62200164794922,108.62300109863281,0.0
2025-01-08 04:32:00+00:00,108.62000274658203,108.62200164794922,108.61799621582031,108.62200164794922,0.0
2025-01-08 04:33:00+00:00,108.61799621582031,108.62000274658203,108.61699676513672,108.61900329589844,0.0
2025-01-08 04:34:00+00:00,108.62100219726562,108.62100219726562,108.61799621582031,108.61799621582031,0.0
2025-01-08 04:35:00+00:00,108.625,108.62699890136719,108.62100219726562,108.62100219726562,0.0
2025-01-08 04:37:00+00:00,108.62699890136719,108.62799835205078,108.6259994506836,108.62799835205078,0.0
2025-01-08 04:38:00+00:00,108.62999725341797,108.63099670410156,108.62699890136719,108.62699890136719,0.0
2025-01-08 04:39:00+00:00,108.62899780273438,108.63099670410156,108.62899780273438,108.63099670410156,0.0
2025-01-08 04:40:00+00:00,108.62999725341797,108.63200378417969,108.62899780273438,108.62899780273438,0.0
2025-01-08 04:41:00+00:00,108.62899780273438,108.63099670410156,108.62899780273438,108.62999725341797,0.0
2025-01-08 04:42:00+00:00,108.62899780273438,108.63099670410156,108.62899780273438,108.62899780273438,0.0
2025-01-08 04:43:00+00:00,108.63800048828125,108.63800048828125,108.62799835205078,108.62899780273438,0.0
2025-01-08 04:44:00+00:00,108.6510009765625,108.6510009765625,108.63899993896484,108.63899993896484,0.0
2025-01-08 04:45:00+00:00,108.64800262451172,108.65499877929688,108.64800262451172,108.6510009765625,0.0
2025-01-08 04:46:00+00:00,108.6449966430664,108.64800262451172,108.64299774169922,108.64800262451172,0.0
2025-01-08 04:47:00+00:00,108.64600372314453,108.64600372314453,108.64199829101562,108.6449966430664,0.0
2025-01-08 04:48:00+00:00,108.63800048828125,108.64600372314453,108.63800048828125,108.64600372314453,0.0
2025-01-08 04:49:00+00:00,108.63899993896484,108.63899993896484,108.63800048828125,108.63800048828125,0.0
2025-01-08 04:50:00+00:00,108.63600158691406,108.63899993896484,108.63500213623047,108.63899993896484,0.0
2025-01-08 04:51:00+00:00,108.63999938964844,108.63999938964844,108.63400268554688,108.63500213623047,0.0
2025-01-08 04:52:00+00:00,108.64199829101562,108.64299774169922,108.63899993896484,108.63999938964844,0.0
2025-01-08 04:53:00+00:00,108.64299774169922,108.64299774169922,108.63899993896484,108.64199829101562,0.0
2025-01-08 04:54:00+00:00,108.63800048828125,108.64399719238281,108.63800048828125,108.64399719238281,0.0
2025-01-08 04:55:00+00:00,108.63500213623047,108.63800048828125,108.63400268554688,108.63800048828125,0.0
2025-01-08 04:56:00+00:00,108.63500213623047,108.63500213623047,108.63400268554688,108.63500213623047,0.0
2025-01-08 04:57:00+00:00,108.63300323486328,108.63500213623047,108.63300323486328,108.63500213623047,0.0
2025-01-08 04:58:00+00:00,108.6259994506836,108.63300323486328,108.6259994506836,108.63300323486328,0.0
2025-01-08 05:00:00+00:00,108.62200164794922,108.6240005493164,108.62200164794922,108.6240005493164,0.0
2025-01-08 05:01:00+00:00,108.62300109863281,108.625,108.62100219726562,108.62200164794922,0.0
2025-01-08 05:02:00+00:00,108.62300109863281,108.62300109863281,108.61699676513672,108.62300109863281,0.0
2025-01-08 05:03:00+00:00,108.62300109863281,108.6240005493164,108.62200164794922,108.62300109863281,0.0
2025-01-08 05:04:00+00:00,108.6259994506836,108.6259994506836,108.62300109863281,108.62300109863281,0.0
2025-01-08 05:05:00+00:00,108.63099670410156,108.63099670410156,108.6259994506836,108.6259994506836,0.0
2025-01-08 05:06:00+00:00,108.63400268554688,108.64099884033203,108.62999725341797,108.62999725341797,0.0
2025-01-08 05:07:00+00:00,108.63700103759766,108.63999938964844,108.63400268554688,108.63400268554688,0.0
2025-01-08 05:08:00+00:00,108.63500213623047,108.63700103759766,108.63300323486328,108.63700103759766,0.0
2025-01-08 05:09:00+00:00,108.63600158691406,108.63899993896484,108.63600158691406,108.63600158691406,0.0
2025-01-08 05:10:00+00:00,108.63500213623047,108.63999938964844,108.63500213623047,108.63600158691406,0.0
2025-01-08 05:11:00+00:00,108.62999725341797,108.63500213623047,108.62999725341797,108.63500213623047,0.0
2025-01-08 05:12:00+00:00,108.63200378417969,108.63200378417969,108.62899780273438,108.62999725341797,0.0
2025-01-08 05:13:00+00:00,108.63200378417969,108.63400268554688,108.63200378417969,108.63200378417969,0.0
2025-01-08 05:14:00+00:00,108.63200378417969,108.63500213623047,108.63099670410156,108.63200378417969,0.0
2025-01-08 05:15:00+00:00,108.625,108.63300323486328,108.625,108.63099670410156,0.0
2025-01-08 05:16:00+00:00,108.61900329589844,108.625,108.61900329589844,108.625,0.0
2025-01-08 05:17:00+00:00,108.61900329589844,108.62000274658203,108.61900329589844,108.61900329589844,0.0
2025-01-08 05:18:00+00:00,108.62000274658203,108.62100219726562,108.61900329589844,108.62000274658203,0.0
2025-01-08 05:20:00+00:00,108.60800170898438,108.61399841308594,108.60800170898438,108.61100006103516,0.0
2025-01-08 05:21:00+00:00,108.61199951171875,108.61199951171875,108.60900115966797,108.60900115966797,0.0
2025-01-08 05:22:00+00:00,108.61000061035156,108.61399841308594,108.61000061035156,108.61299896240234,0.0
2025-01-08 05:23:00+00:00,108.6050033569336,108.61000061035156,108.6050033569336,108.61000061035156,0.0
2025-01-08 05:24:00+00:00,108.5989990234375,108.60600280761719,108.5989990234375,108.60600280761719,0.0
2025-01-08 05:25:00+00:00,108.60399627685547,108.60399627685547,108.5999984741211,108.5999984741211,0.0
2025-01-08 05:26:00+00:00,108.5979995727539,108.60399627685547,108.59700012207031,108.60399627685547,0.0
2025-01-08 05:27:00+00:00,108.58899688720703,108.59700012207031,108.58899688720703,108.59700012207031,0.0
2025-01-08 05:28:00+00:00,108.58499908447266,108.58999633789062,108.58499908447266,108.58999633789062,0.0
2025-01-08 05:29:00+00:00,108.58499908447266,108.58599853515625,108.58399963378906,108.58499908447266,0.0
2025-01-08 05:30:00+00:00,108.58100128173828,108.58399963378906,108.5790023803711,108.58399963378906,0.0
2025-01-08 05:31:00+00:00,108.5790023803711,108.58100128173828,108.5780029296875,108.58100128173828,0.0
2025-01-08 05:32:00+00:00,108.5770034790039,108.58000183105469,108.57599639892578,108.58000183105469,0.0
2025-01-08 05:33:00+00:00,108.58399963378906,108.58399963378906,108.57599639892578,108.5770034790039,0.0
2025-01-08 05:34:00+00:00,108.58699798583984,108.58799743652344,108.58300018310547,108.58300018310547,0.0
2025-01-08 05:35:00+00:00,108.58999633789062,108.58999633789062,108.58699798583984,108.58699798583984,0.0
2025-01-08 05:36:00+00:00,108.59600067138672,108.59700012207031,108.58799743652344,108.58999633789062,0.0
2025-01-08 05:37:00+00:00,108.59600067138672,108.5999984741211,108.59500122070312,108.59600067138672,0.0
2025-01-08 05:39:00+00:00,108.58499908447266,108.59200286865234,108.58499908447266,108.59200286865234,0.0
2025-01-08 05:40:00+00:00,108.58799743652344,108.58899688720703,108.58399963378906,108.58599853515625,0.0
2025-01-08 05:41:00+00:00,108.58899688720703,108.58899688720703,108.58599853515625,108.58799743652344,0.0
2025-01-08 05:42:00+00:00,108.59400177001953,108.59500122070312,108.58799743652344,108.58799743652344,0.0
2025-01-08 05:43:00+00:00,108.59600067138672,108.59600067138672,108.59400177001953,108.59400177001953,0.0
2025-01-08 05:44:00+00:00,108.59700012207031,108.59700012207031,108.59400177001953,108.59600067138672,0.0
2025-01-08 05:45:00+00:00,108.59700012207031,108.5979995727539,108.59600067138672,108.59600067138672,0.0
2025-01-08 05:46:00+00:00,108.59600067138672,108.59700012207031,108.59500122070312,108.59700012207031,0.0
2025-01-08 05:47:00+00:00,108.58799743652344,108.59600067138672,108.58799743652344,108.59600067138672,0.0
2025-01-08 05:48:00+00:00,108.58699798583984,108.58799743652344,108.58699798583984,108.58799743652344,0.0
2025-01-08 05:49:00+00:00,108.58699798583984,108.58899688720703,108.58699798583984,108.58699798583984,0.0
2025-01-08 05:50:00+00:00,108.58100128173828,108.58699798583984,108.58000183105469,108.58699798583984,0.0
2025-01-08 05:51:00+00:00,108.5770034790039,108.58100128173828,108.5770034790039,108.58100128173828,0.0
2025-01-08 05:52:00+00:00,108.58200073242188,108.58200073242188,108.5780029296875,108.5780029296875,0.0
2025-01-08 05:53:00+00:00,108.58399963378906,108.58699798583984,108.58200073242188,108.58300018310547,0.0
2025-01-08 05:54:00+00:00,108.58399963378906,108.58699798583984,108.58300018310547,108.58399963378906,0.0
2025-01-08 05:55:00+00:00,108.58100128173828,108.58699798583984,108.58000183105469,108.58399963378906,0.0
2025-01-08 05:56:00+00:00,108.5780029296875,108.58100128173828,108.5719985961914,108.58100128173828,0.0
2025-01-08 05:57:00+00:00,108.5770034790039,108.5790023803711,108.57499694824219,108.5780029296875,0.0
2025-01-08 05:58:00+00:00,108.5790023803711,108.58000183105469,108.57599639892578,108.5770034790039,0.0
2025-01-08 05:59:00+00:00,108.58300018310547,108.58300018310547,108.5790023803711,108.5790023803711,0.0
2025-01-08 06:00:00+00:00,108.57599639892578,108.58200073242188,108.57499694824219,108.58200073242188,0.0
2025-01-08 06:01:00+00:00,108.5739974975586,108.5790023803711,108.5739974975586,108.57599639892578,0.0
2025-01-08 06:02:00+00:00,108.5739974975586,108.57499694824219,108.572998046875,108.5739974975586,0.0
2025-01-08 06:03:00+00:00,108.57599639892578,108.5770034790039,108.56999969482422,108.5739974975586,0.0
2025-01-08 06:04:00+00:00,108.56099700927734,108.5770034790039,108.56099700927734,108.57599639892578,0.0
2025-01-08 06:05:00+00:00,108.56099700927734,108.56099700927734,108.55799865722656,108.56099700927734,0.0
2025-01-08 06:06:00+00:00,108.55999755859375,108.56500244140625,108.55899810791016,108.56099700927734,0.0
2025-01-08 06:07:00+00:00,108.56999969482422,108.56999969482422,108.55999755859375,108.55999755859375,0.0
2025-01-08 06:08:00+00:00,108.56300354003906,108.56999969482422,108.56199645996094,108.56999969482422,0.0
2025-01-08 06:09:00+00:00,108.55999755859375,108.56300354003906,108.55999755859375,108.56199645996094,0.0
2025-01-08 06:10:00+00:00,108.56800079345703,108.56800079345703,108.55999755859375,108.55999755859375,0.0
2025-01-08 06:11:00+00:00,108.56600189208984,108.56800079345703,108.56500244140625,108.56800079345703,0.0
2025-01-08 06:12:00+00:00,108.56099700927734,108.56600189208984,108.55999755859375,108.56600189208984,0.0
2025-01-08 06:13:00+00:00,108.56300354003906,108.56300354003906,108.55899810791016,108.56099700927734,0.0
2025-01-08 06:14:00+00:00,108.55899810791016,108.56400299072266,108.55899810791016,108.56300354003906,0.0
2025-01-08 06:15:00+00:00,108.55400085449219,108.55899810791016,108.55400085449219,108.55899810791016,0.0
2025-01-08 06:16:00+00:00,108.552001953125,108.55500030517578,108.552001953125,108.55400085449219,0.0
2025-01-08 06:17:00+00:00,108.55899810791016,108.55899810791016,108.552001953125,108.552001953125,0.0
2025-01-08 06:18:00+00:00,108.5719985961914,108.5719985961914,108.55999755859375,108.55999755859375,0.0
2025-01-08 06:19:00+00:00,108.5770034790039,108.5770034790039,108.57099914550781,108.57099914550781,0.0
2025-01-08 06:20:00+00:00,108.58699798583984,108.58699798583984,108.5770034790039,108.5770034790039,0.0
2025-01-08 06:21:00+00:00,108.57599639892578,108.58699798583984,108.57499694824219,108.58699798583984,0.0
2025-01-08 06:22:00+00:00,108.58100128173828,108.58200073242188,108.57599639892578,108.57599639892578,0.0
2025-01-08 06:23:00+00:00,108.5770034790039,108.58200073242188,108.5770034790039,108.58100128173828,0.0
2025-01-08 06:24:00+00:00,108.58200073242188,108.58200073242188,108.5770034790039,108.5770034790039,0.0
2025-01-08 06:25:00+00:00,108.5790023803711,108.58300018310547,108.5780029296875,108.58200073242188,0.0
2025-01-08 06:26:00+00:00,108.58399963378906,108.58399963378906,108.5780029296875,108.5790023803711,0.0
2025-01-08 06:27:00+00:00,108.58200073242188,108.58399963378906,108.58200073242188,108.58399963378906,0.0
2025-01-08 06:28:00+00:00,108.58300018310547,108.58599853515625,108.5780029296875,108.58200073242188,0.0
2025-01-08 06:29:00+00:00,108.58200073242188,108.58799743652344,108.58200073242188,108.58300018310547,0.0
2025-01-08 06:30:00+00:00,108.58599853515625,108.58599853515625,108.58000183105469,108.58100128173828,0.0
2025-01-08 06:31:00+00:00,108.58499908447266,108.58599853515625,108.58499908447266,108.58599853515625,0.0
2025-01-08 06:32:00+00:00,108.58200073242188,108.58499908447266,108.58200073242188,108.58499908447266,0.0
2025-01-08 06:33:00+00:00,108.5790023803711,108.58000183105469,108.5790023803711,108.58000183105469,0.0
2025-01-08 06:34:00+00:00,108.58699798583984,108.58799743652344,108.5790023803711,108.5790023803711,0.0
2025-01-08 06:35:00+00:00,108.58499908447266,108.59200286865234,108.58499908447266,108.58799743652344,0.0
2025-01-08 06:36:00+00:00,108.58799743652344,108.58799743652344,108.58300018310547,108.58399963378906,0.0
2025-01-08 06:37:00+00:00,108.58599853515625,108.58799743652344,108.58499908447266,108.58699798583984,0.0
2025-01-08 06:38:00+00:00,108.5770034790039,108.58599853515625,108.5770034790039,108.58599853515625,0.0
2025-01-08 06:39:00+00:00,108.56700134277344,108.5770034790039,108.56700134277344,108.5770034790039,0.0
2025-01-08 06:40:00+00:00,108.56999969482422,108.57099914550781,108.56500244140625,108.56600189208984,0.0
2025-01-08 06:41:00+00:00,108.56099700927734,108.56999969482422,108.56099700927734,108.56999969482422,0.0
2025-01-08 06:42:00+00:00,108.56600189208984,108.56700134277344,108.55999755859375,108.56099700927734,0.0
2025-01-08 06:43:00+00:00,108.56600189208984,108.56800079345703,108.56500244140625,108.56600189208984,0.0
2025-01-08 06:44:00+00:00,108.56999969482422,108.5719985961914,108.56600189208984,108.56600189208984,0.0
2025-01-08 06:45:00+00:00,108.55799865722656,108.56800079345703,108.55799865722656,108.56800079345703,0.0
2025-01-08 06:46:00+00:00,108.56099700927734,108.56300354003906,108.55899810791016,108.55899810791016,0.0
2025-01-08 06:47:00+00:00,108.56600189208984,108.56600189208984,108.56099700927734,108.56099700927734,0.0
2025-01-08 06:48:00+00:00,108.5719985961914,108.572998046875,108.56700134277344,108.56700134277344,0.0
2025-01-08 06:49:00+00:00,108.5770034790039,108.5780029296875,108.572998046875,108.572998046875,0.0
2025-01-08 06:50:00+00:00,108.5790023803711,108.58000183105469,108.5770034790039,108.5780029296875,0.0
2025-01-08 06:51:00+00:00,108.58399963378906,108.58399963378906,108.57599639892578,108.5790023803711,0.0
2025-01-08 06:52:00+00:00,108.56900024414062,108.58399963378906,108.56700134277344,108.58399963378906,0.0
2025-01-08 06:53:00+00:00,108.56800079345703,108.56999969482422,108.56700134277344,108.56999969482422,0.0
2025-01-08 06:54:00+00:00,108.572998046875,108.5739974975586,108.56800079345703,108.56800079345703,0.0
2025-01-08 06:55:00+00:00,108.60600280761719,108.60700225830078,108.5739974975586,108.5739974975586,0.0
2025-01-08 06:56:00+00:00,108.63099670410156,108.63899993896484,108.6050033569336,108.60600280761719,0.0
2025-01-08 06:57:00+00:00,108.60900115966797,108.63099670410156,108.60800170898438,108.63099670410156,0.0
2025-01-08 06:58:00+00:00,108.60800170898438,108.61100006103516,108.60600280761719,108.60800170898438,0.0
2025-01-08 06:59:00+00:00,108.5979995727539,108.61000061035156,108.59600067138672,108.60800170898438,0.0
2025-01-08 07:00:00+00:00,108.62000274658203,108.62000274658203,108.5989990234375,108.5989990234375,0.0
2025-01-08 07:01:00+00:00,108.6500015258789,108.6520004272461,108.62000274658203,108.62000274658203,0.0
2025-01-08 07:02:00+00:00,108.64700317382812,108.64800262451172,108.64099884033203,108.64700317382812,0.0
2025-01-08 07:03:00+00:00,108.65899658203125,108.66200256347656,108.64600372314453,108.64700317382812,0.0
2025-01-08 07:04:00+00:00,108.65699768066406,108.66500091552734,108.65499877929688,108.66000366210938,0.0
2025-01-08 07:05:00+00:00,108.64099884033203,108.65799713134766,108.63999938964844,108.65799713134766,0.0
2025-01-08 07:06:00+00:00,108.64700317382812,108.64900207519531,108.63999938964844,108.64099884033203,0.0
2025-01-08 07:07:00+00:00,108.63600158691406,108.6500015258789,108.63600158691406,108.64700317382812,0.0
2025-01-08 07:08:00+00:00,108.66000366210938,108.66000366210938,108.63800048828125,108.63800048828125,0.0
2025-01-08 07:09:00+00:00,108.66200256347656,108.66899871826172,108.66000366210938,108.66000366210938,0.0
2025-01-08 07:10:00+00:00,108.66600036621094,108.66600036621094,108.65899658203125,108.66200256347656,0.0
2025-01-08 07:11:00+00:00,108.66999816894531,108.6709976196289,108.66100311279297,108.66600036621094,0.0
2025-01-08 07:12:00+00:00,108.66300201416016,108.6719970703125,108.66000366210938,108.6719970703125,0.0
2025-01-08 07:13:00+00:00,108.66600036621094,108.6709976196289,108.66200256347656,108.66300201416016,0.0
2025-01-08 07:14:00+00:00,108.64199829101562,108.66600036621094,108.64199829101562,108.66600036621094,0.0
2025-01-08 07:15:00+00:00,108.63600158691406,108.64800262451172,108.63600158691406,108.64099884033203,0.0
2025-01-08 07:16:00+00:00,108.64199829101562,108.64199829101562,108.63500213623047,108.63600158691406,0.0
2025-01-08 07:17:00+00:00,108.63700103759766,108.64299774169922,108.63500213623047,108.64299774169922,0.0
2025-01-08 07:18:00+00:00,108.64600372314453,108.64700317382812,108.63700103759766,108.63800048828125,0.0
2025-01-08 07:19:00+00:00,108.65899658203125,108.65899658203125,108.63999938964844,108.64600372314453,0.0
2025-01-08 07:20:00+00:00,108.64700317382812,108.66200256347656,108.64399719238281,108.66000366210938,0.0
2025-01-08 07:21:00+00:00,108.63500213623047,108.64800262451172,108.63500213623047,108.64700317382812,0.0
2025-01-08 07:22:00+00:00,108.63400268554688,108.64099884033203,108.63300323486328,108.63500213623047,0.0
2025-01-08 07:23:00+00:00,108.6449966430664,108.64700317382812,108.63400268554688,108.63400268554688,0.0
2025-01-08 07:24:00+00:00,108.63899993896484,108.64900207519531,108.63800048828125,108.64600372314453,0.0
2025-01-08 07:25:00+00:00,108.64600372314453,108.64800262451172,108.63800048828125,108.63800048828125,0.0
2025-01-08 07:26:00+00:00,108.65699768066406,108.66000366210938,108.6449966430664,108.64600372314453,0.0
2025-01-08 07:27:00+00:00,108.65799713134766,108.66100311279297,108.6520004272461,108.65699768066406,0.0
2025-01-08 07:28:00+00:00,108.66100311279297,108.66100311279297,108.65499877929688,108.65799713134766,0.0
2025-01-08 07:29:00+00:00,108.65299987792969,108.65899658203125,108.65299987792969,108.65899658203125,0.0
2025-01-08 07:30:00+00:00,108.6709976196289,108.6729965209961,108.65299987792969,108.65299987792969,0.0
2025-01-08 07:31:00+00:00,108.68599700927734,108.68599700927734,108.66600036621094,108.6709976196289,0.0
2025-01-08 07:32:00+00:00,108.69200134277344,108.69200134277344,108.6780014038086,108.68599700927734,0.0
2025-01-08 07:33:00+00:00,108.69400024414062,108.6989974975586,108.68900299072266,108.69200134277344,0.0
2025-01-08 07:34:00+00:00,108.68399810791016,108.69400024414062,108.68399810791016,108.69400024414062,0.0
2025-01-08 07:35:00+00:00,108.69499969482422,108.6969985961914,108.68299865722656,108.68299865722656,0.0
2025-01-08 07:36:00+00:00,108.6989974975586,108.7030029296875,108.69499969482422,108.69499969482422,0.0
2025-01-08 07:37:00+00:00,108.68800354003906,108.7030029296875,108.68800354003906,108.69999694824219,0.0
2025-01-08 07:38:00+00:00,108.68699645996094,108.69100189208984,108.68599700927734,108.68900299072266,0.0
2025-01-08 07:39:00+00:00,108.67900085449219,108.68599700927734,108.6760025024414,108.68599700927734,0.0
2025-01-08 07:40:00+00:00,108.68800354003906,108.69100189208984,108.6760025024414,108.67900085449219,0.0
2025-01-08 07:41:00+00:00,108.70800018310547,108.70800018310547,108.68900299072266,108.68900299072266,0.0
2025-01-08 07:42:00+00:00,108.71399688720703,108.71399688720703,108.70600128173828,108.70800018310547,0.0
2025-01-08 07:43:00+00:00,108.74400329589844,108.74400329589844,108.71399688720703,108.71399688720703,0.0
2025-01-08 07:44:00+00:00,108.74199676513672,108.7509994506836,108.73999786376953,108.74400329589844,0.0
2025-01-08 07:45:00+00:00,108.75499725341797,108.75499725341797,108.73999786376953,108.74099731445312,0.0
2025-01-08 07:46:00+00:00,108.74099731445312,108.75499725341797,108.73600006103516,108.75399780273438,0.0
2025-01-08 07:47:00+00:00,108.73999786376953,108.74500274658203,108.73899841308594,108.74199676513672,0.0
2025-01-08 07:48:00+00:00,108.76499938964844,108.76499938964844,108.74199676513672,108.74199676513672,0.0
2025-01-08 07:49:00+00:00,108.76399993896484,108.7699966430664,108.76399993896484,108.76399993896484,0.0
2025-01-08 07:50:00+00:00,108.76699829101562,108.76699829101562,108.75,108.76399993896484,0.0
2025-01-08 07:51:00+00:00,108.76300048828125,108.7760009765625,108.76200103759766,108.76699829101562,0.0
2025-01-08 07:52:00+00:00,108.74800109863281,108.76399993896484,108.74700164794922,108.76300048828125,0.0
2025-01-08 07:53:00+00:00,108.74199676513672,108.74800109863281,108.73899841308594,108.74600219726562,0.0
2025-01-08 07:54:00+00:00,108.74299621582031,108.74600219726562,108.73899841308594,108.74099731445312,0.0
2025-01-08 07:55:00+00:00,108.76499938964844,108.76799774169922,108.74500274658203,108.74500274658203,0.0
2025-01-08 07:56:00+00:00,108.77200317382812,108.77300262451172,108.76499938964844,108.76499938964844,0.0
2025-01-08 07:57:00+00:00,108.7760009765625,108.7760009765625,108.76300048828125,108.77100372314453,0.0
2025-01-08 07:58:00+00:00,108.78700256347656,108.79499816894531,108.77300262451172,108.7750015258789,0.0
2025-01-08 07:59:00+00:00,108.7770004272461,108.79199981689453,108.7770004272461,108.78800201416016,0.0
2025-01-08 08:00:00+00:00,108.75299835205078,108.7770004272461,108.74400329589844,108.7770004272461,0.0
2025-01-08 08:01:00+00:00,108.75199890136719,108.75399780273438,108.74099731445312,108.75299835205078,0.0
2025-01-08 08:02:00+00:00,108.77999877929688,108.78099822998047,108.75199890136719,108.75199890136719,0.0
2025-01-08 08:03:00+00:00,108.8010025024414,108.8030014038086,108.77799987792969,108.77999877929688,0.0
2025-01-08 08:04:00+00:00,108.80599975585938,108.80699920654297,108.79399871826172,108.79900360107422,0.0
2025-01-08 08:05:00+00:00,108.81099700927734,108.81099700927734,108.7969970703125,108.80599975585938,0.0
2025-01-08 08:06:00+00:00,108.83799743652344,108.83899688720703,108.80999755859375,108.81099700927734,0.0
2025-01-08 08:07:00+00:00,108.83699798583984,108.83999633789062,108.83100128173828,108.83899688720703,0.0
2025-01-08 08:08:00+00:00,108.8499984741211,108.85199737548828,108.83799743652344,108.83799743652344,0.0
2025-01-08 08:09:00+00:00,108.86699676513672,108.86699676513672,108.84600067138672,108.8499984741211,0.0
2025-01-08 08:10:00+00:00,108.85299682617188,108.86900329589844,108.85099792480469,108.86799621582031,0.0
2025-01-08 08:11:00+00:00,108.84400177001953,108.85399627685547,108.83799743652344,108.85399627685547,0.0
2025-01-08 08:12:00+00:00,108.81600189208984,108.84500122070312,108.81600189208984,108.84500122070312,0.0
2025-01-08 08:13:00+00:00,108.81099700927734,108.81800079345703,108.80799865722656,108.81700134277344,0.0
2025-01-08 08:14:00+00:00,108.802001953125,108.81199645996094,108.8010025024414,108.81199645996094,0.0
2025-01-08 08:15:00+00:00,108.78399658203125,108.80500030517578,108.78399658203125,108.8010025024414,0.0
2025-01-08 08:16:00+00:00,108.76799774169922,108.78399658203125,108.76399993896484,108.78399658203125,0.0
2025-01-08 08:17:00+00:00,108.75800323486328,108.77100372314453,108.75800323486328,108.76699829101562,0.0
2025-01-08 08:18:00+00:00,108.74199676513672,108.76000213623047,108.73999786376953,108.75900268554688,0.0
2025-01-08 08:19:00+00:00,108.73200225830078,108.74299621582031,108.72799682617188,108.74299621582031,0.0
2025-01-08 08:20:00+00:00,108.74700164794922,108.74800109863281,108.73300170898438,108.73300170898438,0.0
2025-01-08 08:21:00+00:00,108.74299621582031,108.74800109863281,108.74199676513672,108.74800109863281,0.0
2025-01-08 08:22:00+00:00,108.76300048828125,108.76399993896484,108.73999786376953,108.74299621582031,0.0
2025-01-08 08:23:00+00:00,108.78299713134766,108.78500366210938,108.76100158691406,108.76300048828125,0.0
2025-01-08 08:24:00+00:00,108.78399658203125,108.78399658203125,108.77100372314453,108.78299713134766,0.0
2025-01-08 08:25:00+00:00,108.79399871826172,108.8010025024414,108.78399658203125,108.78399658203125,0.0
2025-01-08 08:26:00+00:00,108.81300354003906,108.81300354003906,108.79199981689453,108.79199981689453,0.0
2025-01-08 08:27:00+00:00,108.82599639892578,108.82599639892578,108.81400299072266,108.81400299072266,0.0
2025-01-08 08:28:00+00:00,108.83899688720703,108.84200286865234,108.8270034790039,108.8270034790039,0.0
2025-01-08 08:29:00+00:00,108.84400177001953,108.84500122070312,108.83499908447266,108.83899688720703,0.0
2025-01-08 08:30:00+00:00,108.83699798583984,108.85800170898438,108.83699798583984,108.84300231933594,0.0
2025-01-08 08:31:00+00:00,108.81900024414062,108.83699798583984,108.81800079345703,108.83699798583984,0.0
2025-01-08 08:32:00+00:00,108.83000183105469,108.83000183105469,108.81300354003906,108.81800079345703,0.0
2025-01-08 08:33:00+00:00,108.83799743652344,108.83899688720703,108.83000183105469,108.83000183105469,0.0
2025-01-08 08:34:00+00:00,108.8499984741211,108.8499984741211,108.83200073242188,108.83899688720703,0.0
2025-01-08 08:35:00+00:00,108.84400177001953,108.85299682617188,108.84400177001953,108.85099792480469,0.0
2025-01-08 08:36:00+00:00,108.81700134277344,108.84300231933594,108.81700134277344,108.84300231933594,0.0
2025-01-08 08:37:00+00:00,108.8270034790039,108.8270034790039,108.81199645996094,108.81500244140625,0.0
2025-01-08 08:38:00+00:00,108.84500122070312,108.84500122070312,108.8270034790039,108.8290023803711,0.0
2025-01-08 08:39:00+00:00,108.83499908447266,108.84600067138672,108.83100128173828,108.84500122070312,0.0
2025-01-08 08:40:00+00:00,108.83300018310547,108.84100341796875,108.83200073242188,108.83699798583984,0.0
2025-01-08 08:41:00+00:00,108.81500244140625,108.83300018310547,108.81400299072266,108.83300018310547,0.0
2025-01-08 08:42:00+00:00,108.79000091552734,108.81700134277344,108.79000091552734,108.81600189208984,0.0
2025-01-08 08:43:00+00:00,108.8010025024414,108.8010025024414,108.78299713134766,108.78700256347656,0.0
2025-01-08 08:44:00+00:00,108.81199645996094,108.81199645996094,108.8010025024414,108.8010025024414,0.0
2025-01-08 08:45:00+00:00,108.8270034790039,108.83499908447266,108.81400299072266,108.81400299072266,0.0
2025-01-08 08:46:00+00:00,108.83699798583984,108.83699798583984,108.82499694824219,108.82499694824219,0.0
2025-01-08 08:47:00+00:00,108.84300231933594,108.84300231933594,108.83100128173828,108.83699798583984,0.0
2025-01-08 08:48:00+00:00,108.87000274658203,108.87000274658203,108.84300231933594,108.84300231933594,0.0
2025-01-08 08:49:00+00:00,108.88500213623047,108.88600158691406,108.86799621582031,108.87000274658203,0.0
2025-01-08 08:50:00+00:00,108.86799621582031,108.88600158691406,108.86599731445312,108.88500213623047,0.0
2025-01-08 08:51:00+00:00,108.88999938964844,108.89800262451172,108.86799621582031,108.86799621582031,0.0
2025-01-08 08:52:00+00:00,108.9010009765625,108.9010009765625,108.88899993896484,108.88999938964844,0.0
2025-01-08 08:53:00+00:00,108.89099884033203,108.90399932861328,108.88999938964844,108.9010009765625,0.0
2025-01-08 08:54:00+00:00,108.86799621582031,108.89199829101562,108.86799621582031,108.89099884033203,0.0
2025-01-08 08:55:00+00:00,108.85800170898438,108.87000274658203,108.8550033569336,108.86900329589844,0.0
2025-01-08 08:56:00+00:00,108.87999725341797,108.88300323486328,108.86100006103516,108.86100006103516,0.0
2025-01-08 08:57:00+00:00,108.87999725341797,108.88099670410156,108.87300109863281,108.87999725341797,0.0
2025-01-08 08:58:00+00:00,108.91000366210938,108.91400146484375,108.88099670410156,108.88099670410156,0.0
2025-01-08 08:59:00+00:00,108.91200256347656,108.91200256347656,108.90799713134766,108.91100311279297,0.0
2025-01-08 09:00:00+00:00,108.9010009765625,108.91400146484375,108.89199829101562,108.91200256347656,0.0
2025-01-08 09:01:00+00:00,108.89800262451172,108.90599822998047,108.89099884033203,108.89900207519531,0.0
2025-01-08 09:02:00+00:00,108.9020004272461,108.90399932861328,108.89900207519531,108.89900207519531,0.0
2025-01-08 09:03:00+00:00,108.88099670410156,108.9010009765625,108.88099670410156,108.9010009765625,0.0
2025-01-08 09:04:00+00:00,108.87000274658203,108.88999938964844,108.87000274658203,108.88300323486328,0.0
2025-01-08 09:05:00+00:00,108.85900115966797,108.86900329589844,108.85600280761719,108.86900329589844,0.0
2025-01-08 09:06:00+00:00,108.83899688720703,108.85800170898438,108.83499908447266,108.85800170898438,0.0
2025-01-08 09:07:00+00:00,108.83000183105469,108.84300231933594,108.83000183105469,108.83899688720703,0.0
2025-01-08 09:08:00+00:00,108.83599853515625,108.84100341796875,108.83100128173828,108.83100128173828,0.0
2025-01-08 09:09:00+00:00,108.83499908447266,108.83899688720703,108.83100128173828,108.83499908447266,0.0
2025-01-08 09:10:00+00:00,108.84600067138672,108.85099792480469,108.83599853515625,108.83599853515625,0.0
2025-01-08 09:11:00+00:00,108.83999633789062,108.85299682617188,108.83899688720703,108.84600067138672,0.0
2025-01-08 09:12:00+00:00,108.83200073242188,108.84400177001953,108.83200073242188,108.84100341796875,0.0
2025-01-08 09:13:00+00:00,108.8270034790039,108.83399963378906,108.8270034790039,108.83200073242188,0.0
2025-01-08 09:14:00+00:00,108.84200286865234,108.84200286865234,108.8280029296875,108.8280029296875,0.0
2025-01-08 09:15:00+00:00,108.8499984741211,108.85800170898438,108.83999633789062,108.84300231933594,0.0
2025-01-08 09:16:00+00:00,108.85700225830078,108.86000061035156,108.8479995727539,108.8489990234375,0.0
2025-01-08 09:17:00+00:00,108.85900115966797,108.86399841308594,108.85700225830078,108.85700225830078,0.0
2025-01-08 09:19:00+00:00,108.8489990234375,108.8489990234375,108.83699798583984,108.84700012207031,0.0
2025-01-08 09:20:00+00:00,108.86100006103516,108.86100006103516,108.8489990234375,108.8499984741211,0.0
2025-01-08 09:21:00+00:00,108.87999725341797,108.88500213623047,108.86399841308594,108.86399841308594,0.0
2025-01-08 09:22:00+00:00,108.85800170898438,108.87999725341797,108.85800170898438,108.87999725341797,0.0
2025-01-08 09:23:00+00:00,108.86599731445312,108.86699676513672,108.85700225830078,108.85800170898438,0.0
2025-01-08 09:24:00+00:00,108.89600372314453,108.89700317382812,108.86599731445312,108.86599731445312,0.0
2025-01-08 09:25:00+00:00,108.9020004272461,108.91699981689453,108.8949966430664,108.8949966430664,0.0
2025-01-08 09:26:00+00:00,108.9000015258789,108.90299987792969,108.8949966430664,108.9010009765625,0.0
2025-01-08 09:27:00+00:00,108.89099884033203,108.9010009765625,108.89099884033203,108.9010009765625,0.0
2025-01-08 09:28:00+00:00,108.89299774169922,108.89800262451172,108.88800048828125,108.89099884033203,0.0
2025-01-08 09:29:00+00:00,108.88200378417969,108.89199829101562,108.88200378417969,108.89199829101562,0.0
2025-01-08 09:30:00+00:00,108.86699676513672,108.88200378417969,108.86599731445312,108.88200378417969,0.0
2025-01-08 09:31:00+00:00,108.8740005493164,108.88099670410156,108.86399841308594,108.86699676513672,0.0
2025-01-08 09:32:00+00:00,108.86499786376953,108.87699890136719,108.86399841308594,108.8740005493164,0.0
2025-01-08 09:33:00+00:00,108.86299896240234,108.86499786376953,108.85800170898438,108.86499786376953,0.0
2025-01-08 09:34:00+00:00,108.85600280761719,108.86299896240234,108.85600280761719,108.86299896240234,0.0
2025-01-08 09:35:00+00:00,108.88200378417969,108.88800048828125,108.85700225830078,108.85700225830078,0.0
2025-01-08 09:36:00+00:00,108.87799835205078,108.88400268554688,108.87699890136719,108.88099670410156,0.0
2025-01-08 09:37:00+00:00,108.86100006103516,108.87799835205078,108.86100006103516,108.87699890136719,0.0
2025-01-08 09:38:00+00:00,108.8550033569336,108.86100006103516,108.85399627685547,108.86100006103516,0.0
2025-01-08 09:39:00+00:00,108.8489990234375,108.85399627685547,108.8489990234375,108.85399627685547,0.0
2025-01-08 09:40:00+00:00,108.85900115966797,108.86399841308594,108.8489990234375,108.8489990234375,0.0
2025-01-08 09:41:00+00:00,108.84500122070312,108.85900115966797,108.84500122070312,108.85900115966797,0.0
2025-01-08 09:42:00+00:00,108.85600280761719,108.85800170898438,108.84400177001953,108.84500122070312,0.0
2025-01-08 09:43:00+00:00,108.85900115966797,108.86100006103516,108.85600280761719,108.85600280761719,0.0
2025-01-08 09:44:00+00:00,108.86499786376953,108.86900329589844,108.85700225830078,108.85900115966797,0.0
2025-01-08 09:45:00+00:00,108.86799621582031,108.8740005493164,108.86399841308594,108.86399841308594,0.0
2025-01-08 09:46:00+00:00,108.87799835205078,108.87799835205078,108.86799621582031,108.86799621582031,0.0
2025-01-08 09:47:00+00:00,108.87300109863281,108.88099670410156,108.87000274658203,108.87899780273438,0.0
2025-01-08 09:48:00+00:00,108.88300323486328,108.88300323486328,108.875,108.875,0.0
2025-01-08 09:49:00+00:00,108.90299987792969,108.90399932861328,108.88200378417969,108.88200378417969,0.0
2025-01-08 09:50:00+00:00,108.90299987792969,108.90499877929688,108.89800262451172,108.9020004272461,0.0
2025-01-08 09:51:00+00:00,108.8949966430664,108.90699768066406,108.8949966430664,108.90299987792969,0.0
2025-01-08 09:52:00+00:00,108.87899780273438,108.89399719238281,108.87899780273438,108.89399719238281,0.0
2025-01-08 09:53:00+00:00,108.87000274658203,108.87999725341797,108.86499786376953,108.87999725341797,0.0
2025-01-08 09:54:00+00:00,108.88700103759766,108.88700103759766,108.87000274658203,108.87000274658203,0.0
2025-01-08 09:55:00+00:00,108.9000015258789,108.9010009765625,108.88500213623047,108.88500213623047,0.0
2025-01-08 09:56:00+00:00,108.89299774169922,108.9010009765625,108.89099884033203,108.9010009765625,0.0
2025-01-08 09:57:00+00:00,108.9000015258789,108.9000015258789,108.88500213623047,108.89299774169922,0.0
2025-01-08 09:58:00+00:00,108.88700103759766,108.9010009765625,108.88600158691406,108.9000015258789,0.0
2025-01-08 09:59:00+00:00,108.88300323486328,108.88700103759766,108.88300323486328,108.88600158691406,0.0
2025-01-08 10:00:00+00:00,108.88999938964844,108.89199829101562,108.87699890136719,108.88300323486328,0.0
2025-01-08 10:01:00+00:00,108.88400268554688,108.89099884033203,108.88300323486328,108.89099884033203,0.0
2025-01-08 10:02:00+00:00,108.88899993896484,108.88899993896484,108.875,108.88400268554688,0.0
2025-01-08 10:03:00+00:00,108.87899780273438,108.88800048828125,108.87699890136719,108.88800048828125,0.0
2025-01-08 10:04:00+00:00,108.91000366210938,108.91000366210938,108.88200378417969,108.88200378417969,0.0
2025-01-08 10:05:00+00:00,108.90299987792969,108.92400360107422,108.9000015258789,108.90899658203125,0.0
2025-01-08 10:06:00+00:00,108.91600036621094,108.91699981689453,108.9010009765625,108.90299987792969,0.0
2025-01-08 10:07:00+00:00,108.927001953125,108.927001953125,108.91300201416016,108.91600036621094,0.0
2025-01-08 10:08:00+00:00,108.93499755859375,108.93599700927734,108.92900085449219,108.92900085449219,0.0
2025-01-08 10:09:00+00:00,108.93499755859375,108.94200134277344,108.93399810791016,108.93499755859375,0.0
2025-01-08 10:10:00+00:00,108.93199920654297,108.93599700927734,108.9260025024414,108.93499755859375,0.0
2025-01-08 10:11:00+00:00,108.95500183105469,108.95500183105469,108.93299865722656,108.93299865722656,0.0
2025-01-08 10:12:00+00:00,108.95600128173828,108.95899963378906,108.9540023803711,108.95500183105469,0.0
2025-01-08 10:13:00+00:00,108.94499969482422,108.96399688720703,108.94499969482422,108.95500183105469,0.0
2025-01-08 10:14:00+00:00,108.93199920654297,108.94499969482422,108.93199920654297,108.94499969482422,0.0
2025-01-08 10:15:00+00:00,108.91999816894531,108.93199920654297,108.91899871826172,108.93199920654297,0.0
2025-01-08 10:16:00+00:00,108.91600036621094,108.9219970703125,108.91500091552734,108.9209976196289,0.0
2025-01-08 10:17:00+00:00,108.91200256347656,108.91600036621094,108.90799713134766,108.91600036621094,0.0
2025-01-08 10:18:00+00:00,108.93099975585938,108.93199920654297,108.91200256347656,108.91200256347656,0.0
2025-01-08 10:19:00+00:00,108.93499755859375,108.94100189208984,108.93199920654297,108.93199920654297,0.0
2025-01-08 10:20:00+00:00,108.93499755859375,108.93699645996094,108.93099975585938,108.93599700927734,0.0
2025-01-08 10:21:00+00:00,108.93000030517578,108.93599700927734,108.9260025024414,108.93399810791016,0.0
2025-01-08 10:22:00+00:00,108.93199920654297,108.93800354003906,108.927001953125,108.93000030517578,0.0
2025-01-08 10:23:00+00:00,108.93299865722656,108.93399810791016,108.92900085449219,108.93199920654297,0.0
2025-01-08 10:24:00+00:00,108.93699645996094,108.94000244140625,108.93199920654297,108.93199920654297,0.0
2025-01-08 10:25:00+00:00,108.92500305175781,108.93800354003906,108.92500305175781,108.93699645996094,0.0
2025-01-08 10:26:00+00:00,108.90899658203125,108.92400360107422,108.90799713134766,108.92400360107422,0.0
2025-01-08 10:27:00+00:00,108.90399932861328,108.90899658203125,108.90299987792969,108.90899658203125,0.0
2025-01-08 10:28:00+00:00,108.91699981689453,108.91699981689453,108.9020004272461,108.90399932861328,0.0
2025-01-08 10:29:00+00:00,108.9229965209961,108.9260025024414,108.91799926757812,108.91799926757812,0.0
2025-01-08 10:30:00+00:00,108.9229965209961,108.93499755859375,108.9219970703125,108.92400360107422,0.0
2025-01-08 10:31:00+00:00,108.9520034790039,108.9530029296875,108.9219970703125,108.9219970703125,0.0
2025-01-08 10:32:00+00:00,108.94599914550781,108.9530029296875,108.93699645996094,108.9530029296875,0.0
2025-01-08 10:33:00+00:00,108.95500183105469,108.95700073242188,108.94599914550781,108.94599914550781,0.0
2025-01-08 10:34:00+00:00,108.93699645996094,108.95700073242188,108.93599700927734,108.95600128173828,0.0
2025-01-08 10:35:00+00:00,108.93900299072266,108.94000244140625,108.93299865722656,108.93499755859375,0.0
2025-01-08 10:36:00+00:00,108.93800354003906,108.94100189208984,108.93699645996094,108.93900299072266,0.0
2025-01-08 10:37:00+00:00,108.93900299072266,108.94000244140625,108.93499755859375,108.93900299072266,0.0
2025-01-08 10:38:00+00:00,108.92900085449219,108.94000244140625,108.9280014038086,108.94000244140625,0.0
2025-01-08 10:39:00+00:00,108.93900299072266,108.93900299072266,108.9280014038086,108.92900085449219,0.0
2025-01-08 10:40:00+00:00,108.94300079345703,108.94400024414062,108.93199920654297,108.93800354003906,0.0
2025-01-08 10:41:00+00:00,108.94300079345703,108.9489974975586,108.93599700927734,108.94300079345703,0.0
2025-01-08 10:42:00+00:00,108.95500183105469,108.95600128173828,108.94300079345703,108.94300079345703,0.0
2025-01-08 10:43:00+00:00,108.96099853515625,108.96399688720703,108.9540023803711,108.95600128173828,0.0
2025-01-08 10:44:00+00:00,108.9469985961914,108.96199798583984,108.94599914550781,108.96099853515625,0.0
2025-01-08 10:45:00+00:00,108.95800018310547,108.95800018310547,108.94599914550781,108.94599914550781,0.0
2025-01-08 10:46:00+00:00,108.94400024414062,108.96199798583984,108.94400024414062,108.95800018310547,0.0
2025-01-08 10:47:00+00:00,108.94400024414062,108.94599914550781,108.94400024414062,108.94400024414062,0.0
2025-01-08 10:48:00+00:00,108.94300079345703,108.9469985961914,108.94000244140625,108.94300079345703,0.0
2025-01-08 10:49:00+00:00,108.94999694824219,108.95899963378906,108.94300079345703,108.94300079345703,0.0
2025-01-08 10:50:00+00:00,108.93900299072266,108.95099639892578,108.93800354003906,108.95099639892578,0.0
2025-01-08 10:51:00+00:00,108.94599914550781,108.947998046875,108.93699645996094,108.94000244140625,0.0
2025-01-08 10:52:00+00:00,108.93900299072266,108.94999694824219,108.93900299072266,108.94599914550781,0.0
2025-01-08 10:53:00+00:00,108.92400360107422,108.93699645996094,108.9209976196289,108.93699645996094,0.0
2025-01-08 10:54:00+00:00,108.9229965209961,108.927001953125,108.9209976196289,108.9229965209961,0.0
2025-01-08 10:55:00+00:00,108.9219970703125,108.9219970703125,108.91600036621094,108.9219970703125,0.0
2025-01-08 10:56:00+00:00,108.9020004272461,108.9209976196289,108.9010009765625,108.9209976196289,0.0
2025-01-08 10:57:00+00:00,108.91000366210938,108.91000366210938,108.9010009765625,108.9010009765625,0.0
2025-01-08 10:58:00+00:00,108.90699768066406,108.91100311279297,108.90599822998047,108.90899658203125,0.0
2025-01-08 10:59:00+00:00,108.90799713134766,108.91100311279297,108.90699768066406,108.90699768066406,0.0
2025-01-08 11:00:00+00:00,108.91200256347656,108.91200256347656,108.90499877929688,108.90899658203125,0.0
2025-01-08 11:01:00+00:00,108.91200256347656,108.91899871826172,108.91200256347656,108.91300201416016,0.0
2025-01-08 11:02:00+00:00,108.91999816894531,108.91999816894531,108.90799713134766,108.91200256347656,0.0
2025-01-08 11:03:00+00:00,108.9260025024414,108.92900085449219,108.91699981689453,108.91899871826172,0.0
2025-01-08 11:04:00+00:00,108.91899871826172,108.927001953125,108.91799926757812,108.92500305175781,0.0
2025-01-08 11:05:00+00:00,108.92500305175781,108.92500305175781,108.91799926757812,108.91799926757812,0.0
2025-01-08 11:06:00+00:00,108.93699645996094,108.93699645996094,108.92500305175781,108.92500305175781,0.0
2025-01-08 11:07:00+00:00,108.9229965209961,108.93800354003906,108.9229965209961,108.93699645996094,0.0
2025-01-08 11:08:00+00:00,108.93900299072266,108.94200134277344,108.92400360107422,108.92400360107422,0.0
2025-01-08 11:09:00+00:00,108.94599914550781,108.9469985961914,108.93800354003906,108.93800354003906,0.0
2025-01-08 11:10:00+00:00,108.94000244140625,108.9469985961914,108.94000244140625,108.94599914550781,0.0
2025-01-08 11:11:00+00:00,108.97599792480469,108.97599792480469,108.93800354003906,108.94000244140625,0.0
2025-01-08 11:12:00+00:00,108.96800231933594,108.97699737548828,108.95800018310547,108.97699737548828,0.0
2025-01-08 11:13:00+00:00,108.98500061035156,108.99500274658203,108.96900177001953,108.96900177001953,0.0
2025-01-08 11:14:00+00:00,109.00399780273438,109.00399780273438,108.98600006103516,108.98600006103516,0.0
2025-01-08 11:15:00+00:00,109.00800323486328,109.01499938964844,109.00399780273438,109.00399780273438,0.0
2025-01-08 11:16:00+00:00,109.00800323486328,109.01100158691406,109.00499725341797,109.00800323486328,0.0
2025-01-08 11:17:00+00:00,109.0009994506836,109.01200103759766,109.0009994506836,109.00599670410156,0.0
2025-01-08 11:18:00+00:00,109.0,109.00399780273438,108.9990005493164,109.0,0.0
2025-01-08 11:19:00+00:00,109.03500366210938,109.03500366210938,109.0,109.0,0.0
2025-01-08 11:20:00+00:00,109.04299926757812,109.04399871826172,109.02799987792969,109.03700256347656,0.0
2025-01-08 11:21:00+00:00,109.06500244140625,109.06900024414062,109.04299926757812,109.04299926757812,0.0
2025-01-08 11:22:00+00:00,109.0479965209961,109.06500244140625,109.0459976196289,109.06500244140625,0.0
2025-01-08 11:23:00+00:00,109.05000305175781,109.05500030517578,109.0469970703125,109.04900360107422,0.0
2025-01-08 11:24:00+00:00,109.0530014038086,109.0530014038086,109.04199981689453,109.0510025024414,0.0
2025-01-08 11:25:00+00:00,109.0770034790039,109.08300018310547,109.0530014038086,109.0530014038086,0.0
2025-01-08 11:26:00+00:00,109.10700225830078,109.10700225830078,109.07599639892578,109.0780029296875,0.0
2025-01-08 11:27:00+00:00,109.08899688720703,109.11499786376953,109.08799743652344,109.10700225830078,0.0
2025-01-08 11:28:00+00:00,109.11799621582031,109.12300109863281,109.08999633789062,109.08999633789062,0.0
2025-01-08 11:29:00+00:00,109.125,109.12699890136719,109.11699676513672,109.11799621582031,0.0
2025-01-08 11:30:00+00:00,109.15499877929688,109.16699981689453,109.125,109.125,0.0
2025-01-08 11:31:00+00:00,109.2030029296875,109.2030029296875,109.13999938964844,109.15599822998047,0.0
2025-01-08 11:32:00+00:00,109.19400024414062,109.22599792480469,109.18800354003906,109.21299743652344,0.0
2025-01-08 11:33:00+00:00,109.28500366210938,109.2959976196289,109.19200134277344,109.19300079345703,0.0
2025-01-08 11:34:00+00:00,109.28600311279297,109.3010025024414,109.26499938964844,109.27899932861328,0.0
2025-01-08 11:35:00+00:00,109.29299926757812,109.3010025024414,109.27200317382812,109.28600311279297,0.0
2025-01-08 11:36:00+00:00,109.2979965209961,109.3030014038086,109.28199768066406,109.28900146484375,0.0
2025-01-08 11:37:00+00:00,109.2750015258789,109.30699920654297,109.2750015258789,109.2979965209961,0.0
2025-01-08 11:38:00+00:00,109.30400085449219,109.31099700927734,109.27400207519531,109.27400207519531,0.0
2025-01-08 11:39:00+00:00,109.3550033569336,109.35700225830078,109.30500030517578,109.30500030517578,0.0
2025-01-08 11:40:00+00:00,109.35900115966797,109.37799835205078,109.3479995727539,109.3550033569336,0.0
2025-01-08 11:41:00+00:00,109.36699676513672,109.37000274658203,109.35399627685547,109.3550033569336,0.0
2025-01-08 11:42:00+00:00,109.33899688720703,109.36699676513672,109.33899688720703,109.36699676513672,0.0
2025-01-08 11:43:00+00:00,109.30899810791016,109.33799743652344,109.30599975585938,109.33799743652344,0.0
2025-01-08 11:44:00+00:00,109.26699829101562,109.30899810791016,109.26699829101562,109.302001953125,0.0
2025-01-08 11:45:00+00:00,109.2040023803711,109.26899719238281,109.2040023803711,109.26699829101562,0.0
2025-01-08 11:46:00+00:00,109.23400115966797,109.23899841308594,109.2020034790039,109.2030029296875,0.0
2025-01-08 11:47:00+00:00,109.21600341796875,109.23600006103516,109.21099853515625,109.23600006103516,0.0
2025-01-08 11:48:00+00:00,109.18099975585938,109.21900177001953,109.18000030517578,109.21800231933594,0.0
2025-01-08 11:49:00+00:00,109.16799926757812,109.1780014038086,109.16200256347656,109.1780014038086,0.0
2025-01-08 11:50:00+00:00,109.15799713134766,109.16799926757812,109.15699768066406,109.16600036621094,0.0
2025-01-08 11:51:00+00:00,109.15499877929688,109.16899871826172,109.14800262451172,109.15799713134766,0.0
2025-01-08 11:52:00+00:00,109.1500015258789,109.15799713134766,109.14800262451172,109.15399932861328,0.0
2025-01-08 11:53:00+00:00,109.16500091552734,109.16500091552734,109.13600158691406,109.1510009765625,0.0
2025-01-08 11:54:00+00:00,109.18299865722656,109.19000244140625,109.16600036621094,109.16600036621094,0.0
2025-01-08 11:55:00+00:00,109.18000030517578,109.19599914550781,109.18000030517578,109.18299865722656,0.0
2025-01-08 11:56:00+00:00,109.1780014038086,109.19100189208984,109.1780014038086,109.17900085449219,0.0
2025-01-08 11:57:00+00:00,109.15899658203125,109.1780014038086,109.15799713134766,109.1780014038086,0.0
2025-01-08 11:58:00+00:00,109.16400146484375,109.16799926757812,109.15499877929688,109.15899658203125,0.0
2025-01-08 11:59:00+00:00,109.14800262451172,109.16799926757812,109.14700317382812,109.16500091552734,0.0
2025-01-08 12:00:00+00:00,109.13500213623047,109.15399932861328,109.13500213623047,109.14800262451172,0.0
2025-01-08 12:01:00+00:00,109.16500091552734,109.16600036621094,109.13400268554688,109.13500213623047,0.0
2025-01-08 12:02:00+00:00,109.15699768066406,109.16600036621094,109.14800262451172,109.16600036621094,0.0
2025-01-08 12:03:00+00:00,109.1760025024414,109.1760025024414,109.15499877929688,109.15499877929688,0.0
2025-01-08 12:04:00+00:00,109.19499969482422,109.1969985961914,109.177001953125,109.177001953125,0.0
2025-01-08 12:05:00+00:00,109.18499755859375,109.19599914550781,109.18199920654297,109.19499969482422,0.0
2025-01-08 12:06:00+00:00,109.18399810791016,109.19499969482422,109.18299865722656,109.18499755859375,0.0
2025-01-08 12:07:00+00:00,109.18099975585938,109.18800354003906,109.17500305175781,109.18399810791016,0.0
2025-01-08 12:08:00+00:00,109.1719970703125,109.18099975585938,109.16600036621094,109.18099975585938,0.0
2025-01-08 12:09:00+00:00,109.18099975585938,109.18499755859375,109.1729965209961,109.1729965209961,0.0
2025-01-08 12:10:00+00:00,109.18000030517578,109.1989974975586,109.18000030517578,109.18099975585938,0.0
2025-01-08 12:11:00+00:00,109.177001953125,109.18599700927734,109.177001953125,109.18000030517578,0.0
2025-01-08 12:12:00+00:00,109.20500183105469,109.20800018310547,109.177001953125,109.177001953125,0.0
2025-01-08 12:13:00+00:00,109.19100189208984,109.20700073242188,109.18699645996094,109.20600128173828,0.0
2025-01-08 12:14:00+00:00,109.22599792480469,109.22599792480469,109.19100189208984,109.19100189208984,0.0
2025-01-08 12:15:00+00:00,109.23100280761719,109.24299621582031,109.21499633789062,109.22799682617188,0.0
2025-01-08 12:16:00+00:00,109.2229995727539,109.23899841308594,109.22000122070312,109.23200225830078,0.0
2025-01-08 12:17:00+00:00,109.22799682617188,109.22799682617188,109.22000122070312,109.2229995727539,0.0
2025-01-08 12:18:00+00:00,109.26799774169922,109.26899719238281,109.22599792480469,109.22799682617188,0.0
2025-01-08 12:19:00+00:00,109.28099822998047,109.28399658203125,109.26699829101562,109.26699829101562,0.0
2025-01-08 12:20:00+00:00,109.29000091552734,109.29000091552734,109.2750015258789,109.28099822998047,0.0
2025-01-08 12:21:00+00:00,109.2760009765625,109.29000091552734,109.26100158691406,109.28900146484375,0.0
2025-01-08 12:22:00+00:00,109.28199768066406,109.28299713134766,109.26300048828125,109.2750015258789,0.0
2025-01-08 12:23:00+00:00,109.27899932861328,109.28299713134766,109.27100372314453,109.28099822998047,0.0
2025-01-08 12:24:00+00:00,109.2770004272461,109.28900146484375,109.2770004272461,109.27799987792969,0.0
2025-01-08 12:25:00+00:00,109.23100280761719,109.28600311279297,109.22799682617188,109.2770004272461,0.0
2025-01-08 12:26:00+00:00,109.25199890136719,109.25199890136719,109.23200225830078,109.23200225830078,0.0
2025-01-08 12:27:00+00:00,109.26200103759766,109.26200103759766,109.2490005493164,109.25199890136719,0.0
2025-01-08 12:28:00+00:00,109.26200103759766,109.26799774169922,109.25700378417969,109.26100158691406,0.0
2025-01-08 12:29:00+00:00,109.26300048828125,109.26499938964844,109.25800323486328,109.26100158691406,0.0
2025-01-08 12:30:00+00:00,109.2699966430664,109.28099822998047,109.25900268554688,109.26200103759766,0.0
2025-01-08 12:31:00+00:00,109.29000091552734,109.29100036621094,109.26799774169922,109.2699966430664,0.0
2025-01-08 12:32:00+00:00,109.31400299072266,109.31600189208984,109.28900146484375,109.29000091552734,0.0
2025-01-08 12:33:00+00:00,109.26000213623047,109.31800079345703,109.26000213623047,109.31300354003906,0.0
2025-01-08 12:34:00+00:00,109.28099822998047,109.28199768066406,109.26000213623047,109.26000213623047,0.0
2025-01-08 12:35:00+00:00,109.26699829101562,109.28099822998047,109.26000213623047,109.28099822998047,0.0
2025-01-08 12:36:00+00:00,109.25399780273438,109.26799774169922,109.2509994506836,109.26699829101562,0.0
2025-01-08 12:37:00+00:00,109.24800109863281,109.25800323486328,109.24700164794922,109.25399780273438,0.0
2025-01-08 12:38:00+00:00,109.24099731445312,109.25199890136719,109.23899841308594,109.24800109863281,0.0
2025-01-08 12:39:00+00:00,109.22200012207031,109.24099731445312,109.22000122070312,109.24099731445312,0.0
2025-01-08 12:40:00+00:00,109.1719970703125,109.22000122070312,109.1719970703125,109.22000122070312,0.0
2025-01-08 12:41:00+00:00,109.22599792480469,109.22599792480469,109.1719970703125,109.1719970703125,0.0
2025-01-08 12:42:00+00:00,109.2239990234375,109.23500061035156,109.2239990234375,109.22699737548828,0.0
2025-01-08 12:43:00+00:00,109.22699737548828,109.23500061035156,109.2249984741211,109.2249984741211,0.0
2025-01-08 12:44:00+00:00,109.23300170898438,109.23799896240234,109.22699737548828,109.22699737548828,0.0
2025-01-08 12:45:00+00:00,109.21399688720703,109.23899841308594,109.21399688720703,109.23100280761719,0.0
2025-01-08 12:46:00+00:00,109.21900177001953,109.22000122070312,109.21199798583984,109.21199798583984,0.0
2025-01-08 12:47:00+00:00,109.23799896240234,109.24099731445312,109.21499633789062,109.21900177001953,0.0
2025-01-08 12:48:00+00:00,109.24299621582031,109.24299621582031,109.23600006103516,109.23799896240234,0.0
2025-01-08 12:49:00+00:00,109.28399658203125,109.28900146484375,109.24299621582031,109.24400329589844,0.0
2025-01-08 12:50:00+00:00,109.26300048828125,109.28500366210938,109.26300048828125,109.28299713134766,0.0
2025-01-08 12:51:00+00:00,109.26100158691406,109.26899719238281,109.25800323486328,109.26300048828125,0.0
2025-01-08 12:52:00+00:00,109.26000213623047,109.26300048828125,109.25,109.26000213623047,0.0
2025-01-08 12:53:00+00:00,109.27100372314453,109.28399658203125,109.26000213623047,109.26000213623047,0.0
2025-01-08 12:54:00+00:00,109.28800201416016,109.29000091552734,109.26499938964844,109.26499938964844,0.0
2025-01-08 12:55:00+00:00,109.28800201416016,109.29299926757812,109.28700256347656,109.28700256347656,0.0
2025-01-08 12:56:00+00:00,109.30000305175781,109.3030014038086,109.29000091552734,109.29000091552734,0.0
2025-01-08 12:57:00+00:00,109.3010025024414,109.3010025024414,109.28600311279297,109.29900360107422,0.0
2025-01-08 12:58:00+00:00,109.29199981689453,109.30400085449219,109.29000091552734,109.30000305175781,0.0
2025-01-08 12:59:00+00:00,109.29499816894531,109.2959976196289,109.29100036621094,109.29100036621094,0.0
2025-01-08 13:00:00+00:00,109.22799682617188,109.2959976196289,109.20700073242188,109.2959976196289,0.0
2025-01-08 13:01:00+00:00,109.20600128173828,109.22699737548828,109.18599700927734,109.22699737548828,0.0
2025-01-08 13:02:00+00:00,109.2030029296875,109.20999908447266,109.18599700927734,109.20899963378906,0.0
2025-01-08 13:03:00+00:00,109.20700073242188,109.21700286865234,109.1969985961914,109.2030029296875,0.0
2025-01-08 13:04:00+00:00,109.22799682617188,109.2300033569336,109.20099639892578,109.20600128173828,0.0
2025-01-08 13:05:00+00:00,109.26899719238281,109.27400207519531,109.22599792480469,109.22799682617188,0.0
2025-01-08 13:06:00+00:00,109.2699966430664,109.27999877929688,109.26499938964844,109.26899719238281,0.0
2025-01-08 13:07:00+00:00,109.29199981689453,109.29299926757812,109.2699966430664,109.27300262451172,0.0
2025-01-08 13:08:00+00:00,109.30699920654297,109.30999755859375,109.29399871826172,109.29399871826172,0.0
2025-01-08 13:09:00+00:00,109.27999877929688,109.30699920654297,109.27999877929688,109.30699920654297,0.0
2025-01-08 13:10:00+00:00,109.25700378417969,109.27899932861328,109.25700378417969,109.27899932861328,0.0
2025-01-08 13:11:00+00:00,109.23699951171875,109.26200103759766,109.23600006103516,109.25599670410156,0.0
2025-01-08 13:12:00+00:00,109.24099731445312,109.25399780273438,109.23600006103516,109.23799896240234,0.0
2025-01-08 13:13:00+00:00,109.23500061035156,109.23999786376953,109.23400115966797,109.23899841308594,0.0
2025-01-08 13:14:00+00:00,109.23899841308594,109.24099731445312,109.2300033569336,109.23500061035156,0.0
2025-01-08 13:15:00+00:00,109.19400024414062,109.23899841308594,109.18000030517578,109.23899841308594,0.0
2025-01-08 13:16:00+00:00,109.17400360107422,109.2040023803711,109.16999816894531,109.19499969482422,0.0
2025-01-08 13:17:00+00:00,109.19400024414062,109.19400024414062,109.17500305175781,109.17500305175781,0.0
2025-01-08 13:18:00+00:00,109.22200012207031,109.2239990234375,109.19599914550781,109.19599914550781,0.0
2025-01-08 13:19:00+00:00,109.21399688720703,109.22000122070312,109.20600128173828,109.22000122070312,0.0
2025-01-08 13:20:00+00:00,109.21099853515625,109.22000122070312,109.1989974975586,109.22000122070312,0.0
2025-01-08 13:21:00+00:00,109.19200134277344,109.21299743652344,109.19200134277344,109.20899963378906,0.0
2025-01-08 13:22:00+00:00,109.1709976196289,109.1989974975586,109.16999816894531,109.18900299072266,0.0
2025-01-08 13:23:00+00:00,109.14099884033203,109.1729965209961,109.14099884033203,109.1729965209961,0.0
2025-01-08 13:24:00+00:00,109.1259994506836,109.14600372314453,109.1240005493164,109.14199829101562,0.0
2025-01-08 13:25:00+00:00,109.11799621582031,109.13099670410156,109.11399841308594,109.1259994506836,0.0
2025-01-08 13:26:00+00:00,109.12699890136719,109.13600158691406,109.11599731445312,109.11900329589844,0.0
2025-01-08 13:27:00+00:00,109.10399627685547,109.12799835205078,109.10199737548828,109.1259994506836,0.0
2025-01-08 13:28:00+00:00,109.10700225830078,109.10700225830078,109.0979995727539,109.10299682617188,0.0
2025-01-08 13:29:00+00:00,109.15699768066406,109.15799713134766,109.10600280761719,109.10700225830078,0.0
2025-01-08 13:30:00+00:00,109.12999725341797,109.15699768066406,109.11599731445312,109.15399932861328,0.0
2025-01-08 13:31:00+00:00,109.14600372314453,109.1500015258789,109.11599731445312,109.12699890136719,0.0
2025-01-08 13:32:00+00:00,109.16300201416016,109.18299865722656,109.14399719238281,109.14600372314453,0.0
2025-01-08 13:33:00+00:00,109.177001953125,109.177001953125,109.14399719238281,109.16300201416016,0.0
2025-01-08 13:34:00+00:00,109.21700286865234,109.21800231933594,109.18000030517578,109.18000030517578,0.0
2025-01-08 13:35:00+00:00,109.20899963378906,109.2249984741211,109.20899963378906,109.21900177001953,0.0
2025-01-08 13:36:00+00:00,109.18699645996094,109.20600128173828,109.16999816894531,109.20600128173828,0.0
2025-01-08 13:37:00+00:00,109.20600128173828,109.22000122070312,109.18099975585938,109.18699645996094,0.0
2025-01-08 13:38:00+00:00,109.21700286865234,109.22100067138672,109.20800018310547,109.20899963378906,0.0
2025-01-08 13:39:00+00:00,109.22000122070312,109.22000122070312,109.2020034790039,109.21700286865234,0.0
2025-01-08 13:40:00+00:00,109.23600006103516,109.24099731445312,109.21199798583984,109.22200012207031,0.0
2025-01-08 13:41:00+00:00,109.21299743652344,109.23799896240234,109.21299743652344,109.23500061035156,0.0
2025-01-08 13:42:00+00:00,109.20800018310547,109.21099853515625,109.18199920654297,109.21099853515625,0.0
2025-01-08 13:43:00+00:00,109.19599914550781,109.21700286865234,109.19499969482422,109.20899963378906,0.0
2025-01-08 13:44:00+00:00,109.19999694824219,109.21099853515625,109.19100189208984,109.19999694824219,0.0
2025-01-08 13:45:00+00:00,109.2040023803711,109.2040023803711,109.18399810791016,109.1989974975586,0.0
2025-01-08 13:46:00+00:00,109.20700073242188,109.21900177001953,109.20500183105469,109.20500183105469,0.0
2025-01-08 13:47:00+00:00,109.18800354003906,109.20500183105469,109.18499755859375,109.20500183105469,0.0
2025-01-08 13:48:00+00:00,109.19599914550781,109.19599914550781,109.18499755859375,109.18800354003906,0.0
2025-01-08 13:49:00+00:00,109.16999816894531,109.1969985961914,109.16600036621094,109.19599914550781,0.0
2025-01-08 13:50:00+00:00,109.18299865722656,109.18399810791016,109.16999816894531,109.16999816894531,0.0
2025-01-08 13:51:00+00:00,109.20600128173828,109.20600128173828,109.18399810791016,109.18399810791016,0.0
2025-01-08 13:52:00+00:00,109.19999694824219,109.21199798583984,109.19499969482422,109.20600128173828,0.0
2025-01-08 13:53:00+00:00,109.20700073242188,109.21700286865234,109.20099639892578,109.20099639892578,0.0
2025-01-08 13:54:00+00:00,109.1709976196289,109.20999908447266,109.1709976196289,109.20600128173828,0.0
2025-01-08 13:55:00+00:00,109.13700103759766,109.1719970703125,109.13400268554688,109.1719970703125,0.0
2025-01-08 13:56:00+00:00,109.14600372314453,109.15499877929688,109.13500213623047,109.13600158691406,0.0
2025-01-08 13:57:00+00:00,109.14299774169922,109.14800262451172,109.14199829101562,109.14600372314453,0.0
2025-01-08 13:58:00+00:00,109.11499786376953,109.14099884033203,109.11100006103516,109.14099884033203,0.0
2025-01-08 13:59:00+00:00,109.10600280761719,109.11499786376953,109.10299682617188,109.11499786376953,0.0
2025-01-08 14:00:00+00:00,109.0770034790039,109.10600280761719,109.06700134277344,109.10600280761719,0.0
2025-01-08 14:01:00+00:00,109.06199645996094,109.08599853515625,109.05999755859375,109.07599639892578,0.0
2025-01-08 14:02:00+00:00,109.08100128173828,109.08599853515625,109.06199645996094,109.06199645996094,0.0
2025-01-08 14:03:00+00:00,109.08499908447266,109.09500122070312,109.0790023803711,109.08100128173828,0.0
2025-01-08 14:04:00+00:00,109.09600067138672,109.10099792480469,109.08499908447266,109.08499908447266,0.0
2025-01-08 14:05:00+00:00,109.12200164794922,109.12200164794922,109.09600067138672,109.09600067138672,0.0
2025-01-08 14:06:00+00:00,109.13200378417969,109.13700103759766,109.12000274658203,109.12300109863281,0.0
2025-01-08 14:07:00+00:00,109.11000061035156,109.13500213623047,109.10900115966797,109.13200378417969,0.0
2025-01-08 14:08:00+00:00,109.10900115966797,109.11599731445312,109.09700012207031,109.11000061035156,0.0
2025-01-08 14:09:00+00:00,109.13899993896484,109.13899993896484,109.10800170898438,109.11000061035156,0.0
2025-01-08 14:10:00+00:00,109.14900207519531,109.1520004272461,109.13800048828125,109.13800048828125,0.0
2025-01-08 14:11:00+00:00,109.13700103759766,109.14900207519531,109.13099670410156,109.14900207519531,0.0
2025-01-08 14:12:00+00:00,109.15799713134766,109.15799713134766,109.13700103759766,109.13899993896484,0.0
2025-01-08 14:13:00+00:00,109.14700317382812,109.16000366210938,109.13999938964844,109.15799713134766,0.0
2025-01-08 14:14:00+00:00,109.14600372314453,109.1520004272461,109.13300323486328,109.14700317382812,0.0
2025-01-08 14:15:00+00:00,109.16400146484375,109.16699981689453,109.1449966430664,109.1449966430664,0.0
2025-01-08 14:16:00+00:00,109.18800354003906,109.18800354003906,109.16500091552734,109.16500091552734,0.0
2025-01-08 14:17:00+00:00,109.18399810791016,109.19999694824219,109.18399810791016,109.18900299072266,0.0
2025-01-08 14:18:00+00:00,109.1709976196289,109.18199920654297,109.16899871826172,109.18099975585938,0.0
2025-01-08 14:19:00+00:00,109.18099975585938,109.18099975585938,109.16699981689453,109.1709976196289,0.0
2025-01-08 14:20:00+00:00,109.16600036621094,109.17500305175781,109.16600036621094,109.17500305175781,0.0
2025-01-08 14:21:00+00:00,109.17900085449219,109.18199920654297,109.16200256347656,109.16500091552734,0.0
2025-01-08 14:22:00+00:00,109.197998046875,109.197998046875,109.1780014038086,109.1780014038086,0.0
2025-01-08 14:23:00+00:00,109.19400024414062,109.20600128173828,109.19300079345703,109.197998046875,0.0
2025-01-08 14:24:00+00:00,109.197998046875,109.2030029296875,109.19200134277344,109.19400024414062,0.0
2025-01-08 14:25:00+00:00,109.197998046875,109.197998046875,109.18399810791016,109.197998046875,0.0
2025-01-08 14:26:00+00:00,109.19000244140625,109.1989974975586,109.19000244140625,109.1969985961914,0.0
2025-01-08 14:27:00+00:00,109.19100189208984,109.19499969482422,109.18499755859375,109.19100189208984,0.0
2025-01-08 14:28:00+00:00,109.21399688720703,109.21399688720703,109.19100189208984,109.19100189208984,0.0
2025-01-08 14:29:00+00:00,109.21600341796875,109.21700286865234,109.21399688720703,109.21399688720703,0.0
2025-01-08 14:30:00+00:00,109.21499633789062,109.23400115966797,109.21499633789062,109.21600341796875,0.0
2025-01-08 14:31:00+00:00,109.21700286865234,109.21900177001953,109.20500183105469,109.21499633789062,0.0
2025-01-08 14:32:00+00:00,109.20899963378906,109.2229995727539,109.20500183105469,109.21800231933594,0.0
2025-01-08 14:33:00+00:00,109.21499633789062,109.21600341796875,109.20500183105469,109.20899963378906,0.0
2025-01-08 14:34:00+00:00,109.197998046875,109.21499633789062,109.19499969482422,109.21399688720703,0.0
2025-01-08 14:35:00+00:00,109.22000122070312,109.22000122070312,109.197998046875,109.197998046875,0.0
2025-01-08 14:36:00+00:00,109.20899963378906,109.2229995727539,109.20899963378906,109.22000122070312,0.0
2025-01-08 14:37:00+00:00,109.20600128173828,109.21600341796875,109.1989974975586,109.20800018310547,0.0
2025-01-08 14:38:00+00:00,109.20099639892578,109.20899963378906,109.1969985961914,109.20500183105469,0.0
2025-01-08 14:39:00+00:00,109.22000122070312,109.22000122070312,109.19999694824219,109.20099639892578,0.0
2025-01-08 14:40:00+00:00,109.2030029296875,109.22599792480469,109.2030029296875,109.22200012207031,0.0
2025-01-08 14:41:00+00:00,109.20500183105469,109.20700073242188,109.18900299072266,109.2030029296875,0.0
2025-01-08 14:42:00+00:00,109.20899963378906,109.20999908447266,109.19599914550781,109.2040023803711,0.0
2025-01-08 14:43:00+00:00,109.23300170898438,109.23300170898438,109.20800018310547,109.20899963378906,0.0
2025-01-08 14:44:00+00:00,109.2239990234375,109.24199676513672,109.2229995727539,109.23300170898438,0.0
2025-01-08 14:45:00+00:00,109.22100067138672,109.22699737548828,109.21800231933594,109.2239990234375,0.0
2025-01-08 14:46:00+00:00,109.21900177001953,109.22200012207031,109.21299743652344,109.22100067138672,0.0
2025-01-08 14:47:00+00:00,109.2030029296875,109.2239990234375,109.2030029296875,109.21900177001953,0.0
2025-01-08 14:48:00+00:00,109.18099975585938,109.2030029296875,109.17900085449219,109.2030029296875,0.0
2025-01-08 14:49:00+00:00,109.18499755859375,109.18900299072266,109.17900085449219,109.18099975585938,0.0
2025-01-08 14:50:00+00:00,109.16300201416016,109.18499755859375,109.1500015258789,109.18499755859375,0.0
2025-01-08 14:51:00+00:00,109.15399932861328,109.16500091552734,109.15399932861328,109.16200256347656,0.0
2025-01-08 14:52:00+00:00,109.2020034790039,109.2020034790039,109.15399932861328,109.15399932861328,0.0
2025-01-08 14:53:00+00:00,109.21600341796875,109.21700286865234,109.20099639892578,109.2030029296875,0.0
2025-01-08 14:54:00+00:00,109.23500061035156,109.23799896240234,109.21600341796875,109.21600341796875,0.0
2025-01-08 14:55:00+00:00,109.24800109863281,109.2490005493164,109.23300170898438,109.23400115966797,0.0
2025-01-08 14:56:00+00:00,109.24400329589844,109.24800109863281,109.23699951171875,109.24800109863281,0.0
2025-01-08 14:57:00+00:00,109.25499725341797,109.25599670410156,109.24199676513672,109.24199676513672,0.0
2025-01-08 14:58:00+00:00,109.23400115966797,109.25599670410156,109.23400115966797,109.25399780273438,0.0
2025-01-08 14:59:00+00:00,109.23600006103516,109.23699951171875,109.23200225830078,109.23500061035156,0.0
2025-01-08 15:00:00+00:00,109.20899963378906,109.23400115966797,109.20099639892578,109.23400115966797,0.0
2025-01-08 15:01:00+00:00,109.19300079345703,109.20999908447266,109.19200134277344,109.20899963378906,0.0
2025-01-08 15:02:00+00:00,109.1729965209961,109.19300079345703,109.1729965209961,109.19200134277344,0.0
2025-01-08 15:03:00+00:00,109.16100311279297,109.17500305175781,109.16000366210938,109.1729965209961,0.0
2025-01-08 15:04:00+00:00,109.14700317382812,109.16100311279297,109.13800048828125,109.16100311279297,0.0
2025-01-08 15:05:00+00:00,109.12100219726562,109.14700317382812,109.11799621582031,109.14700317382812,0.0
2025-01-08 15:06:00+00:00,109.08999633789062,109.12300109863281,109.08999633789062,109.12100219726562,0.0
2025-01-08 15:07:00+00:00,109.10199737548828,109.10199737548828,109.072998046875,109.08100128173828,0.0
2025-01-08 15:08:00+00:00,109.10099792480469,109.10199737548828,109.09400177001953,109.10199737548828,0.0
2025-01-08 15:09:00+00:00,109.10199737548828,109.10600280761719,109.09700012207031,109.10199737548828,0.0
2025-01-08 15:10:00+00:00,109.13500213623047,109.13500213623047,109.0979995727539,109.10099792480469,0.0
2025-01-08 15:11:00+00:00,109.12999725341797,109.13600158691406,109.12000274658203,109.13600158691406,0.0
2025-01-08 15:12:00+00:00,109.1050033569336,109.13500213623047,109.1050033569336,109.12899780273438,0.0
2025-01-08 15:13:00+00:00,109.11199951171875,109.11399841308594,109.08699798583984,109.10600280761719,0.0
2025-01-08 15:14:00+00:00,109.0790023803711,109.11100006103516,109.0780029296875,109.11100006103516,0.0
2025-01-08 15:15:00+00:00,109.11699676513672,109.11699676513672,109.08200073242188,109.08200073242188,0.0
2025-01-08 15:16:00+00:00,109.11499786376953,109.12699890136719,109.11299896240234,109.11699676513672,0.0
2025-01-08 15:17:00+00:00,109.11299896240234,109.11599731445312,109.10199737548828,109.11499786376953,0.0
2025-01-08 15:18:00+00:00,109.10199737548828,109.11599731445312,109.0999984741211,109.11199951171875,0.0
2025-01-08 15:19:00+00:00,109.12100219726562,109.1240005493164,109.10399627685547,109.10399627685547,0.0
2025-01-08 15:20:00+00:00,109.1500015258789,109.15299987792969,109.12100219726562,109.12100219726562,0.0
2025-01-08 15:21:00+00:00,109.13999938964844,109.14900207519531,109.13400268554688,109.14900207519531,0.0
2025-01-08 15:22:00+00:00,109.13899993896484,109.1449966430664,109.13600158691406,109.14099884033203,0.0
2025-01-08 15:23:00+00:00,109.13999938964844,109.1449966430664,109.13099670410156,109.13899993896484,0.0
2025-01-08 15:24:00+00:00,109.13999938964844,109.1449966430664,109.13500213623047,109.13700103759766,0.0
2025-01-08 15:25:00+00:00,109.13400268554688,109.1449966430664,109.12899780273438,109.13999938964844,0.0
2025-01-08 15:26:00+00:00,109.14700317382812,109.14700317382812,109.13400268554688,109.13500213623047,0.0
2025-01-08 15:27:00+00:00,109.1520004272461,109.15499877929688,109.14199829101562,109.14600372314453,0.0
2025-01-08 15:28:00+00:00,109.16200256347656,109.16200256347656,109.1520004272461,109.15299987792969,0.0
2025-01-08 15:29:00+00:00,109.16200256347656,109.16699981689453,109.15799713134766,109.16200256347656,0.0
2025-01-08 15:30:00+00:00,109.16100311279297,109.16100311279297,109.15299987792969,109.16100311279297,0.0
2025-01-08 15:31:00+00:00,109.18099975585938,109.18199920654297,109.16200256347656,109.16200256347656,0.0
2025-01-08 15:32:00+00:00,109.17500305175781,109.18299865722656,109.16200256347656,109.18199920654297,0.0
2025-01-08 15:33:00+00:00,109.16100311279297,109.17500305175781,109.16000366210938,109.17500305175781,0.0
2025-01-08 15:34:00+00:00,109.1780014038086,109.18099975585938,109.15799713134766,109.16100311279297,0.0
2025-01-08 15:35:00+00:00,109.1510009765625,109.17900085449219,109.14299774169922,109.1780014038086,0.0
2025-01-08 15:36:00+00:00,109.15899658203125,109.16799926757812,109.14900207519531,109.1500015258789,0.0
2025-01-08 15:37:00+00:00,109.14199829101562,109.15799713134766,109.14199829101562,109.15799713134766,0.0
2025-01-08 15:38:00+00:00,109.1500015258789,109.15399932861328,109.14199829101562,109.14199829101562,0.0
2025-01-08 15:39:00+00:00,109.16899871826172,109.1709976196289,109.14399719238281,109.1510009765625,0.0
2025-01-08 15:40:00+00:00,109.18399810791016,109.18399810791016,109.16200256347656,109.16899871826172,0.0
2025-01-08 15:41:00+00:00,109.19200134277344,109.20899963378906,109.18499755859375,109.18499755859375,0.0
2025-01-08 15:42:00+00:00,109.18900299072266,109.19200134277344,109.18599700927734,109.19200134277344,0.0
2025-01-08 15:43:00+00:00,109.18900299072266,109.19000244140625,109.1760025024414,109.18699645996094,0.0
2025-01-08 15:44:00+00:00,109.17900085449219,109.19200134277344,109.17900085449219,109.18900299072266,0.0
2025-01-08 15:45:00+00:00,109.17500305175781,109.18199920654297,109.16500091552734,109.1780014038086,0.0
2025-01-08 15:46:00+00:00,109.19100189208984,109.1969985961914,109.16300201416016,109.17500305175781,0.0
2025-01-08 15:47:00+00:00,109.17400360107422,109.19499969482422,109.17400360107422,109.19000244140625,0.0
2025-01-08 15:48:00+00:00,109.16799926757812,109.177001953125,109.16699981689453,109.1760025024414,0.0
2025-01-08 15:49:00+00:00,109.16799926757812,109.1729965209961,109.16400146484375,109.16799926757812,0.0
2025-01-08 15:50:00+00:00,109.18099975585938,109.18099975585938,109.16100311279297,109.16699981689453,0.0
2025-01-08 15:51:00+00:00,109.18000030517578,109.19499969482422,109.18000030517578,109.18299865722656,0.0
2025-01-08 15:52:00+00:00,109.16899871826172,109.17900085449219,109.16600036621094,109.17900085449219,0.0
2025-01-08 15:53:00+00:00,109.15499877929688,109.16999816894531,109.15499877929688,109.16899871826172,0.0
2025-01-08 15:54:00+00:00,109.15699768066406,109.16500091552734,109.15399932861328,109.15399932861328,0.0
2025-01-08 15:55:00+00:00,109.16300201416016,109.16400146484375,109.15599822998047,109.15799713134766,0.0
2025-01-08 15:56:00+00:00,109.15699768066406,109.16300201416016,109.15499877929688,109.16300201416016,0.0
2025-01-08 15:57:00+00:00,109.15499877929688,109.15699768066406,109.15499877929688,109.15699768066406,0.0
2025-01-08 15:58:00+00:00,109.15699768066406,109.16000366210938,109.15499877929688,109.16000366210938,0.0
2025-01-08 15:59:00+00:00,109.14800262451172,109.16200256347656,109.14800262451172,109.15899658203125,0.0
2025-01-08 16:00:00+00:00,109.15699768066406,109.15799713134766,109.14299774169922,109.14700317382812,0.0
2025-01-08 16:01:00+00:00,109.16400146484375,109.16999816894531,109.1520004272461,109.15799713134766,0.0
2025-01-08 16:02:00+00:00,109.18199920654297,109.18199920654297,109.15699768066406,109.16400146484375,0.0
2025-01-08 16:03:00+00:00,109.18699645996094,109.19999694824219,109.18499755859375,109.18699645996094,0.0
2025-01-08 16:04:00+00:00,109.18800354003906,109.19200134277344,109.18699645996094,109.18699645996094,0.0
2025-01-08 16:05:00+00:00,109.16699981689453,109.18699645996094,109.16699981689453,109.18299865722656,0.0
2025-01-08 16:06:00+00:00,109.18299865722656,109.18499755859375,109.16799926757812,109.16899871826172,0.0
2025-01-08 16:07:00+00:00,109.19999694824219,109.20500183105469,109.18099975585938,109.18199920654297,0.0
2025-01-08 16:08:00+00:00,109.16799926757812,109.1989974975586,109.16600036621094,109.1989974975586,0.0
2025-01-08 16:09:00+00:00,109.18099975585938,109.18099975585938,109.16400146484375,109.16799926757812,0.0
2025-01-08 16:10:00+00:00,109.18699645996094,109.18699645996094,109.16999816894531,109.18099975585938,0.0
2025-01-08 16:11:00+00:00,109.197998046875,109.20099639892578,109.18800354003906,109.18800354003906,0.0
2025-01-08 16:12:00+00:00,109.20800018310547,109.20899963378906,109.197998046875,109.197998046875,0.0
2025-01-08 16:13:00+00:00,109.1729965209961,109.20700073242188,109.1719970703125,109.20700073242188,0.0
2025-01-08 16:14:00+00:00,109.16500091552734,109.1729965209961,109.16500091552734,109.1719970703125,0.0
2025-01-08 16:15:00+00:00,109.1729965209961,109.1780014038086,109.15899658203125,109.16500091552734,0.0
2025-01-08 16:16:00+00:00,109.16799926757812,109.1729965209961,109.16500091552734,109.1729965209961,0.0
2025-01-08 16:17:00+00:00,109.1709976196289,109.17400360107422,109.16799926757812,109.16899871826172,0.0
2025-01-08 16:18:00+00:00,109.17500305175781,109.1780014038086,109.16899871826172,109.16999816894531,0.0
2025-01-08 16:19:00+00:00,109.16500091552734,109.18199920654297,109.16500091552734,109.17500305175781,0.0
2025-01-08 16:20:00+00:00,109.12699890136719,109.16600036621094,109.12699890136719,109.16600036621094,0.0
2025-01-08 16:21:00+00:00,109.11199951171875,109.125,109.10199737548828,109.125,0.0
2025-01-08 16:22:00+00:00,109.10700225830078,109.12000274658203,109.10700225830078,109.11199951171875,0.0
2025-01-08 16:23:00+00:00,109.10099792480469,109.10800170898438,109.0979995727539,109.10700225830078,0.0
2025-01-08 16:24:00+00:00,109.10199737548828,109.10299682617188,109.07599639892578,109.10199737548828,0.0
2025-01-08 16:25:00+00:00,109.0999984741211,109.1050033569336,109.09500122070312,109.10199737548828,0.0
2025-01-08 16:26:00+00:00,109.11799621582031,109.11799621582031,109.10099792480469,109.10099792480469,0.0
2025-01-08 16:27:00+00:00,109.13500213623047,109.13700103759766,109.11799621582031,109.11799621582031,0.0
2025-01-08 16:28:00+00:00,109.1240005493164,109.14700317382812,109.1240005493164,109.13300323486328,0.0
2025-01-08 16:29:00+00:00,109.12300109863281,109.1259994506836,109.11699676513672,109.1240005493164,0.0
2025-01-08 16:30:00+00:00,109.11599731445312,109.1259994506836,109.11599731445312,109.1240005493164,0.0
2025-01-08 16:31:00+00:00,109.13400268554688,109.13500213623047,109.11599731445312,109.11599731445312,0.0
2025-01-08 16:32:00+00:00,109.12200164794922,109.13600158691406,109.12200164794922,109.13500213623047,0.0
2025-01-08 16:33:00+00:00,109.11799621582031,109.1259994506836,109.11499786376953,109.12000274658203,0.0
2025-01-08 16:34:00+00:00,109.12200164794922,109.12699890136719,109.11699676513672,109.11699676513672,0.0
2025-01-08 16:35:00+00:00,109.11399841308594,109.12200164794922,109.11399841308594,109.12100219726562,0.0
2025-01-08 16:36:00+00:00,109.1050033569336,109.12300109863281,109.1050033569336,109.11399841308594,0.0
2025-01-08 16:37:00+00:00,109.10900115966797,109.10900115966797,109.09600067138672,109.1050033569336,0.0
2025-01-08 16:38:00+00:00,109.11000061035156,109.11499786376953,109.10800170898438,109.10900115966797,0.0
2025-01-08 16:39:00+00:00,109.10800170898438,109.11599731445312,109.10800170898438,109.11000061035156,0.0
2025-01-08 16:40:00+00:00,109.08899688720703,109.10900115966797,109.08899688720703,109.10900115966797,0.0
2025-01-08 16:41:00+00:00,109.07499694824219,109.08300018310547,109.05699920654297,109.08300018310547,0.0
2025-01-08 16:42:00+00:00,109.06700134277344,109.0790023803711,109.06700134277344,109.07599639892578,0.0
2025-01-08 16:43:00+00:00,109.09600067138672,109.09600067138672,109.06600189208984,109.06600189208984,0.0
2025-01-08 16:44:00+00:00,109.09600067138672,109.09700012207031,109.08999633789062,109.09600067138672,0.0
2025-01-08 16:45:00+00:00,109.11399841308594,109.11599731445312,109.09600067138672,109.09600067138672,0.0
2025-01-08 16:46:00+00:00,109.12300109863281,109.125,109.11399841308594,109.11399841308594,0.0
2025-01-08 16:47:00+00:00,109.12000274658203,109.13099670410156,109.12000274658203,109.12300109863281,0.0
2025-01-08 16:48:00+00:00,109.08599853515625,109.11900329589844,109.08599853515625,109.11900329589844,0.0
2025-01-08 16:49:00+00:00,109.0719985961914,109.08499908447266,109.06999969482422,109.08499908447266,0.0
2025-01-08 16:50:00+00:00,109.06300354003906,109.072998046875,109.05799865722656,109.0719985961914,0.0
2025-01-08 16:51:00+00:00,109.05799865722656,109.07099914550781,109.05699920654297,109.06400299072266,0.0
2025-01-08 16:52:00+00:00,109.05500030517578,109.05799865722656,109.0530014038086,109.05799865722656,0.0
2025-01-08 16:53:00+00:00,109.03199768066406,109.05599975585938,109.02999877929688,109.05599975585938,0.0
2025-01-08 16:54:00+00:00,109.03600311279297,109.03800201416016,109.0260009765625,109.03199768066406,0.0
2025-01-08 16:56:00+00:00,109.0260009765625,109.04100036621094,109.0260009765625,109.03900146484375,0.0
2025-01-08 16:57:00+00:00,109.02799987792969,109.04199981689453,109.0250015258789,109.0250015258789,0.0
2025-01-08 16:58:00+00:00,109.02300262451172,109.0270004272461,109.01899719238281,109.0270004272461,0.0
2025-01-08 16:59:00+00:00,109.03500366210938,109.03700256347656,109.02400207519531,109.02400207519531,0.0
2025-01-08 17:00:00+00:00,109.03800201416016,109.04100036621094,109.03199768066406,109.03500366210938,0.0
2025-01-08 17:01:00+00:00,109.03099822998047,109.03900146484375,109.02799987792969,109.03900146484375,0.0
2025-01-08 17:02:00+00:00,109.05899810791016,109.05899810791016,109.02999877929688,109.02999877929688,0.0
2025-01-08 17:03:00+00:00,109.06900024414062,109.07099914550781,109.05799865722656,109.05799865722656,0.0
2025-01-08 17:04:00+00:00,109.07599639892578,109.07599639892578,109.06900024414062,109.06999969482422,0.0
2025-01-08 17:05:00+00:00,109.08999633789062,109.08999633789062,109.0739974975586,109.0770034790039,0.0
2025-01-08 17:06:00+00:00,109.10600280761719,109.10900115966797,109.08699798583984,109.09100341796875,0.0
2025-01-08 17:07:00+00:00,109.09600067138672,109.10600280761719,109.09500122070312,109.1050033569336,0.0
2025-01-08 17:08:00+00:00,109.0989990234375,109.10600280761719,109.09400177001953,109.09700012207031,0.0
2025-01-08 17:09:00+00:00,109.09200286865234,109.10099792480469,109.09200286865234,109.0989990234375,0.0
2025-01-08 17:10:00+00:00,109.0979995727539,109.0989990234375,109.09100341796875,109.09100341796875,0.0
2025-01-08 17:11:00+00:00,109.0989990234375,109.1050033569336,109.09700012207031,109.0989990234375,0.0
2025-01-08 17:12:00+00:00,109.11299896240234,109.11900329589844,109.0979995727539,109.0979995727539,0.0
2025-01-08 17:13:00+00:00,109.10600280761719,109.11199951171875,109.1050033569336,109.10900115966797,0.0
2025-01-08 17:14:00+00:00,109.11900329589844,109.11900329589844,109.10600280761719,109.10600280761719,0.0
2025-01-08 17:15:00+00:00,109.12300109863281,109.12300109863281,109.10700225830078,109.11799621582031,0.0
2025-01-08 17:16:00+00:00,109.13500213623047,109.13500213623047,109.1240005493164,109.1240005493164,0.0
2025-01-08 17:17:00+00:00,109.1520004272461,109.1520004272461,109.13400268554688,109.13600158691406,0.0
2025-01-08 17:18:00+00:00,109.15499877929688,109.15799713134766,109.1520004272461,109.1520004272461,0.0
2025-01-08 17:19:00+00:00,109.15499877929688,109.16999816894531,109.15499877929688,109.15499877929688,0.0
2025-01-08 17:20:00+00:00,109.13899993896484,109.15499877929688,109.13899993896484,109.15499877929688,0.0
2025-01-08 17:21:00+00:00,109.14099884033203,109.14299774169922,109.13700103759766,109.13899993896484,0.0
2025-01-08 17:22:00+00:00,109.13600158691406,109.14099884033203,109.12699890136719,109.14099884033203,0.0
2025-01-08 17:23:00+00:00,109.14900207519531,109.1500015258789,109.13700103759766,109.13700103759766,0.0
2025-01-08 17:24:00+00:00,109.13400268554688,109.14900207519531,109.13099670410156,109.14900207519531,0.0
2025-01-08 17:25:00+00:00,109.13400268554688,109.13400268554688,109.12699890136719,109.13300323486328,0.0
2025-01-08 17:26:00+00:00,109.13200378417969,109.13800048828125,109.12999725341797,109.13400268554688,0.0
2025-01-08 17:27:00+00:00,109.14399719238281,109.1449966430664,109.12999725341797,109.12999725341797,0.0
2025-01-08 17:28:00+00:00,109.14199829101562,109.14399719238281,109.13300323486328,109.14399719238281,0.0
2025-01-08 17:29:00+00:00,109.1449966430664,109.15499877929688,109.14199829101562,109.14199829101562,0.0
2025-01-08 17:30:00+00:00,109.14800262451172,109.14800262451172,109.13800048828125,109.14399719238281,0.0
2025-01-08 17:31:00+00:00,109.14900207519531,109.14900207519531,109.14099884033203,109.14600372314453,0.0
2025-01-08 17:32:00+00:00,109.13700103759766,109.1520004272461,109.13500213623047,109.1520004272461,0.0
2025-01-08 17:33:00+00:00,109.13899993896484,109.14299774169922,109.13600158691406,109.13700103759766,0.0
2025-01-08 17:34:00+00:00,109.14399719238281,109.14900207519531,109.13800048828125,109.13899993896484,0.0
2025-01-08 17:35:00+00:00,109.15399932861328,109.15399932861328,109.1449966430664,109.1449966430664,0.0
2025-01-08 17:36:00+00:00,109.1719970703125,109.1780014038086,109.15399932861328,109.15399932861328,0.0
2025-01-08 17:37:00+00:00,109.177001953125,109.17900085449219,109.1709976196289,109.1709976196289,0.0
2025-01-08 17:38:00+00:00,109.17500305175781,109.1780014038086,109.16400146484375,109.177001953125,0.0
2025-01-08 17:39:00+00:00,109.1780014038086,109.18399810791016,109.17400360107422,109.17400360107422,0.0
2025-01-08 17:40:00+00:00,109.16600036621094,109.18299865722656,109.16600036621094,109.17900085449219,0.0
2025-01-08 17:41:00+00:00,109.16000366210938,109.16699981689453,109.16000366210938,109.16600036621094,0.0
2025-01-08 17:42:00+00:00,109.15899658203125,109.16100311279297,109.1520004272461,109.16000366210938,0.0
2025-01-08 17:43:00+00:00,109.15399932861328,109.16500091552734,109.15299987792969,109.15899658203125,0.0
2025-01-08 17:44:00+00:00,109.13600158691406,109.15399932861328,109.13600158691406,109.15399932861328,0.0
2025-01-08 17:45:00+00:00,109.13600158691406,109.13700103759766,109.13200378417969,109.13400268554688,0.0
2025-01-08 17:46:00+00:00,109.13999938964844,109.13999938964844,109.13099670410156,109.13600158691406,0.0
2025-01-08 17:47:00+00:00,109.1510009765625,109.1510009765625,109.13800048828125,109.13999938964844,0.0
2025-01-08 17:48:00+00:00,109.1500015258789,109.15399932861328,109.14900207519531,109.1510009765625,0.0
2025-01-08 17:49:00+00:00,109.16500091552734,109.16500091552734,109.14700317382812,109.14900207519531,0.0
2025-01-08 17:50:00+00:00,109.13999938964844,109.16500091552734,109.13800048828125,109.16500091552734,0.0
2025-01-08 17:51:00+00:00,109.13800048828125,109.14299774169922,109.13800048828125,109.13999938964844,0.0
2025-01-08 17:52:00+00:00,109.12699890136719,109.13800048828125,109.12100219726562,109.13800048828125,0.0
2025-01-08 17:53:00+00:00,109.13400268554688,109.13400268554688,109.125,109.12699890136719,0.0
2025-01-08 17:54:00+00:00,109.13099670410156,109.13500213623047,109.12799835205078,109.13500213623047,0.0
2025-01-08 17:55:00+00:00,109.12699890136719,109.13099670410156,109.1259994506836,109.12999725341797,0.0
2025-01-08 17:56:00+00:00,109.12200164794922,109.12899780273438,109.12000274658203,109.12699890136719,0.0
2025-01-08 17:57:00+00:00,109.12899780273438,109.12999725341797,109.11499786376953,109.12200164794922,0.0
2025-01-08 17:58:00+00:00,109.12200164794922,109.12799835205078,109.12200164794922,109.12699890136719,0.0
2025-01-08 17:59:00+00:00,109.12300109863281,109.125,109.12100219726562,109.12200164794922,0.0
2025-01-08 18:00:00+00:00,109.10700225830078,109.12300109863281,109.10600280761719,109.12300109863281,0.0
2025-01-08 18:01:00+00:00,109.11499786376953,109.11499786376953,109.10600280761719,109.10700225830078,0.0
2025-01-08 18:02:00+00:00,109.06800079345703,109.11599731445312,109.06800079345703,109.11599731445312,0.0
2025-01-08 18:03:00+00:00,109.06099700927734,109.06800079345703,109.0510025024414,109.06800079345703,0.0
2025-01-08 18:04:00+00:00,109.05699920654297,109.06400299072266,109.05400085449219,109.06199645996094,0.0
2025-01-08 18:05:00+00:00,109.06999969482422,109.0719985961914,109.05400085449219,109.05699920654297,0.0
2025-01-08 18:06:00+00:00,109.05500030517578,109.06999969482422,109.05400085449219,109.06999969482422,0.0
2025-01-08 18:07:00+00:00,109.08100128173828,109.08100128173828,109.0510025024414,109.05699920654297,0.0
2025-01-08 18:08:00+00:00,109.08599853515625,109.08599853515625,109.07499694824219,109.08000183105469,0.0
2025-01-08 18:09:00+00:00,109.0770034790039,109.08699798583984,109.07599639892578,109.08599853515625,0.0
2025-01-08 18:10:00+00:00,109.0739974975586,109.07599639892578,109.06999969482422,109.07599639892578,0.0
2025-01-08 18:11:00+00:00,109.08000183105469,109.08200073242188,109.072998046875,109.0739974975586,0.0
2025-01-08 18:12:00+00:00,109.08200073242188,109.08599853515625,109.072998046875,109.08000183105469,0.0
2025-01-08 18:13:00+00:00,109.08899688720703,109.09300231933594,109.08300018310547,109.08300018310547,0.0
2025-01-08 18:14:00+00:00,109.09700012207031,109.0979995727539,109.08399963378906,109.08999633789062,0.0
2025-01-08 18:15:00+00:00,109.08399963378906,109.10199737548828,109.08399963378906,109.0979995727539,0.0
2025-01-08 18:16:00+00:00,109.08300018310547,109.08699798583984,109.08000183105469,109.08399963378906,0.0
2025-01-08 18:17:00+00:00,109.06999969482422,109.08499908447266,109.06700134277344,109.08399963378906,0.0
2025-01-08 18:18:00+00:00,109.0739974975586,109.0770034790039,109.06999969482422,109.06999969482422,0.0
2025-01-08 18:19:00+00:00,109.09400177001953,109.09500122070312,109.07499694824219,109.07499694824219,0.0
2025-01-08 18:20:00+00:00,109.08699798583984,109.09500122070312,109.08699798583984,109.09300231933594,0.0
2025-01-08 18:21:00+00:00,109.09500122070312,109.09500122070312,109.08499908447266,109.08699798583984,0.0
2025-01-08 18:22:00+00:00,109.08000183105469,109.09600067138672,109.08000183105469,109.09500122070312,0.0
2025-01-08 18:23:00+00:00,109.08499908447266,109.08699798583984,109.0790023803711,109.08100128173828,0.0
2025-01-08 18:24:00+00:00,109.0719985961914,109.08599853515625,109.0719985961914,109.08499908447266,0.0
2025-01-08 18:25:00+00:00,109.06199645996094,109.0719985961914,109.05899810791016,109.0719985961914,0.0
2025-01-08 18:26:00+00:00,109.06600189208984,109.0719985961914,109.06099700927734,109.06199645996094,0.0
2025-01-08 18:27:00+00:00,109.07099914550781,109.0739974975586,109.06600189208984,109.06700134277344,0.0
2025-01-08 18:28:00+00:00,109.0530014038086,109.07099914550781,109.0510025024414,109.07099914550781,0.0
2025-01-08 18:29:00+00:00,109.06099700927734,109.06199645996094,109.0530014038086,109.0530014038086,0.0
2025-01-08 18:30:00+00:00,109.05999755859375,109.06800079345703,109.05699920654297,109.06099700927734,0.0
2025-01-08 18:31:00+00:00,109.05000305175781,109.06099700927734,109.04900360107422,109.05899810791016,0.0
2025-01-08 18:32:00+00:00,109.05000305175781,109.05400085449219,109.0479965209961,109.05000305175781,0.0
2025-01-08 18:33:00+00:00,109.06300354003906,109.06400299072266,109.04900360107422,109.05000305175781,0.0
2025-01-08 18:34:00+00:00,109.07099914550781,109.07099914550781,109.05899810791016,109.06300354003906,0.0
2025-01-08 18:35:00+00:00,109.06099700927734,109.06999969482422,109.06099700927734,109.06999969482422,0.0
2025-01-08 18:36:00+00:00,109.0459976196289,109.06300354003906,109.0459976196289,109.06099700927734,0.0
2025-01-08 18:37:00+00:00,109.02899932861328,109.0469970703125,109.02899932861328,109.0469970703125,0.0
2025-01-08 18:38:00+00:00,109.0250015258789,109.03299713134766,109.0250015258789,109.02999877929688,0.0
2025-01-08 18:39:00+00:00,109.03900146484375,109.03900146484375,109.0250015258789,109.0250015258789,0.0
2025-01-08 18:40:00+00:00,109.0469970703125,109.0469970703125,109.03800201416016,109.03900146484375,0.0
2025-01-08 18:41:00+00:00,109.0459976196289,109.04900360107422,109.04199981689453,109.0469970703125,0.0
2025-01-08 18:42:00+00:00,109.0510025024414,109.0530014038086,109.0459976196289,109.0469970703125,0.0
2025-01-08 18:43:00+00:00,109.04499816894531,109.0510025024414,109.04499816894531,109.05000305175781,0.0
2025-01-08 18:44:00+00:00,109.03399658203125,109.04499816894531,109.03199768066406,109.04499816894531,0.0
2025-01-08 18:45:00+00:00,109.04100036621094,109.04399871826172,109.03199768066406,109.03399658203125,0.0
2025-01-08 18:46:00+00:00,109.03900146484375,109.04399871826172,109.03900146484375,109.04100036621094,0.0
2025-01-08 18:47:00+00:00,109.0459976196289,109.0459976196289,109.03600311279297,109.03900146484375,0.0
2025-01-08 18:48:00+00:00,109.0510025024414,109.052001953125,109.04499816894531,109.0469970703125,0.0
2025-01-08 18:49:00+00:00,109.0510025024414,109.0510025024414,109.04399871826172,109.0510025024414,0.0
2025-01-08 18:50:00+00:00,109.0530014038086,109.05400085449219,109.05000305175781,109.0510025024414,0.0
2025-01-08 18:51:00+00:00,109.05699920654297,109.05699920654297,109.0530014038086,109.05400085449219,0.0
2025-01-08 18:52:00+00:00,109.07099914550781,109.0719985961914,109.05699920654297,109.05699920654297,0.0
2025-01-08 18:53:00+00:00,109.08699798583984,109.08799743652344,109.0719985961914,109.0719985961914,0.0
2025-01-08 18:54:00+00:00,109.09100341796875,109.09300231933594,109.08599853515625,109.08699798583984,0.0
2025-01-08 18:55:00+00:00,109.08399963378906,109.08999633789062,109.08000183105469,109.08999633789062,0.0
2025-01-08 18:56:00+00:00,109.08499908447266,109.08599853515625,109.08200073242188,109.08399963378906,0.0
2025-01-08 18:57:00+00:00,109.072998046875,109.08499908447266,109.072998046875,109.08499908447266,0.0
2025-01-08 18:59:00+00:00,109.0719985961914,109.0739974975586,109.06800079345703,109.06999969482422,0.0
2025-01-08 19:00:00+00:00,109.06400299072266,109.07499694824219,109.05799865722656,109.0719985961914,0.0
2025-01-08 19:01:00+00:00,109.05500030517578,109.06500244140625,109.05500030517578,109.06400299072266,0.0
2025-01-08 19:02:00+00:00,109.06300354003906,109.06400299072266,109.0510025024414,109.05500030517578,0.0
2025-01-08 19:03:00+00:00,109.06600189208984,109.06999969482422,109.06400299072266,109.06400299072266,0.0
2025-01-08 19:04:00+00:00,109.06099700927734,109.07099914550781,109.05999755859375,109.06700134277344,0.0
2025-01-08 19:05:00+00:00,109.0469970703125,109.06099700927734,109.04499816894531,109.05999755859375,0.0
2025-01-08 19:06:00+00:00,109.0270004272461,109.0469970703125,109.0270004272461,109.0469970703125,0.0
2025-01-08 19:07:00+00:00,109.02200317382812,109.02899932861328,109.0199966430664,109.0260009765625,0.0
2025-01-08 19:08:00+00:00,109.0260009765625,109.0260009765625,109.01499938964844,109.02200317382812,0.0
2025-01-08 19:09:00+00:00,109.0250015258789,109.03099822998047,109.02200317382812,109.0260009765625,0.0
2025-01-08 19:10:00+00:00,109.0270004272461,109.02799987792969,109.02300262451172,109.0250015258789,0.0
2025-01-08 19:11:00+00:00,109.04399871826172,109.04399871826172,109.0260009765625,109.0270004272461,0.0
2025-01-08 19:12:00+00:00,109.06300354003906,109.06300354003906,109.04299926757812,109.04499816894531,0.0
2025-01-08 19:13:00+00:00,109.06500244140625,109.06800079345703,109.05999755859375,109.06300354003906,0.0
2025-01-08 19:14:00+00:00,109.06999969482422,109.06999969482422,109.05899810791016,109.06500244140625,0.0
2025-01-08 19:15:00+00:00,109.052001953125,109.07099914550781,109.052001953125,109.06999969482422,0.0
2025-01-08 19:16:00+00:00,109.03500366210938,109.052001953125,109.03399658203125,109.052001953125,0.0
2025-01-08 19:17:00+00:00,109.01200103759766,109.03500366210938,109.01200103759766,109.03500366210938,0.0
2025-01-08 19:18:00+00:00,108.99299621582031,109.01300048828125,108.99299621582031,109.01200103759766,0.0
2025-01-08 19:19:00+00:00,108.98300170898438,108.99299621582031,108.97899627685547,108.99299621582031,0.0
2025-01-08 19:20:00+00:00,108.98600006103516,108.98600006103516,108.98100280761719,108.98300170898438,0.0
2025-01-08 19:21:00+00:00,108.98300170898438,108.98799896240234,108.97899627685547,108.98400115966797,0.0
2025-01-08 19:22:00+00:00,108.98400115966797,108.98600006103516,108.9800033569336,108.98200225830078,0.0
2025-01-08 19:23:00+00:00,108.9739990234375,108.98400115966797,108.9739990234375,108.98400115966797,0.0
2025-01-08 19:24:00+00:00,108.9749984741211,108.9749984741211,108.96800231933594,108.9739990234375,0.0
2025-01-08 19:25:00+00:00,108.99199676513672,108.99199676513672,108.97599792480469,108.97599792480469,0.0
2025-01-08 19:26:00+00:00,108.99700164794922,108.99700164794922,108.98899841308594,108.99299621582031,0.0
2025-01-08 19:27:00+00:00,108.98500061035156,109.0009994506836,108.98500061035156,108.99700164794922,0.0
2025-01-08 19:28:00+00:00,108.96199798583984,108.98500061035156,108.96199798583984,108.98500061035156,0.0
2025-01-08 19:29:00+00:00,108.95600128173828,108.96199798583984,108.9520034790039,108.96199798583984,0.0
2025-01-08 19:30:00+00:00,108.97799682617188,108.98400115966797,108.95500183105469,108.95500183105469,0.0
2025-01-08 19:31:00+00:00,108.98799896240234,108.98799896240234,108.97799682617188,108.97799682617188,0.0
2025-01-08 19:32:00+00:00,108.99700164794922,108.99800109863281,108.98600006103516,108.98699951171875,0.0
2025-01-08 19:33:00+00:00,109.00199890136719,109.00700378417969,108.99700164794922,108.99700164794922,0.0
2025-01-08 19:34:00+00:00,109.01599884033203,109.01599884033203,109.0009994506836,109.00199890136719,0.0
2025-01-08 19:35:00+00:00,109.01799774169922,109.0199966430664,109.01100158691406,109.01699829101562,0.0
2025-01-08 19:36:00+00:00,109.02400207519531,109.02400207519531,109.01799774169922,109.01899719238281,0.0
2025-01-08 19:37:00+00:00,109.02999877929688,109.03500366210938,109.0250015258789,109.0270004272461,0.0
2025-01-08 19:38:00+00:00,109.05000305175781,109.05000305175781,109.02999877929688,109.03099822998047,0.0
2025-01-08 19:39:00+00:00,109.06099700927734,109.06199645996094,109.0459976196289,109.05000305175781,0.0
2025-01-08 19:40:00+00:00,109.06300354003906,109.06300354003906,109.05400085449219,109.05999755859375,0.0
2025-01-08 19:41:00+00:00,109.06500244140625,109.07099914550781,109.06199645996094,109.06300354003906,0.0
2025-01-08 19:42:00+00:00,109.06700134277344,109.06700134277344,109.06099700927734,109.06500244140625,0.0
2025-01-08 19:43:00+00:00,109.06600189208984,109.07099914550781,109.06600189208984,109.06800079345703,0.0
2025-01-08 19:44:00+00:00,109.0739974975586,109.07499694824219,109.06400299072266,109.06600189208984,0.0
2025-01-08 19:45:00+00:00,109.07099914550781,109.07599639892578,109.06999969482422,109.07499694824219,0.0
2025-01-08 19:46:00+00:00,109.07499694824219,109.08000183105469,109.06999969482422,109.07099914550781,0.0
2025-01-08 19:47:00+00:00,109.08599853515625,109.08599853515625,109.07099914550781,109.0739974975586,0.0
2025-01-08 19:48:00+00:00,109.08899688720703,109.09100341796875,109.08699798583984,109.08699798583984,0.0
2025-01-08 19:49:00+00:00,109.08300018310547,109.09300231933594,109.08300018310547,109.08899688720703,0.0
2025-01-08 19:50:00+00:00,109.08599853515625,109.08599853515625,109.07499694824219,109.08399963378906,0.0
2025-01-08 19:51:00+00:00,109.08499908447266,109.08599853515625,109.0790023803711,109.08599853515625,0.0
2025-01-08 19:52:00+00:00,109.09400177001953,109.09400177001953,109.08100128173828,109.08499908447266,0.0
2025-01-08 19:53:00+00:00,109.09600067138672,109.09700012207031,109.09100341796875,109.09400177001953,0.0
2025-01-08 19:54:00+00:00,109.08999633789062,109.0979995727539,109.08999633789062,109.0979995727539,0.0
2025-01-08 19:55:00+00:00,109.09600067138672,109.09700012207031,109.08999633789062,109.09100341796875,0.0
2025-01-08 19:56:00+00:00,109.09700012207031,109.0979995727539,109.09300231933594,109.09600067138672,0.0
2025-01-08 19:57:00+00:00,109.09700012207031,109.0999984741211,109.09600067138672,109.0979995727539,0.0
2025-01-08 19:58:00+00:00,109.08300018310547,109.09700012207031,109.08200073242188,109.09700012207031,0.0
2025-01-08 19:59:00+00:00,109.08999633789062,109.08999633789062,109.08300018310547,109.08399963378906,0.0
2025-01-08 20:00:00+00:00,109.07099914550781,109.08999633789062,109.07099914550781,109.08999633789062,0.0
2025-01-08 20:01:00+00:00,109.06600189208984,109.06999969482422,109.06400299072266,109.06999969482422,0.0
2025-01-08 20:02:00+00:00,109.08399963378906,109.08399963378906,109.06400299072266,109.06600189208984,0.0
2025-01-08 20:03:00+00:00,109.0780029296875,109.08599853515625,109.0770034790039,109.08399963378906,0.0
2025-01-08 20:04:00+00:00,109.0790023803711,109.08200073242188,109.0780029296875,109.0780029296875,0.0
2025-01-08 20:05:00+00:00,109.08200073242188,109.08200073242188,109.07499694824219,109.0790023803711,0.0
2025-01-08 20:06:00+00:00,109.08399963378906,109.08499908447266,109.08200073242188,109.08200073242188,0.0
2025-01-08 20:07:00+00:00,109.0790023803711,109.08899688720703,109.0790023803711,109.08399963378906,0.0
2025-01-08 20:08:00+00:00,109.0739974975586,109.08000183105469,109.072998046875,109.0790023803711,0.0
2025-01-08 20:09:00+00:00,109.08200073242188,109.08799743652344,109.0739974975586,109.0739974975586,0.0
2025-01-08 20:10:00+00:00,109.08499908447266,109.08499908447266,109.0770034790039,109.0790023803711,0.0
2025-01-08 20:11:00+00:00,109.09100341796875,109.09100341796875,109.08499908447266,109.08499908447266,0.0
2025-01-08 20:12:00+00:00,109.10099792480469,109.10099792480469,109.09100341796875,109.09100341796875,0.0
2025-01-08 20:13:00+00:00,109.0999984741211,109.10099792480469,109.09600067138672,109.0999984741211,0.0
2025-01-08 20:14:00+00:00,109.09500122070312,109.0999984741211,109.09500122070312,109.0989990234375,0.0
2025-01-08 20:15:00+00:00,109.0770034790039,109.09700012207031,109.07599639892578,109.09600067138672,0.0
2025-01-08 20:16:00+00:00,109.0770034790039,109.0770034790039,109.0719985961914,109.07599639892578,0.0
2025-01-08 20:17:00+00:00,109.06600189208984,109.0780029296875,109.06600189208984,109.0780029296875,0.0
2025-01-08 20:18:00+00:00,109.05500030517578,109.06700134277344,109.05400085449219,109.06600189208984,0.0
2025-01-08 20:19:00+00:00,109.05599975585938,109.05799865722656,109.05500030517578,109.05500030517578,0.0
2025-01-08 20:20:00+00:00,109.05400085449219,109.05699920654297,109.05400085449219,109.05599975585938,0.0
2025-01-08 20:21:00+00:00,109.06099700927734,109.06300354003906,109.05400085449219,109.05400085449219,0.0
2025-01-08 20:22:00+00:00,109.0719985961914,109.0719985961914,109.05899810791016,109.06099700927734,0.0
2025-01-08 20:23:00+00:00,109.06300354003906,109.072998046875,109.06300354003906,109.072998046875,0.0
2025-01-08 20:24:00+00:00,109.06600189208984,109.06700134277344,109.06300354003906,109.06300354003906,0.0
2025-01-08 20:25:00+00:00,109.06999969482422,109.06999969482422,109.06500244140625,109.06600189208984,0.0
2025-01-08 20:26:00+00:00,109.06999969482422,109.0739974975586,109.06999969482422,109.06999969482422,0.0
2025-01-08 20:27:00+00:00,109.06600189208984,109.06999969482422,109.06099700927734,109.06999969482422,0.0
2025-01-08 20:28:00+00:00,109.05899810791016,109.06600189208984,109.05899810791016,109.06600189208984,0.0
2025-01-08 20:29:00+00:00,109.06400299072266,109.06400299072266,109.05699920654297,109.05899810791016,0.0
2025-01-08 20:30:00+00:00,109.06500244140625,109.06600189208984,109.06400299072266,109.06500244140625,0.0
2025-01-08 20:31:00+00:00,109.05899810791016,109.06800079345703,109.05899810791016,109.06500244140625,0.0
2025-01-08 20:32:00+00:00,109.06600189208984,109.06800079345703,109.05899810791016,109.05999755859375,0.0
2025-01-08 20:33:00+00:00,109.072998046875,109.072998046875,109.06500244140625,109.06500244140625,0.0
2025-01-08 20:34:00+00:00,109.06300354003906,109.0739974975586,109.06099700927734,109.072998046875,0.0
2025-01-08 20:35:00+00:00,109.06800079345703,109.06900024414062,109.06300354003906,109.06300354003906,0.0
2025-01-08 20:36:00+00:00,109.06199645996094,109.06800079345703,109.06099700927734,109.06800079345703,0.0
2025-01-08 20:37:00+00:00,109.06099700927734,109.06199645996094,109.05599975585938,109.06099700927734,0.0
2025-01-08 20:38:00+00:00,109.06300354003906,109.06600189208984,109.06099700927734,109.06099700927734,0.0
2025-01-08 20:39:00+00:00,109.06099700927734,109.06300354003906,109.05899810791016,109.06300354003906,0.0
2025-01-08 20:40:00+00:00,109.05500030517578,109.05999755859375,109.05500030517578,109.05999755859375,0.0
2025-01-08 20:41:00+00:00,109.05899810791016,109.05899810791016,109.0530014038086,109.05500030517578,0.0
2025-01-08 20:42:00+00:00,109.0530014038086,109.05899810791016,109.0530014038086,109.05899810791016,0.0
2025-01-08 20:43:00+00:00,109.0469970703125,109.05400085449219,109.0469970703125,109.052001953125,0.0
2025-01-08 20:44:00+00:00,109.02999877929688,109.0459976196289,109.02999877929688,109.0459976196289,0.0
2025-01-08 20:45:00+00:00,109.02999877929688,109.02999877929688,109.0260009765625,109.02899932861328,0.0
2025-01-08 20:46:00+00:00,109.04000091552734,109.04000091552734,109.02999877929688,109.02999877929688,0.0
2025-01-08 20:47:00+00:00,109.03299713134766,109.04499816894531,109.03299713134766,109.04100036621094,0.0
2025-01-08 20:48:00+00:00,109.02300262451172,109.03399658203125,109.02300262451172,109.03199768066406,0.0
2025-01-08 20:49:00+00:00,109.01799774169922,109.02100372314453,109.01399993896484,109.02100372314453,0.0
2025-01-08 20:50:00+00:00,109.01599884033203,109.0199966430664,109.01599884033203,109.01799774169922,0.0
2025-01-08 20:51:00+00:00,109.0199966430664,109.0199966430664,109.01599884033203,109.01599884033203,0.0
2025-01-08 20:52:00+00:00,109.0199966430664,109.0199966430664,109.0199966430664,109.0199966430664,0.0
2025-01-08 20:53:00+00:00,109.0260009765625,109.0260009765625,109.01899719238281,109.0199966430664,0.0
2025-01-08 20:54:00+00:00,109.02300262451172,109.0270004272461,109.02300262451172,109.0250015258789,0.0
2025-01-08 20:55:00+00:00,109.02200317382812,109.02200317382812,109.01699829101562,109.02200317382812,0.0
2025-01-08 20:56:00+00:00,109.03199768066406,109.03199768066406,109.02200317382812,109.02200317382812,0.0
2025-01-08 20:57:00+00:00,109.0250015258789,109.03399658203125,109.0250015258789,109.03399658203125,0.0
2025-01-08 20:58:00+00:00,109.02300262451172,109.0260009765625,109.02100372314453,109.0250015258789,0.0
2025-01-08 20:59:00+00:00,109.02300262451172,109.02400207519531,109.02200317382812,109.02200317382812,0.0
2025-01-08 21:00:00+00:00,109.01699829101562,109.02400207519531,109.01699829101562,109.02300262451172,0.0
2025-01-08 21:01:00+00:00,109.01399993896484,109.02100372314453,109.01399993896484,109.01799774169922,0.0
2025-01-08 21:02:00+00:00,109.00900268554688,109.01699829101562,109.00900268554688,109.01399993896484,0.0
2025-01-08 21:03:00+00:00,109.01399993896484,109.01399993896484,109.00700378417969,109.00800323486328,0.0
2025-01-08 21:04:00+00:00,109.00299835205078,109.01499938964844,109.00299835205078,109.01499938964844,0.0
2025-01-08 21:05:00+00:00,109.0009994506836,109.00299835205078,108.99700164794922,109.00299835205078,0.0
2025-01-08 21:06:00+00:00,109.00800323486328,109.00800323486328,109.0009994506836,109.0009994506836,0.0
2025-01-08 21:07:00+00:00,109.00900268554688,109.01000213623047,109.00599670410156,109.00800323486328,0.0
2025-01-08 21:08:00+00:00,109.0,109.00900268554688,109.0,109.00900268554688,0.0
2025-01-08 21:09:00+00:00,108.99800109863281,108.9990005493164,108.99800109863281,108.9990005493164,0.0
2025-01-08 21:10:00+00:00,109.00299835205078,109.00299835205078,108.99600219726562,108.99800109863281,0.0
2025-01-08 21:11:00+00:00,109.01399993896484,109.01399993896484,109.00299835205078,109.00399780273438,0.0
2025-01-08 21:12:00+00:00,109.01399993896484,109.01599884033203,109.01200103759766,109.01399993896484,0.0
2025-01-08 21:13:00+00:00,109.01000213623047,109.01399993896484,109.01000213623047,109.01399993896484,0.0
2025-01-08 21:14:00+00:00,109.01000213623047,109.01000213623047,109.00900268554688,109.01000213623047,0.0
2025-01-08 21:15:00+00:00,109.00900268554688,109.01000213623047,109.00900268554688,109.01000213623047,0.0
2025-01-08 21:16:00+00:00,109.00599670410156,109.01100158691406,109.00599670410156,109.00900268554688,0.0
2025-01-08 21:17:00+00:00,109.00199890136719,109.00499725341797,109.00199890136719,109.00499725341797,0.0
2025-01-08 21:18:00+00:00,109.00299835205078,109.00299835205078,109.00199890136719,109.00199890136719,0.0
2025-01-08 21:19:00+00:00,109.00800323486328,109.00800323486328,109.00399780273438,109.00399780273438,0.0
2025-01-08 21:20:00+00:00,109.01100158691406,109.01300048828125,109.00800323486328,109.00800323486328,0.0
2025-01-08 21:21:00+00:00,109.01000213623047,109.01100158691406,109.01000213623047,109.01100158691406,0.0
2025-01-08 21:22:00+00:00,109.01599884033203,109.01599884033203,109.01100158691406,109.01100158691406,0.0
2025-01-08 21:23:00+00:00,109.01599884033203,109.01699829101562,109.01499938964844,109.01599884033203,0.0
2025-01-08 21:24:00+00:00,109.01899719238281,109.01899719238281,109.01599884033203,109.01599884033203,0.0
2025-01-08 21:25:00+00:00,109.0199966430664,109.0199966430664,109.01899719238281,109.01899719238281,0.0
2025-01-08 21:26:00+00:00,109.0199966430664,109.02100372314453,109.0199966430664,109.0199966430664,0.0
2025-01-08 21:27:00+00:00,109.02400207519531,109.02400207519531,109.0199966430664,109.02100372314453,0.0
2025-01-08 21:28:00+00:00,109.0260009765625,109.0260009765625,109.02400207519531,109.02400207519531,0.0
2025-01-08 21:29:00+00:00,109.02100372314453,109.0260009765625,109.01899719238281,109.0260009765625,0.0
2025-01-08 21:30:00+00:00,109.02799987792969,109.02799987792969,109.02100372314453,109.02100372314453,0.0
2025-01-08 21:31:00+00:00,109.0250015258789,109.02899932861328,109.0250015258789,109.02799987792969,0.0
2025-01-08 21:32:00+00:00,109.0260009765625,109.0260009765625,109.0250015258789,109.0250015258789,0.0
2025-01-08 21:33:00+00:00,109.0250015258789,109.0260009765625,109.0250015258789,109.0260009765625,0.0
2025-01-08 21:34:00+00:00,109.0250015258789,109.0250015258789,109.02400207519531,109.0250015258789,0.0
2025-01-08 21:35:00+00:00,109.0260009765625,109.0260009765625,109.02400207519531,109.0250015258789,0.0
2025-01-08 21:36:00+00:00,109.02799987792969,109.02999877929688,109.0260009765625,109.0260009765625,0.0
2025-01-08 21:37:00+00:00,109.03299713134766,109.03299713134766,109.0270004272461,109.02799987792969,0.0
2025-01-08 21:38:00+00:00,109.02899932861328,109.03700256347656,109.02899932861328,109.03399658203125,0.0
2025-01-08 21:39:00+00:00,109.02899932861328,109.02999877929688,109.02200317382812,109.02899932861328,0.0
2025-01-08 21:40:00+00:00,109.0270004272461,109.02899932861328,109.0260009765625,109.02899932861328,0.0
2025-01-08 21:41:00+00:00,109.02999877929688,109.02999877929688,109.0260009765625,109.0260009765625,0.0
2025-01-08 21:42:00+00:00,109.0270004272461,109.03099822998047,109.0260009765625,109.02999877929688,0.0
2025-01-08 21:43:00+00:00,109.02400207519531,109.02899932861328,109.02400207519531,109.02799987792969,0.0
2025-01-08 21:44:00+00:00,109.0270004272461,109.0270004272461,109.02300262451172,109.02300262451172,0.0
2025-01-08 21:45:00+00:00,109.02400207519531,109.0270004272461,109.02300262451172,109.0270004272461,0.0
2025-01-08 21:46:00+00:00,109.01799774169922,109.02400207519531,109.01799774169922,109.02400207519531,0.0
2025-01-08 21:47:00+00:00,109.0199966430664,109.02100372314453,109.01699829101562,109.01799774169922,0.0
2025-01-08 21:48:00+00:00,109.01699829101562,109.0199966430664,109.01699829101562,109.0199966430664,0.0
2025-01-08 21:49:00+00:00,109.01599884033203,109.01799774169922,109.01499938964844,109.01699829101562,0.0
2025-01-08 21:50:00+00:00,109.01200103759766,109.01599884033203,109.01100158691406,109.01499938964844,0.0
2025-01-08 21:51:00+00:00,109.00900268554688,109.01200103759766,109.00900268554688,109.01200103759766,0.0
2025-01-08 21:52:00+00:00,109.00299835205078,109.01000213623047,109.00199890136719,109.00900268554688,0.0
2025-01-08 21:53:00+00:00,109.00499725341797,109.00599670410156,109.0,109.00299835205078,0.0
2025-01-08 21:54:00+00:00,109.00599670410156,109.00700378417969,109.00499725341797,109.00499725341797,0.0
2025-01-08 21:55:00+00:00,109.0009994506836,109.00700378417969,109.0009994506836,109.00700378417969,0.0
2025-01-08 21:56:00+00:00,108.99800109863281,109.0,108.99700164794922,108.9990005493164,0.0
2025-01-08 21:57:00+00:00,108.99600219726562,108.99800109863281,108.99500274658203,108.99800109863281,0.0
2025-01-08 21:58:00+00:00,108.99600219726562,108.99700164794922,108.99400329589844,108.99500274658203,0.0
2025-01-08 21:59:00+00:00,109.0,109.0009994506836,108.99600219726562,108.99600219726562,0.0
2025-01-08 22:00:00+00:00,109.00299835205078,109.00399780273438,108.9990005493164,109.0,0.0
2025-01-08 22:01:00+00:00,109.00499725341797,109.00499725341797,109.00199890136719,109.00199890136719,0.0
2025-01-08 22:02:00+00:00,109.01300048828125,109.01300048828125,109.00499725341797,109.00499725341797,0.0
2025-01-08 22:03:00+00:00,109.01200103759766,109.01799774169922,109.01200103759766,109.01200103759766,0.0
2025-01-08 22:04:00+00:00,109.01300048828125,109.01399993896484,109.01100158691406,109.01200103759766,0.0
2025-01-08 22:05:00+00:00,109.01399993896484,109.01399993896484,109.01200103759766,109.01300048828125,0.0
2025-01-08 22:06:00+00:00,109.01100158691406,109.01399993896484,109.01000213623047,109.01399993896484,0.0
2025-01-08 22:07:00+00:00,109.00800323486328,109.01200103759766,109.00800323486328,109.01200103759766,0.0
2025-01-08 22:08:00+00:00,109.00900268554688,109.00900268554688,109.00800323486328,109.00800323486328,0.0
2025-01-08 22:09:00+00:00,109.00800323486328,109.00900268554688,109.00800323486328,109.00900268554688,0.0
2025-01-08 22:10:00+00:00,109.00700378417969,109.00800323486328,109.00700378417969,109.00800323486328,0.0
2025-01-08 22:11:00+00:00,109.00800323486328,109.00800323486328,109.00700378417969,109.00700378417969,0.0
2025-01-08 22:12:00+00:00,109.00800323486328,109.00800323486328,109.00700378417969,109.00800323486328,0.0
2025-01-08 22:13:00+00:00,109.00800323486328,109.00900268554688,109.00800323486328,109.00800323486328,0.0
2025-01-08 22:16:00+00:00,109.0009994506836,109.00800323486328,109.0009994506836,109.00800323486328,0.0
2025-01-08 22:17:00+00:00,109.0009994506836,109.0009994506836,109.0,109.0009994506836,0.0
2025-01-08 22:19:00+00:00,109.00199890136719,109.00199890136719,109.0009994506836,109.00199890136719,0.0
2025-01-08 22:20:00+00:00,109.0009994506836,109.00199890136719,109.0,109.00199890136719,0.0
2025-01-08 22:21:00+00:00,108.9990005493164,109.0009994506836,108.9990005493164,109.0009994506836,0.0
2025-01-08 22:22:00+00:00,109.0009994506836,109.0009994506836,108.9990005493164,108.9990005493164,0.0
2025-01-08 22:23:00+00:00,109.0009994506836,109.0009994506836,109.0009994506836,109.0009994506836,0.0
2025-01-08 22:24:00+00:00,109.0,109.0009994506836,109.0,109.0009994506836,0.0
2025-01-08 22:25:00+00:00,109.0,109.0009994506836,109.0,109.0,0.0
2025-01-08 22:26:00+00:00,108.9990005493164,109.0009994506836,108.9990005493164,109.0,0.0
2025-01-08 22:27:00+00:00,108.99800109863281,109.0,108.99800109863281,108.9990005493164,0.0
2025-01-08 22:28:00+00:00,108.99600219726562,108.99800109863281,108.99600219726562,108.99800109863281,0.0
2025-01-08 22:29:00+00:00,108.99600219726562,108.99700164794922,108.99600219726562,108.99700164794922,0.0
2025-01-08 22:30:00+00:00,108.99299621582031,108.99600219726562,108.99299621582031,108.99600219726562,0.0
2025-01-08 22:31:00+00:00,108.99299621582031,108.99299621582031,108.99299621582031,108.99299621582031,0.0
2025-01-08 22:32:00+00:00,108.99199676513672,108.99299621582031,108.99199676513672,108.99299621582031,0.0
2025-01-08 22:34:00+00:00,108.99199676513672,108.99299621582031,108.99199676513672,108.99199676513672,0.0
2025-01-08 22:35:00+00:00,108.99199676513672,108.99199676513672,108.99099731445312,108.99099731445312,0.0
2025-01-08 22:36:00+00:00,108.99199676513672,108.99199676513672,108.99199676513672,108.99199676513672,0.0
2025-01-08 22:37:00+00:00,108.99099731445312,108.99500274658203,108.99099731445312,108.99199676513672,0.0
2025-01-08 22:38:00+00:00,108.98999786376953,108.99099731445312,108.98999786376953,108.99099731445312,0.0
2025-01-08 22:39:00+00:00,108.98899841308594,108.98999786376953,108.98899841308594,108.98999786376953,0.0
2025-01-08 22:41:00+00:00,108.98899841308594,108.98899841308594,108.98799896240234,108.98899841308594,0.0
2025-01-08 22:42:00+00:00,108.98999786376953,108.98999786376953,108.98899841308594,108.98899841308594,0.0
2025-01-08 22:44:00+00:00,108.99099731445312,108.99099731445312,108.98999786376953,108.98999786376953,0.0
2025-01-08 22:48:00+00:00,108.99299621582031,108.99299621582031,108.99199676513672,108.99199676513672,0.0
2025-01-08 22:51:00+00:00,108.99099731445312,108.99199676513672,108.98999786376953,108.99199676513672,0.0
2025-01-08 22:53:00+00:00,108.98999786376953,108.99099731445312,108.98999786376953,108.98999786376953,0.0
2025-01-08 22:55:00+00:00,108.99400329589844,108.99600219726562,108.99099731445312,108.99099731445312,0.0
2025-01-08 22:56:00+00:00,108.99500274658203,108.99500274658203,108.99400329589844,108.99400329589844,0.0
2025-01-08 22:57:00+00:00,108.99299621582031,108.99500274658203,108.99299621582031,108.99500274658203,0.0
2025-01-08 22:58:00+00:00,108.99400329589844,108.99400329589844,108.99299621582031,108.99400329589844,0.0
2025-01-08 22:59:00+00:00,108.99400329589844,108.99500274658203,108.99400329589844,108.99400329589844,0.0
2025-01-08 23:00:00+00:00,109.00299835205078,109.00599670410156,108.99400329589844,108.99400329589844,0.0
2025-01-08 23:01:00+00:00,108.99400329589844,109.00199890136719,108.99299621582031,109.00199890136719,0.0
2025-01-08 23:02:00+00:00,109.0,109.0,108.99299621582031,108.99400329589844,0.0
2025-01-08 23:03:00+00:00,109.01000213623047,109.01200103759766,109.0,109.0,0.0
2025-01-08 23:04:00+00:00,109.00800323486328,109.01100158691406,109.00800323486328,109.01000213623047,0.0
2025-01-09 00:45:00+00:00,109.08100128173828,109.08499908447266,109.08000183105469,109.08499908447266,0.0
2025-01-09 00:46:00+00:00,109.07499694824219,109.08100128173828,109.072998046875,109.08100128173828,0.0
2025-01-09 00:47:00+00:00,109.06900024414062,109.07499694824219,109.06900024414062,109.07499694824219,0.0
2025-01-09 00:48:00+00:00,109.072998046875,109.0739974975586,109.06700134277344,109.06900024414062,0.0
2025-01-09 00:49:00+00:00,109.07499694824219,109.07499694824219,109.0739974975586,109.0739974975586,0.0
2025-01-09 00:50:00+00:00,109.0770034790039,109.0770034790039,109.0719985961914,109.0739974975586,0.0
2025-01-09 00:51:00+00:00,109.072998046875,109.0770034790039,109.07099914550781,109.0770034790039,0.0
2025-01-09 00:52:00+00:00,109.07099914550781,109.072998046875,109.07099914550781,109.072998046875,0.0
2025-01-09 00:53:00+00:00,109.0770034790039,109.0770034790039,109.07099914550781,109.07099914550781,0.0
2025-01-09 00:54:00+00:00,109.08499908447266,109.08599853515625,109.07099914550781,109.07599639892578,0.0
2025-01-09 00:55:00+00:00,109.0739974975586,109.08699798583984,109.0739974975586,109.08499908447266,0.0
2025-01-09 00:56:00+00:00,109.06999969482422,109.0739974975586,109.06600189208984,109.0739974975586,0.0
2025-01-09 00:57:00+00:00,109.05400085449219,109.06999969482422,109.0530014038086,109.06999969482422,0.0
2025-01-09 00:58:00+00:00,109.03800201416016,109.05400085449219,109.03800201416016,109.05400085449219,0.0
2025-01-09 00:59:00+00:00,109.03700256347656,109.04100036621094,109.03600311279297,109.03800201416016,0.0
2025-01-09 01:00:00+00:00,109.03399658203125,109.03900146484375,109.03099822998047,109.03700256347656,0.0
2025-01-09 01:01:00+00:00,109.02899932861328,109.03399658203125,109.02899932861328,109.03399658203125,0.0
2025-01-09 01:02:00+00:00,109.03500366210938,109.03600311279297,109.02400207519531,109.02799987792969,0.0
2025-01-09 01:03:00+00:00,109.03900146484375,109.03900146484375,109.03299713134766,109.03399658203125,0.0
2025-01-09 01:04:00+00:00,109.04199981689453,109.04399871826172,109.03900146484375,109.03900146484375,0.0
2025-01-09 01:05:00+00:00,109.03900146484375,109.04199981689453,109.03500366210938,109.04100036621094,0.0
2025-01-09 01:06:00+00:00,109.03900146484375,109.0459976196289,109.03900146484375,109.03900146484375,0.0
2025-01-09 01:07:00+00:00,109.03500366210938,109.03900146484375,109.03299713134766,109.03900146484375,0.0
2025-01-09 01:08:00+00:00,109.03199768066406,109.03800201416016,109.03199768066406,109.03399658203125,0.0
2025-01-09 01:09:00+00:00,109.01799774169922,109.03199768066406,109.01799774169922,109.03199768066406,0.0
2025-01-09 01:10:00+00:00,109.02200317382812,109.02200317382812,109.01599884033203,109.01899719238281,0.0
2025-01-09 01:11:00+00:00,109.01899719238281,109.02400207519531,109.01499938964844,109.02200317382812,0.0
2025-01-09 01:12:00+00:00,109.02400207519531,109.0250015258789,109.01799774169922,109.01799774169922,0.0
2025-01-09 01:13:00+00:00,109.0270004272461,109.02799987792969,109.02300262451172,109.02300262451172,0.0
2025-01-09 01:14:00+00:00,109.0260009765625,109.02999877929688,109.0250015258789,109.0270004272461,0.0
2025-01-09 01:15:00+00:00,109.00800323486328,109.0250015258789,109.00800323486328,109.0250015258789,0.0
2025-01-09 01:16:00+00:00,108.99700164794922,109.00900268554688,108.99600219726562,109.00800323486328,0.0
2025-01-09 01:17:00+00:00,108.9990005493164,109.00399780273438,108.99800109863281,108.99800109863281,0.0
2025-01-09 01:18:00+00:00,109.00700378417969,109.00800323486328,109.0,109.0,0.0
2025-01-09 01:19:00+00:00,109.00199890136719,109.00700378417969,109.00199890136719,109.00700378417969,0.0
2025-01-09 01:21:00+00:00,108.99099731445312,108.99500274658203,108.98899841308594,108.99400329589844,0.0
2025-01-09 01:22:00+00:00,108.99400329589844,108.99400329589844,108.99099731445312,108.99099731445312,0.0
2025-01-09 01:23:00+00:00,108.99299621582031,108.99400329589844,108.99299621582031,108.99400329589844,0.0
2025-01-09 01:24:00+00:00,108.99299621582031,108.99299621582031,108.99099731445312,108.99299621582031,0.0
2025-01-09 01:25:00+00:00,109.0009994506836,109.0009994506836,108.99299621582031,108.99299621582031,0.0
2025-01-09 01:27:00+00:00,108.99299621582031,108.9990005493164,108.99199676513672,108.9990005493164,0.0
2025-01-09 01:28:00+00:00,109.0,109.0,108.99199676513672,108.99299621582031,0.0
2025-01-09 01:29:00+00:00,108.99800109863281,109.0,108.99700164794922,109.0,0.0
2025-01-09 01:30:00+00:00,109.01300048828125,109.01399993896484,108.99800109863281,108.99800109863281,0.0
2025-01-09 01:31:00+00:00,109.00499725341797,109.01300048828125,109.00499725341797,109.01300048828125,0.0
2025-01-09 01:32:00+00:00,108.99800109863281,109.00399780273438,108.99800109863281,109.00399780273438,0.0
2025-01-09 01:33:00+00:00,108.99500274658203,108.99700164794922,108.98799896240234,108.99700164794922,0.0
2025-01-09 01:34:00+00:00,108.99800109863281,108.9990005493164,108.99600219726562,108.99600219726562,0.0
2025-01-09 01:35:00+00:00,109.01200103759766,109.01300048828125,108.99800109863281,108.99800109863281,0.0
2025-01-09 01:36:00+00:00,109.01599884033203,109.01699829101562,109.01100158691406,109.01100158691406,0.0
2025-01-09 01:37:00+00:00,109.00800323486328,109.01699829101562,109.00800323486328,109.01599884033203,0.0
2025-01-09 01:38:00+00:00,109.01200103759766,109.01300048828125,109.00700378417969,109.00800323486328,0.0
2025-01-09 01:39:00+00:00,109.01100158691406,109.01200103759766,109.00700378417969,109.01200103759766,0.0
2025-01-09 01:40:00+00:00,109.0009994506836,109.01100158691406,109.0009994506836,109.01100158691406,0.0
2025-01-09 01:41:00+00:00,109.00599670410156,109.00700378417969,108.9990005493164,109.0009994506836,0.0
2025-01-09 01:42:00+00:00,109.00199890136719,109.00700378417969,108.9990005493164,109.00700378417969,0.0
2025-01-09 01:43:00+00:00,109.00599670410156,109.00700378417969,109.00199890136719,109.00199890136719,0.0
2025-01-09 01:44:00+00:00,109.00900268554688,109.01000213623047,109.00499725341797,109.00599670410156,0.0
2025-01-09 01:45:00+00:00,109.01599884033203,109.01599884033203,109.00900268554688,109.00900268554688,0.0
2025-01-09 01:46:00+00:00,109.02300262451172,109.0250015258789,109.01599884033203,109.01599884033203,0.0
2025-01-09 01:47:00+00:00,109.02799987792969,109.02799987792969,109.02300262451172,109.02300262451172,0.0
2025-01-09 01:48:00+00:00,109.0199966430664,109.02899932861328,109.01899719238281,109.02799987792969,0.0
2025-01-09 01:49:00+00:00,109.01399993896484,109.0199966430664,109.01300048828125,109.0199966430664,0.0
2025-01-09 01:50:00+00:00,109.00800323486328,109.01300048828125,109.00599670410156,109.01300048828125,0.0
2025-01-09 01:51:00+00:00,109.00599670410156,109.00900268554688,109.00599670410156,109.00800323486328,0.0
2025-01-09 01:52:00+00:00,109.00900268554688,109.01100158691406,109.00499725341797,109.00599670410156,0.0
2025-01-09 01:53:00+00:00,109.00700378417969,109.01200103759766,109.00499725341797,109.00900268554688,0.0
2025-01-09 01:54:00+00:00,109.01300048828125,109.01300048828125,109.00700378417969,109.00800323486328,0.0
2025-01-09 01:55:00+00:00,109.01100158691406,109.01200103759766,109.00900268554688,109.01200103759766,0.0
2025-01-09 01:56:00+00:00,109.01200103759766,109.01200103759766,109.00499725341797,109.01000213623047,0.0
2025-01-09 01:57:00+00:00,109.01399993896484,109.01399993896484,109.01100158691406,109.01100158691406,0.0
2025-01-09 01:58:00+00:00,109.01200103759766,109.01399993896484,109.00800323486328,109.01399993896484,0.0
2025-01-09 01:59:00+00:00,109.01200103759766,109.01599884033203,109.01100158691406,109.01200103759766,0.0
2025-01-09 02:00:00+00:00,109.01300048828125,109.01399993896484,109.01000213623047,109.01200103759766,0.0
2025-01-09 02:01:00+00:00,109.00299835205078,109.01300048828125,109.00199890136719,109.01300048828125,0.0
2025-01-09 02:02:00+00:00,109.00399780273438,109.00399780273438,109.00299835205078,109.00399780273438,0.0
2025-01-09 02:03:00+00:00,109.00499725341797,109.00900268554688,109.00399780273438,109.00399780273438,0.0
2025-01-09 02:05:00+00:00,108.99299621582031,109.0009994506836,108.99299621582031,109.0009994506836,0.0
2025-01-09 02:06:00+00:00,108.98899841308594,108.99299621582031,108.98799896240234,108.99299621582031,0.0
2025-01-09 02:07:00+00:00,108.98999786376953,108.99400329589844,108.98899841308594,108.98999786376953,0.0
2025-01-09 02:08:00+00:00,108.98500061035156,108.98999786376953,108.98400115966797,108.98899841308594,0.0
2025-01-09 02:09:00+00:00,108.99299621582031,108.99400329589844,108.98500061035156,108.98500061035156,0.0
2025-01-09 02:10:00+00:00,108.98999786376953,108.99500274658203,108.98999786376953,108.99400329589844,0.0
2025-01-09 02:11:00+00:00,108.98899841308594,108.99199676513672,108.98799896240234,108.99099731445312,0.0
2025-01-09 02:12:00+00:00,108.98400115966797,108.98899841308594,108.98300170898438,108.98899841308594,0.0
2025-01-09 02:13:00+00:00,108.98600006103516,108.98600006103516,108.98300170898438,108.98400115966797,0.0
2025-01-09 02:14:00+00:00,108.98600006103516,108.98699951171875,108.98300170898438,108.98600006103516,0.0
2025-01-09 02:15:00+00:00,108.98200225830078,108.98600006103516,108.97899627685547,108.98600006103516,0.0
2025-01-09 02:16:00+00:00,108.97899627685547,108.98600006103516,108.97899627685547,108.98300170898438,0.0
2025-01-09 02:17:00+00:00,108.9729995727539,108.98100280761719,108.9729995727539,108.97899627685547,0.0
2025-01-09 02:18:00+00:00,108.9729995727539,108.9749984741211,108.9729995727539,108.9739990234375,0.0
2025-01-09 02:19:00+00:00,108.96700286865234,108.9729995727539,108.96600341796875,108.9729995727539,0.0
2025-01-09 02:20:00+00:00,108.95899963378906,108.96700286865234,108.95899963378906,108.96700286865234,0.0
2025-01-09 02:21:00+00:00,108.9540023803711,108.95899963378906,108.9540023803711,108.95800018310547,0.0
2025-01-09 02:22:00+00:00,108.96399688720703,108.96499633789062,108.95500183105469,108.95500183105469,0.0
2025-01-09 02:23:00+00:00,108.9729995727539,108.9729995727539,108.96399688720703,108.96499633789062,0.0
2025-01-09 02:24:00+00:00,108.9729995727539,108.97599792480469,108.97200012207031,108.97200012207031,0.0
2025-01-09 02:25:00+00:00,108.9749984741211,108.9749984741211,108.97200012207031,108.9729995727539,0.0
2025-01-09 02:26:00+00:00,108.9800033569336,108.9800033569336,108.9749984741211,108.97599792480469,0.0
2025-01-09 02:27:00+00:00,108.98400115966797,108.98400115966797,108.9800033569336,108.9800033569336,0.0
2025-01-09 02:28:00+00:00,108.98300170898438,108.98600006103516,108.98300170898438,108.98500061035156,0.0
2025-01-09 02:30:00+00:00,108.98799896240234,108.98899841308594,108.98300170898438,108.98500061035156,0.0
2025-01-09 02:31:00+00:00,108.99400329589844,108.99500274658203,108.98899841308594,108.98899841308594,0.0
2025-01-09 02:32:00+00:00,108.99700164794922,109.0,108.99400329589844,108.99400329589844,0.0
2025-01-09 02:33:00+00:00,109.0,109.0,108.99600219726562,108.99600219726562,0.0
2025-01-09 02:34:00+00:00,108.99400329589844,109.0,108.99400329589844,109.0,0.0
2025-01-09 02:35:00+00:00,108.99299621582031,108.99800109863281,108.99299621582031,108.99400329589844,0.0
2025-01-09 02:36:00+00:00,108.98999786376953,108.99400329589844,108.98999786376953,108.99199676513672,0.0
2025-01-09 02:37:00+00:00,108.99400329589844,108.99400329589844,108.98799896240234,108.98999786376953,0.0
2025-01-09 02:38:00+00:00,109.00299835205078,109.00299835205078,108.99299621582031,108.99400329589844,0.0
2025-01-09 02:39:00+00:00,109.00199890136719,109.00299835205078,109.00199890136719,109.00299835205078,0.0
2025-01-09 02:40:00+00:00,109.00299835205078,109.00599670410156,109.00299835205078,109.00299835205078,0.0
2025-01-09 02:41:00+00:00,109.00399780273438,109.00399780273438,109.00299835205078,109.00299835205078,0.0
2025-01-09 02:42:00+00:00,108.98699951171875,109.00399780273438,108.98500061035156,109.00399780273438,0.0
2025-01-09 02:43:00+00:00,108.98400115966797,108.98799896240234,108.98300170898438,108.98799896240234,0.0
2025-01-09 02:44:00+00:00,108.98799896240234,108.98799896240234,108.98100280761719,108.98400115966797,0.0
2025-01-09 02:45:00+00:00,108.98400115966797,108.98899841308594,108.98400115966797,108.98799896240234,0.0
2025-01-09 02:46:00+00:00,108.98100280761719,108.98200225830078,108.97899627685547,108.98200225830078,0.0
2025-01-09 02:47:00+00:00,108.98100280761719,108.98400115966797,108.9800033569336,108.98100280761719,0.0
2025-01-09 02:48:00+00:00,108.98799896240234,108.98799896240234,108.98100280761719,108.98100280761719,0.0
2025-01-09 02:49:00+00:00,108.98600006103516,108.98799896240234,108.98600006103516,108.98799896240234,0.0
2025-01-09 02:50:00+00:00,108.99400329589844,108.99400329589844,108.98600006103516,108.98600006103516,0.0
2025-01-09 02:51:00+00:00,108.99400329589844,108.99500274658203,108.99199676513672,108.99400329589844,0.0
2025-01-09 02:52:00+00:00,108.99400329589844,108.9990005493164,108.99400329589844,108.99400329589844,0.0
2025-01-09 02:53:00+00:00,108.98899841308594,108.99400329589844,108.98899841308594,108.99400329589844,0.0
2025-01-09 02:54:00+00:00,108.98799896240234,108.98899841308594,108.98699951171875,108.98899841308594,0.0
2025-01-09 02:55:00+00:00,108.98600006103516,108.98899841308594,108.98600006103516,108.98799896240234,0.0
2025-01-09 02:56:00+00:00,108.98699951171875,108.98699951171875,108.98300170898438,108.98500061035156,0.0
2025-01-09 02:57:00+00:00,108.98799896240234,108.98899841308594,108.98400115966797,108.98699951171875,0.0
2025-01-09 02:58:00+00:00,108.98999786376953,108.98999786376953,108.98500061035156,108.98699951171875,0.0
2025-01-09 02:59:00+00:00,108.98999786376953,108.99299621582031,108.98899841308594,108.98999786376953,0.0
2025-01-09 03:00:00+00:00,108.99299621582031,108.99299621582031,108.98999786376953,108.99099731445312,0.0
2025-01-09 03:01:00+00:00,108.99099731445312,108.99400329589844,108.99099731445312,108.99299621582031,0.0
2025-01-09 03:02:00+00:00,108.98999786376953,108.99099731445312,108.98799896240234,108.99099731445312,0.0
2025-01-09 03:03:00+00:00,108.99099731445312,108.99400329589844,108.98899841308594,108.98999786376953,0.0
2025-01-09 03:04:00+00:00,108.98799896240234,108.99199676513672,108.98799896240234,108.99099731445312,0.0
2025-01-09 03:05:00+00:00,108.98300170898438,108.98799896240234,108.98300170898438,108.98799896240234,0.0
2025-01-09 03:06:00+00:00,108.97599792480469,108.98300170898438,108.97599792480469,108.98300170898438,0.0
2025-01-09 03:07:00+00:00,108.96900177001953,108.97699737548828,108.96900177001953,108.97599792480469,0.0
2025-01-09 03:08:00+00:00,108.96299743652344,108.96900177001953,108.96199798583984,108.96900177001953,0.0
2025-01-09 03:09:00+00:00,108.95899963378906,108.96299743652344,108.95600128173828,108.96299743652344,0.0
2025-01-09 03:10:00+00:00,108.9520034790039,108.95899963378906,108.95099639892578,108.95800018310547,0.0
2025-01-09 03:11:00+00:00,108.94100189208984,108.9530029296875,108.94000244140625,108.95099639892578,0.0
2025-01-09 03:12:00+00:00,108.94499969482422,108.94599914550781,108.94100189208984,108.94100189208984,0.0
2025-01-09 03:13:00+00:00,108.94999694824219,108.95099639892578,108.94300079345703,108.94599914550781,0.0
2025-01-09 03:14:00+00:00,108.9489974975586,108.94999694824219,108.9469985961914,108.947998046875,0.0
2025-01-09 03:15:00+00:00,108.94400024414062,108.9489974975586,108.94300079345703,108.9489974975586,0.0
2025-01-09 03:16:00+00:00,108.9469985961914,108.947998046875,108.94400024414062,108.94400024414062,0.0
2025-01-09 03:17:00+00:00,108.9530029296875,108.9530029296875,108.94300079345703,108.9469985961914,0.0
2025-01-09 03:18:00+00:00,108.95700073242188,108.95999908447266,108.9530029296875,108.9530029296875,0.0
2025-01-09 03:19:00+00:00,108.95700073242188,108.96099853515625,108.95600128173828,108.95700073242188,0.0
2025-01-09 03:20:00+00:00,108.95700073242188,108.95999908447266,108.95700073242188,108.95700073242188,0.0
2025-01-09 03:21:00+00:00,108.9540023803711,108.95800018310547,108.9540023803711,108.95600128173828,0.0
2025-01-09 03:22:00+00:00,108.95999908447266,108.96099853515625,108.9540023803711,108.9540023803711,0.0
2025-01-09 03:23:00+00:00,108.95999908447266,108.96099853515625,108.95999908447266,108.95999908447266,0.0
2025-01-09 03:24:00+00:00,108.95700073242188,108.95999908447266,108.95700073242188,108.95999908447266,0.0
2025-01-09 03:25:00+00:00,108.96600341796875,108.96600341796875,108.95500183105469,108.95700073242188,0.0
2025-01-09 03:26:00+00:00,108.96299743652344,108.96700286865234,108.96199798583984,108.96600341796875,0.0
2025-01-09 03:27:00+00:00,108.96499633789062,108.96600341796875,108.96399688720703,108.96399688720703,0.0
2025-01-09 03:29:00+00:00,108.96099853515625,108.96199798583984,108.95899963378906,108.96199798583984,0.0
2025-01-09 03:30:00+00:00,108.95899963378906,108.96600341796875,108.95899963378906,108.96199798583984,0.0
2025-01-09 03:31:00+00:00,108.95099639892578,108.95800018310547,108.94999694824219,108.95800018310547,0.0
2025-01-09 03:32:00+00:00,108.94999694824219,108.9540023803711,108.94999694824219,108.95099639892578,0.0
2025-01-09 03:33:00+00:00,108.95099639892578,108.9520034790039,108.9489974975586,108.95099639892578,0.0
2025-01-09 03:34:00+00:00,108.9489974975586,108.9530029296875,108.9489974975586,108.95099639892578,0.0
2025-01-09 03:36:00+00:00,108.9520034790039,108.9520034790039,108.9489974975586,108.9489974975586,0.0
2025-01-09 03:37:00+00:00,108.9530029296875,108.95899963378906,108.9530029296875,108.9530029296875,0.0
2025-01-09 03:38:00+00:00,108.9540023803711,108.9540023803711,108.9489974975586,108.9520034790039,0.0
2025-01-09 03:39:00+00:00,108.9540023803711,108.9540023803711,108.9489974975586,108.9540023803711,0.0
2025-01-09 03:40:00+00:00,108.95999908447266,108.96099853515625,108.9540023803711,108.95500183105469,0.0
2025-01-09 03:41:00+00:00,108.95899963378906,108.95999908447266,108.95600128173828,108.95999908447266,0.0
2025-01-09 03:42:00+00:00,108.95999908447266,108.96199798583984,108.95800018310547,108.95899963378906,0.0
2025-01-09 03:43:00+00:00,108.96499633789062,108.96499633789062,108.95999908447266,108.95999908447266,0.0
2025-01-09 03:44:00+00:00,108.96399688720703,108.96499633789062,108.96199798583984,108.96499633789062,0.0
2025-01-09 03:45:00+00:00,108.96099853515625,108.96399688720703,108.96099853515625,108.96399688720703,0.0
2025-01-09 03:46:00+00:00,108.96700286865234,108.96700286865234,108.95999908447266,108.96099853515625,0.0
2025-01-09 03:47:00+00:00,108.9749984741211,108.97599792480469,108.96700286865234,108.96700286865234,0.0
2025-01-09 03:48:00+00:00,108.98799896240234,108.98799896240234,108.9749984741211,108.9749984741211,0.0
2025-01-09 03:49:00+00:00,109.00299835205078,109.00399780273438,108.98799896240234,108.98799896240234,0.0
2025-01-09 03:50:00+00:00,109.01200103759766,109.01200103759766,109.00199890136719,109.00299835205078,0.0
2025-01-09 03:51:00+00:00,109.01699829101562,109.01899719238281,109.01300048828125,109.01300048828125,0.0
2025-01-09 03:52:00+00:00,109.02200317382812,109.02200317382812,109.01699829101562,109.01699829101562,0.0
2025-01-09 03:53:00+00:00,109.02400207519531,109.0250015258789,109.02200317382812,109.02200317382812,0.0
2025-01-09 03:54:00+00:00,109.0250015258789,109.0270004272461,109.02300262451172,109.0250015258789,0.0
2025-01-09 03:55:00+00:00,109.02100372314453,109.0250015258789,109.01899719238281,109.0250015258789,0.0
2025-01-09 03:56:00+00:00,109.02999877929688,109.02999877929688,109.02100372314453,109.02100372314453,0.0
2025-01-09 03:57:00+00:00,109.02999877929688,109.02999877929688,109.02400207519531,109.02999877929688,0.0
2025-01-09 03:58:00+00:00,109.03399658203125,109.03500366210938,109.02999877929688,109.02999877929688,0.0
2025-01-09 03:59:00+00:00,109.03500366210938,109.03500366210938,109.02999877929688,109.03399658203125,0.0
2025-01-09 04:00:00+00:00,109.04000091552734,109.04000091552734,109.03299713134766,109.03399658203125,0.0
2025-01-09 04:01:00+00:00,109.02100372314453,109.03900146484375,109.02100372314453,109.03900146484375,0.0
2025-01-09 04:02:00+00:00,109.02799987792969,109.02999877929688,109.01899719238281,109.02100372314453,0.0
2025-01-09 04:03:00+00:00,109.02999877929688,109.03099822998047,109.02200317382812,109.0270004272461,0.0
2025-01-09 04:04:00+00:00,109.03099822998047,109.03399658203125,109.02899932861328,109.02999877929688,0.0
2025-01-09 04:05:00+00:00,109.03900146484375,109.03900146484375,109.03099822998047,109.03099822998047,0.0
2025-01-09 04:07:00+00:00,109.0510025024414,109.0510025024414,109.04399871826172,109.0479965209961,0.0
2025-01-09 04:08:00+00:00,109.05799865722656,109.05799865722656,109.0479965209961,109.0510025024414,0.0
2025-01-09 04:09:00+00:00,109.05500030517578,109.05899810791016,109.0530014038086,109.05899810791016,0.0
2025-01-09 04:10:00+00:00,109.06400299072266,109.06500244140625,109.05500030517578,109.05500030517578,0.0
2025-01-09 04:11:00+00:00,109.07099914550781,109.07099914550781,109.06400299072266,109.06400299072266,0.0
2025-01-09 04:12:00+00:00,109.07099914550781,109.07599639892578,109.07099914550781,109.0719985961914,0.0
2025-01-09 04:13:00+00:00,109.06300354003906,109.07099914550781,109.06199645996094,109.07099914550781,0.0
2025-01-09 04:14:00+00:00,109.06199645996094,109.06300354003906,109.05899810791016,109.06300354003906,0.0
2025-01-09 04:15:00+00:00,109.05899810791016,109.06199645996094,109.05799865722656,109.06199645996094,0.0
2025-01-09 04:16:00+00:00,109.05699920654297,109.05899810791016,109.0530014038086,109.05899810791016,0.0
2025-01-09 04:17:00+00:00,109.06300354003906,109.06600189208984,109.05699920654297,109.05699920654297,0.0
2025-01-09 04:18:00+00:00,109.05899810791016,109.06500244140625,109.05899810791016,109.06300354003906,0.0
2025-01-09 04:19:00+00:00,109.06199645996094,109.06300354003906,109.05899810791016,109.05899810791016,0.0
2025-01-09 04:20:00+00:00,109.06600189208984,109.06600189208984,109.05999755859375,109.06300354003906,0.0
2025-01-09 04:21:00+00:00,109.06999969482422,109.072998046875,109.06600189208984,109.06700134277344,0.0
2025-01-09 04:22:00+00:00,109.05899810791016,109.06999969482422,109.05899810791016,109.06999969482422,0.0
2025-01-09 04:23:00+00:00,109.05799865722656,109.06199645996094,109.05799865722656,109.05899810791016,0.0
2025-01-09 04:24:00+00:00,109.04900360107422,109.05799865722656,109.0479965209961,109.05799865722656,0.0
2025-01-09 04:25:00+00:00,109.0459976196289,109.0479965209961,109.04399871826172,109.0479965209961,0.0
2025-01-09 04:26:00+00:00,109.0479965209961,109.04900360107422,109.0469970703125,109.0469970703125,0.0
2025-01-09 04:27:00+00:00,109.0469970703125,109.04900360107422,109.0469970703125,109.04900360107422,0.0
2025-01-09 04:28:00+00:00,109.04199981689453,109.0469970703125,109.04199981689453,109.0469970703125,0.0
2025-01-09 04:29:00+00:00,109.03900146484375,109.04199981689453,109.03800201416016,109.04100036621094,0.0
2025-01-09 04:30:00+00:00,109.04499816894531,109.04499816894531,109.03900146484375,109.03900146484375,0.0
2025-01-09 04:31:00+00:00,109.05000305175781,109.05000305175781,109.04499816894531,109.04499816894531,0.0
2025-01-09 04:32:00+00:00,109.05799865722656,109.05799865722656,109.04900360107422,109.04900360107422,0.0
2025-01-09 04:33:00+00:00,109.05599975585938,109.05799865722656,109.0510025024414,109.05799865722656,0.0
2025-01-09 04:34:00+00:00,109.06099700927734,109.06300354003906,109.05500030517578,109.05699920654297,0.0
2025-01-09 04:35:00+00:00,109.06400299072266,109.06400299072266,109.05999755859375,109.05999755859375,0.0
2025-01-09 04:36:00+00:00,109.06099700927734,109.06300354003906,109.06099700927734,109.06300354003906,0.0
2025-01-09 04:37:00+00:00,109.06199645996094,109.06199645996094,109.05999755859375,109.05999755859375,0.0
2025-01-09 04:38:00+00:00,109.06700134277344,109.06700134277344,109.06199645996094,109.06199645996094,0.0
2025-01-09 04:39:00+00:00,109.06300354003906,109.06600189208984,109.06099700927734,109.06600189208984,0.0
2025-01-09 04:40:00+00:00,109.05599975585938,109.06300354003906,109.05500030517578,109.06300354003906,0.0
2025-01-09 04:41:00+00:00,109.05699920654297,109.05899810791016,109.05500030517578,109.05599975585938,0.0
2025-01-09 04:42:00+00:00,109.05899810791016,109.05999755859375,109.05599975585938,109.05699920654297,0.0
2025-01-09 04:43:00+00:00,109.05899810791016,109.06099700927734,109.05799865722656,109.05999755859375,0.0
2025-01-09 04:44:00+00:00,109.06099700927734,109.06199645996094,109.05699920654297,109.05799865722656,0.0
2025-01-09 04:45:00+00:00,109.05599975585938,109.06500244140625,109.05599975585938,109.06099700927734,0.0
2025-01-09 04:46:00+00:00,109.0530014038086,109.05599975585938,109.0530014038086,109.05599975585938,0.0
2025-01-09 04:47:00+00:00,109.05400085449219,109.05500030517578,109.052001953125,109.0530014038086,0.0
2025-01-09 04:48:00+00:00,109.05699920654297,109.05699920654297,109.05400085449219,109.05400085449219,0.0
2025-01-09 04:49:00+00:00,109.06099700927734,109.06099700927734,109.05699920654297,109.05699920654297,0.0
2025-01-09 04:50:00+00:00,109.05899810791016,109.06099700927734,109.05799865722656,109.06099700927734,0.0
2025-01-09 04:51:00+00:00,109.06300354003906,109.06500244140625,109.05799865722656,109.05899810791016,0.0
2025-01-09 04:52:00+00:00,109.06099700927734,109.06199645996094,109.05799865722656,109.06199645996094,0.0
2025-01-09 04:53:00+00:00,109.06199645996094,109.06199645996094,109.05999755859375,109.06099700927734,0.0
2025-01-09 04:54:00+00:00,109.05699920654297,109.06199645996094,109.05599975585938,109.06199645996094,0.0
2025-01-09 04:55:00+00:00,109.05899810791016,109.05899810791016,109.05699920654297,109.05699920654297,0.0
2025-01-09 04:56:00+00:00,109.05899810791016,109.05899810791016,109.05799865722656,109.05899810791016,0.0
2025-01-09 04:57:00+00:00,109.05599975585938,109.05999755859375,109.05599975585938,109.05899810791016,0.0
2025-01-09 04:58:00+00:00,109.05899810791016,109.05999755859375,109.05599975585938,109.05599975585938,0.0
2025-01-09 05:00:00+00:00,109.06199645996094,109.06199645996094,109.05599975585938,109.05599975585938,0.0
2025-01-09 05:01:00+00:00,109.06400299072266,109.06999969482422,109.06300354003906,109.06300354003906,0.0
2025-01-09 05:02:00+00:00,109.05899810791016,109.06500244140625,109.05899810791016,109.06500244140625,0.0
2025-01-09 05:03:00+00:00,109.05799865722656,109.05899810791016,109.05599975585938,109.05899810791016,0.0
2025-01-09 05:04:00+00:00,109.06900024414062,109.06900024414062,109.05699920654297,109.05799865722656,0.0
2025-01-09 05:05:00+00:00,109.06900024414062,109.0790023803711,109.06800079345703,109.06900024414062,0.0
2025-01-09 05:06:00+00:00,109.06400299072266,109.06900024414062,109.06400299072266,109.06900024414062,0.0
2025-01-09 05:07:00+00:00,109.05999755859375,109.06400299072266,109.05699920654297,109.06400299072266,0.0
2025-01-09 05:08:00+00:00,109.05500030517578,109.05999755859375,109.05400085449219,109.05899810791016,0.0
2025-01-09 05:09:00+00:00,109.05000305175781,109.05599975585938,109.04900360107422,109.05500030517578,0.0
2025-01-09 05:10:00+00:00,109.05500030517578,109.05500030517578,109.05000305175781,109.05000305175781,0.0
2025-01-09 05:11:00+00:00,109.05000305175781,109.05500030517578,109.05000305175781,109.05500030517578,0.0
2025-01-09 05:12:00+00:00,109.05400085449219,109.05500030517578,109.0479965209961,109.04900360107422,0.0
2025-01-09 05:13:00+00:00,109.0459976196289,109.05400085449219,109.0459976196289,109.05400085449219,0.0
2025-01-09 05:14:00+00:00,109.0510025024414,109.052001953125,109.0459976196289,109.0459976196289,0.0
2025-01-09 05:15:00+00:00,109.0510025024414,109.0530014038086,109.0510025024414,109.052001953125,0.0
2025-01-09 05:16:00+00:00,109.04399871826172,109.0510025024414,109.04399871826172,109.0510025024414,0.0
2025-01-09 05:17:00+00:00,109.04000091552734,109.04399871826172,109.03900146484375,109.04399871826172,0.0
2025-01-09 05:18:00+00:00,109.03600311279297,109.03900146484375,109.03299713134766,109.03900146484375,0.0
2025-01-09 05:19:00+00:00,109.04299926757812,109.04399871826172,109.03600311279297,109.03600311279297,0.0
2025-01-09 05:20:00+00:00,109.04100036621094,109.04299926757812,109.04100036621094,109.04299926757812,0.0
2025-01-09 05:21:00+00:00,109.03399658203125,109.04100036621094,109.03399658203125,109.04100036621094,0.0
2025-01-09 05:23:00+00:00,109.03600311279297,109.04000091552734,109.03600311279297,109.03900146484375,0.0
2025-01-09 05:24:00+00:00,109.04199981689453,109.04299926757812,109.03500366210938,109.03600311279297,0.0
2025-01-09 05:25:00+00:00,109.04900360107422,109.04900360107422,109.04199981689453,109.04199981689453,0.0
2025-01-09 05:26:00+00:00,109.0479965209961,109.04900360107422,109.0469970703125,109.0479965209961,0.0
2025-01-09 05:27:00+00:00,109.0530014038086,109.0530014038086,109.0479965209961,109.0479965209961,0.0
2025-01-09 05:28:00+00:00,109.05500030517578,109.05500030517578,109.0530014038086,109.0530014038086,0.0
2025-01-09 05:29:00+00:00,109.06300354003906,109.06300354003906,109.05500030517578,109.05500030517578,0.0
2025-01-09 05:30:00+00:00,109.07099914550781,109.07099914550781,109.06199645996094,109.06199645996094,0.0
2025-01-09 05:31:00+00:00,109.07599639892578,109.07599639892578,109.06700134277344,109.06999969482422,0.0
2025-01-09 05:32:00+00:00,109.06600189208984,109.07499694824219,109.05999755859375,109.07499694824219,0.0
2025-01-09 05:33:00+00:00,109.06300354003906,109.06800079345703,109.06300354003906,109.06600189208984,0.0
2025-01-09 05:34:00+00:00,109.06099700927734,109.06500244140625,109.06099700927734,109.06300354003906,0.0
2025-01-09 05:35:00+00:00,109.06099700927734,109.06199645996094,109.05999755859375,109.06199645996094,0.0
2025-01-09 05:36:00+00:00,109.06199645996094,109.06300354003906,109.05999755859375,109.06199645996094,0.0
2025-01-09 05:37:00+00:00,109.06199645996094,109.06300354003906,109.06099700927734,109.06099700927734,0.0
2025-01-09 05:38:00+00:00,109.05699920654297,109.06300354003906,109.05699920654297,109.06300354003906,0.0
2025-01-09 05:39:00+00:00,109.0479965209961,109.05699920654297,109.0479965209961,109.05699920654297,0.0
2025-01-09 05:40:00+00:00,109.05400085449219,109.05400085449219,109.0469970703125,109.0479965209961,0.0
2025-01-09 05:41:00+00:00,109.06099700927734,109.06099700927734,109.0530014038086,109.05400085449219,0.0
2025-01-09 05:42:00+00:00,109.05999755859375,109.06199645996094,109.05999755859375,109.06099700927734,0.0
2025-01-09 05:43:00+00:00,109.06999969482422,109.07099914550781,109.05899810791016,109.05999755859375,0.0
2025-01-09 05:44:00+00:00,109.0719985961914,109.072998046875,109.06900024414062,109.06999969482422,0.0
2025-01-09 05:45:00+00:00,109.06800079345703,109.0739974975586,109.06600189208984,109.072998046875,0.0
2025-01-09 05:46:00+00:00,109.06400299072266,109.06800079345703,109.06400299072266,109.06800079345703,0.0
2025-01-09 05:47:00+00:00,109.05999755859375,109.06500244140625,109.05999755859375,109.06500244140625,0.0
2025-01-09 05:48:00+00:00,109.05999755859375,109.06199645996094,109.05899810791016,109.05999755859375,0.0
2025-01-09 05:49:00+00:00,109.05400085449219,109.05999755859375,109.0530014038086,109.05999755859375,0.0
2025-01-09 05:50:00+00:00,109.0510025024414,109.05599975585938,109.0510025024414,109.05400085449219,0.0
2025-01-09 05:51:00+00:00,109.04900360107422,109.052001953125,109.0479965209961,109.0510025024414,0.0
2025-01-09 05:52:00+00:00,109.0469970703125,109.04900360107422,109.04499816894531,109.04900360107422,0.0
2025-01-09 05:53:00+00:00,109.05699920654297,109.05899810791016,109.0469970703125,109.0479965209961,0.0
2025-01-09 05:54:00+00:00,109.05599975585938,109.05899810791016,109.05500030517578,109.05799865722656,0.0
2025-01-09 05:55:00+00:00,109.07599639892578,109.0770034790039,109.05799865722656,109.05799865722656,0.0
2025-01-09 05:56:00+00:00,109.09200286865234,109.09200286865234,109.07499694824219,109.07499694824219,0.0
2025-01-09 05:57:00+00:00,109.08899688720703,109.09200286865234,109.08499908447266,109.09200286865234,0.0
2025-01-09 05:58:00+00:00,109.08899688720703,109.09300231933594,109.08899688720703,109.08899688720703,0.0
2025-01-09 05:59:00+00:00,109.08399963378906,109.08899688720703,109.08200073242188,109.08899688720703,0.0
2025-01-09 06:00:00+00:00,109.08699798583984,109.08799743652344,109.08200073242188,109.08200073242188,0.0
2025-01-09 06:01:00+00:00,109.08799743652344,109.08899688720703,109.08200073242188,109.08699798583984,0.0
2025-01-09 06:02:00+00:00,109.09500122070312,109.09600067138672,109.08799743652344,109.08899688720703,0.0
2025-01-09 06:03:00+00:00,109.10099792480469,109.10399627685547,109.09600067138672,109.09600067138672,0.0
2025-01-09 06:04:00+00:00,109.10600280761719,109.10600280761719,109.0999984741211,109.0999984741211,0.0
2025-01-09 06:05:00+00:00,109.11100006103516,109.11100006103516,109.10299682617188,109.10600280761719,0.0
2025-01-09 06:06:00+00:00,109.11299896240234,109.11299896240234,109.10800170898438,109.11100006103516,0.0
2025-01-09 06:07:00+00:00,109.13300323486328,109.13300323486328,109.11399841308594,109.11399841308594,0.0
2025-01-09 06:08:00+00:00,109.13600158691406,109.13800048828125,109.13400268554688,109.13400268554688,0.0
2025-01-09 06:09:00+00:00,109.1449966430664,109.1449966430664,109.13600158691406,109.13700103759766,0.0
2025-01-09 06:10:00+00:00,109.18099975585938,109.18099975585938,109.1449966430664,109.1449966430664,0.0
2025-01-09 06:11:00+00:00,109.1780014038086,109.19000244140625,109.177001953125,109.18000030517578,0.0
2025-01-09 06:12:00+00:00,109.18699645996094,109.18800354003906,109.17500305175781,109.177001953125,0.0
2025-01-09 06:14:00+00:00,109.1709976196289,109.18699645996094,109.1709976196289,109.18000030517578,0.0
2025-01-09 06:15:00+00:00,109.15799713134766,109.1719970703125,109.15799713134766,109.1709976196289,0.0
2025-01-09 06:16:00+00:00,109.15399932861328,109.16000366210938,109.15399932861328,109.15599822998047,0.0
2025-01-09 06:17:00+00:00,109.14399719238281,109.15399932861328,109.14399719238281,109.15299987792969,0.0
2025-01-09 06:18:00+00:00,109.14199829101562,109.1449966430664,109.14099884033203,109.14299774169922,0.0
2025-01-09 06:19:00+00:00,109.1449966430664,109.14600372314453,109.14199829101562,109.14199829101562,0.0
2025-01-09 06:20:00+00:00,109.1500015258789,109.1520004272461,109.1449966430664,109.1449966430664,0.0
2025-01-09 06:21:00+00:00,109.1510009765625,109.1510009765625,109.14900207519531,109.1500015258789,0.0
2025-01-09 06:22:00+00:00,109.13700103759766,109.1500015258789,109.13700103759766,109.1500015258789,0.0
2025-01-09 06:23:00+00:00,109.1449966430664,109.1449966430664,109.13700103759766,109.13700103759766,0.0
2025-01-09 06:24:00+00:00,109.1449966430664,109.1500015258789,109.14399719238281,109.1449966430664,0.0
2025-01-09 06:25:00+00:00,109.14900207519531,109.1520004272461,109.1449966430664,109.1449966430664,0.0
2025-01-09 06:26:00+00:00,109.14800262451172,109.14900207519531,109.1449966430664,109.14800262451172,0.0
2025-01-09 06:27:00+00:00,109.14600372314453,109.1520004272461,109.14600372314453,109.14700317382812,0.0
2025-01-09 06:28:00+00:00,109.1520004272461,109.1520004272461,109.14399719238281,109.14600372314453,0.0
2025-01-09 06:29:00+00:00,109.1510009765625,109.15499877929688,109.14900207519531,109.1520004272461,0.0
2025-01-09 06:30:00+00:00,109.1520004272461,109.1520004272461,109.14700317382812,109.1520004272461,0.0
2025-01-09 06:31:00+00:00,109.1520004272461,109.1520004272461,109.1449966430664,109.1520004272461,0.0
2025-01-09 06:32:00+00:00,109.13700103759766,109.1520004272461,109.13700103759766,109.1520004272461,0.0
2025-01-09 06:33:00+00:00,109.12899780273438,109.13600158691406,109.1240005493164,109.13600158691406,0.0
2025-01-09 06:34:00+00:00,109.12699890136719,109.12999725341797,109.12000274658203,109.12999725341797,0.0
2025-01-09 06:35:00+00:00,109.12899780273438,109.12999725341797,109.1240005493164,109.12699890136719,0.0
2025-01-09 06:36:00+00:00,109.13400268554688,109.13500213623047,109.12799835205078,109.12899780273438,0.0
2025-01-09 06:37:00+00:00,109.12799835205078,109.13300323486328,109.12799835205078,109.13300323486328,0.0
2025-01-09 06:38:00+00:00,109.13099670410156,109.13300323486328,109.125,109.12699890136719,0.0
2025-01-09 06:39:00+00:00,109.1259994506836,109.13099670410156,109.1259994506836,109.13099670410156,0.0
2025-01-09 06:40:00+00:00,109.12000274658203,109.1259994506836,109.12000274658203,109.1259994506836,0.0
2025-01-09 06:41:00+00:00,109.11699676513672,109.11900329589844,109.11599731445312,109.11900329589844,0.0
2025-01-09 06:42:00+00:00,109.11599731445312,109.11799621582031,109.11399841308594,109.11799621582031,0.0
2025-01-09 06:43:00+00:00,109.11900329589844,109.11900329589844,109.11699676513672,109.11699676513672,0.0
2025-01-09 06:44:00+00:00,109.11799621582031,109.11900329589844,109.11199951171875,109.11900329589844,0.0
2025-01-09 06:45:00+00:00,109.11699676513672,109.11799621582031,109.11199951171875,109.11799621582031,0.0
2025-01-09 06:46:00+00:00,109.11699676513672,109.11699676513672,109.11100006103516,109.11699676513672,0.0
2025-01-09 06:48:00+00:00,109.10900115966797,109.12100219726562,109.10900115966797,109.12100219726562,0.0
2025-01-09 06:49:00+00:00,109.10299682617188,109.11000061035156,109.10299682617188,109.10900115966797,0.0
2025-01-09 06:50:00+00:00,109.10900115966797,109.11100006103516,109.0999984741211,109.10399627685547,0.0
2025-01-09 06:51:00+00:00,109.11399841308594,109.11599731445312,109.10299682617188,109.10900115966797,0.0
2025-01-09 06:52:00+00:00,109.125,109.125,109.11199951171875,109.11399841308594,0.0
2025-01-09 06:53:00+00:00,109.12899780273438,109.13300323486328,109.1240005493164,109.1240005493164,0.0
2025-01-09 06:54:00+00:00,109.1240005493164,109.13300323486328,109.1240005493164,109.12799835205078,0.0
2025-01-09 06:55:00+00:00,109.14099884033203,109.14299774169922,109.125,109.125,0.0
2025-01-09 06:56:00+00:00,109.16999816894531,109.16999816894531,109.14099884033203,109.14199829101562,0.0
2025-01-09 06:57:00+00:00,109.17900085449219,109.17900085449219,109.16100311279297,109.16999816894531,0.0
2025-01-09 06:58:00+00:00,109.18299865722656,109.19300079345703,109.18000030517578,109.18000030517578,0.0
2025-01-09 06:59:00+00:00,109.1760025024414,109.18599700927734,109.17500305175781,109.18299865722656,0.0
2025-01-09 07:00:00+00:00,109.15599822998047,109.18699645996094,109.15599822998047,109.1780014038086,0.0
2025-01-09 07:01:00+00:00,109.16000366210938,109.16999816894531,109.15699768066406,109.15699768066406,0.0
2025-01-09 07:02:00+00:00,109.15299987792969,109.16000366210938,109.14900207519531,109.16000366210938,0.0
2025-01-09 07:03:00+00:00,109.14700317382812,109.15499877929688,109.1449966430664,109.15399932861328,0.0
2025-01-09 07:04:00+00:00,109.15599822998047,109.16100311279297,109.14600372314453,109.14700317382812,0.0
2025-01-09 07:05:00+00:00,109.1510009765625,109.15499877929688,109.14399719238281,109.15499877929688,0.0
2025-01-09 07:06:00+00:00,109.15399932861328,109.15799713134766,109.1449966430664,109.1510009765625,0.0
2025-01-09 07:07:00+00:00,109.16799926757812,109.1709976196289,109.15299987792969,109.15399932861328,0.0
2025-01-09 07:08:00+00:00,109.17500305175781,109.18199920654297,109.16799926757812,109.16799926757812,0.0
2025-01-09 07:09:00+00:00,109.16200256347656,109.1760025024414,109.15899658203125,109.1760025024414,0.0
2025-01-09 07:10:00+00:00,109.14700317382812,109.16400146484375,109.14600372314453,109.16300201416016,0.0
2025-01-09 07:11:00+00:00,109.13600158691406,109.15399932861328,109.13600158691406,109.1510009765625,0.0
2025-01-09 07:12:00+00:00,109.13099670410156,109.13700103759766,109.12699890136719,109.13600158691406,0.0
2025-01-09 07:13:00+00:00,109.1449966430664,109.1520004272461,109.13500213623047,109.13500213623047,0.0
2025-01-09 07:14:00+00:00,109.14700317382812,109.16999816894531,109.1449966430664,109.1449966430664,0.0
2025-01-09 07:15:00+00:00,109.12100219726562,109.14600372314453,109.11900329589844,109.14600372314453,0.0
2025-01-09 07:16:00+00:00,109.13999938964844,109.13999938964844,109.12000274658203,109.12100219726562,0.0
2025-01-09 07:17:00+00:00,109.13800048828125,109.13999938964844,109.13400268554688,109.13999938964844,0.0
2025-01-09 07:18:00+00:00,109.14299774169922,109.1449966430664,109.13700103759766,109.13700103759766,0.0
2025-01-09 07:19:00+00:00,109.14600372314453,109.14700317382812,109.14099884033203,109.14299774169922,0.0
2025-01-09 07:20:00+00:00,109.13700103759766,109.14399719238281,109.13300323486328,109.14399719238281,0.0
2025-01-09 07:21:00+00:00,109.14700317382812,109.15699768066406,109.13099670410156,109.13700103759766,0.0
2025-01-09 07:22:00+00:00,109.16400146484375,109.1760025024414,109.14700317382812,109.14700317382812,0.0
2025-01-09 07:23:00+00:00,109.1780014038086,109.1780014038086,109.16200256347656,109.16500091552734,0.0
2025-01-09 07:24:00+00:00,109.1709976196289,109.18099975585938,109.1709976196289,109.1760025024414,0.0
2025-01-09 07:25:00+00:00,109.15899658203125,109.1780014038086,109.15899658203125,109.16999816894531,0.0
2025-01-09 07:26:00+00:00,109.16799926757812,109.1709976196289,109.15899658203125,109.16000366210938,0.0
2025-01-09 07:27:00+00:00,109.1709976196289,109.1719970703125,109.16500091552734,109.16799926757812,0.0
2025-01-09 07:28:00+00:00,109.1719970703125,109.17400360107422,109.16600036621094,109.1709976196289,0.0
2025-01-09 07:29:00+00:00,109.1709976196289,109.1719970703125,109.16500091552734,109.1709976196289,0.0
2025-01-09 07:30:00+00:00,109.20099639892578,109.2020034790039,109.16999816894531,109.1729965209961,0.0
2025-01-09 07:31:00+00:00,109.1989974975586,109.20899963378906,109.19599914550781,109.19999694824219,0.0
2025-01-09 07:32:00+00:00,109.19300079345703,109.1989974975586,109.18299865722656,109.1989974975586,0.0
2025-01-09 07:33:00+00:00,109.197998046875,109.20099639892578,109.19400024414062,109.19599914550781,0.0
2025-01-09 07:34:00+00:00,109.22000122070312,109.22000122070312,109.197998046875,109.20099639892578,0.0
2025-01-09 07:35:00+00:00,109.21800231933594,109.22100067138672,109.21199798583984,109.22000122070312,0.0
2025-01-09 07:36:00+00:00,109.20999908447266,109.21700286865234,109.2020034790039,109.21700286865234,0.0
2025-01-09 07:37:00+00:00,109.22100067138672,109.2229995727539,109.20899963378906,109.20899963378906,0.0
2025-01-09 07:38:00+00:00,109.21499633789062,109.22100067138672,109.21499633789062,109.22100067138672,0.0
2025-01-09 07:39:00+00:00,109.21099853515625,109.21499633789062,109.2040023803711,109.21499633789062,0.0
2025-01-09 07:40:00+00:00,109.22599792480469,109.22599792480469,109.20700073242188,109.21099853515625,0.0
2025-01-09 07:41:00+00:00,109.2229995727539,109.23999786376953,109.22200012207031,109.22599792480469,0.0
2025-01-09 07:42:00+00:00,109.2490005493164,109.2509994506836,109.2239990234375,109.2239990234375,0.0
2025-01-09 07:43:00+00:00,109.25399780273438,109.25599670410156,109.23899841308594,109.2490005493164,0.0
2025-01-09 07:44:00+00:00,109.25499725341797,109.25900268554688,109.25,109.25299835205078,0.0
2025-01-09 07:45:00+00:00,109.23999786376953,109.25499725341797,109.23699951171875,109.25499725341797,0.0
2025-01-09 07:46:00+00:00,109.25,109.2509994506836,109.23899841308594,109.23999786376953,0.0
2025-01-09 07:47:00+00:00,109.25199890136719,109.25499725341797,109.24299621582031,109.25,0.0
2025-01-09 07:48:00+00:00,109.2509994506836,109.25399780273438,109.24800109863281,109.25199890136719,0.0
2025-01-09 07:49:00+00:00,109.25199890136719,109.25599670410156,109.2490005493164,109.25199890136719,0.0
2025-01-09 07:50:00+00:00,109.24600219726562,109.25299835205078,109.23799896240234,109.25299835205078,0.0
2025-01-09 07:51:00+00:00,109.25399780273438,109.25599670410156,109.24600219726562,109.24700164794922,0.0
2025-01-09 07:52:00+00:00,109.25900268554688,109.26000213623047,109.25299835205078,109.25399780273438,0.0
2025-01-09 07:53:00+00:00,109.24800109863281,109.25900268554688,109.24600219726562,109.25900268554688,0.0
2025-01-09 07:54:00+00:00,109.25299835205078,109.25399780273438,109.24700164794922,109.24800109863281,0.0
2025-01-09 07:55:00+00:00,109.2509994506836,109.25499725341797,109.2490005493164,109.25299835205078,0.0
2025-01-09 07:56:00+00:00,109.26300048828125,109.26399993896484,109.2509994506836,109.2509994506836,0.0
2025-01-09 07:57:00+00:00,109.27200317382812,109.27300262451172,109.26200103759766,109.26200103759766,0.0
2025-01-09 07:58:00+00:00,109.29900360107422,109.29900360107422,109.27200317382812,109.27200317382812,0.0
2025-01-09 07:59:00+00:00,109.30400085449219,109.31900024414062,109.30000305175781,109.30000305175781,0.0
2025-01-09 08:00:00+00:00,109.29000091552734,109.30400085449219,109.27300262451172,109.30400085449219,0.0
2025-01-09 08:01:00+00:00,109.30799865722656,109.30799865722656,109.28900146484375,109.29100036621094,0.0
2025-01-09 08:02:00+00:00,109.31999969482422,109.322998046875,109.30799865722656,109.30899810791016,0.0
2025-01-09 08:03:00+00:00,109.3290023803711,109.33000183105469,109.30799865722656,109.31999969482422,0.0
2025-01-09 08:04:00+00:00,109.36900329589844,109.375,109.3290023803711,109.3290023803711,0.0
2025-01-09 08:05:00+00:00,109.32599639892578,109.36900329589844,109.32599639892578,109.36900329589844,0.0
2025-01-09 08:06:00+00:00,109.31099700927734,109.32499694824219,109.2979965209961,109.32499694824219,0.0
2025-01-09 08:07:00+00:00,109.29399871826172,109.31099700927734,109.28299713134766,109.31099700927734,0.0
2025-01-09 08:08:00+00:00,109.30400085449219,109.30400085449219,109.29000091552734,109.29299926757812,0.0
2025-01-09 08:09:00+00:00,109.2770004272461,109.30400085449219,109.2770004272461,109.30400085449219,0.0
2025-01-09 08:10:00+00:00,109.27799987792969,109.28299713134766,109.2760009765625,109.2760009765625,0.0
2025-01-09 08:11:00+00:00,109.25599670410156,109.27799987792969,109.25499725341797,109.27799987792969,0.0
2025-01-09 08:12:00+00:00,109.24600219726562,109.26599884033203,109.24600219726562,109.25499725341797,0.0
2025-01-09 08:13:00+00:00,109.23600006103516,109.24600219726562,109.23100280761719,109.24600219726562,0.0
2025-01-09 08:14:00+00:00,109.25399780273438,109.25499725341797,109.23600006103516,109.23699951171875,0.0
2025-01-09 08:15:00+00:00,109.23500061035156,109.26200103759766,109.23500061035156,109.25399780273438,0.0
2025-01-09 08:16:00+00:00,109.22899627685547,109.24299621582031,109.22899627685547,109.23500061035156,0.0
2025-01-09 08:17:00+00:00,109.21499633789062,109.22799682617188,109.21399688720703,109.22799682617188,0.0
2025-01-09 08:18:00+00:00,109.21600341796875,109.21700286865234,109.20999908447266,109.21399688720703,0.0
2025-01-09 08:19:00+00:00,109.22000122070312,109.22100067138672,109.21399688720703,109.21600341796875,0.0
2025-01-09 08:20:00+00:00,109.20600128173828,109.2239990234375,109.2040023803711,109.21900177001953,0.0
2025-01-09 08:21:00+00:00,109.19400024414062,109.21299743652344,109.19400024414062,109.20500183105469,0.0
2025-01-09 08:22:00+00:00,109.19300079345703,109.19599914550781,109.18800354003906,109.19200134277344,0.0
2025-01-09 08:23:00+00:00,109.1969985961914,109.2030029296875,109.19100189208984,109.19200134277344,0.0
2025-01-09 08:24:00+00:00,109.18900299072266,109.19999694824219,109.18199920654297,109.19599914550781,0.0
2025-01-09 08:25:00+00:00,109.18199920654297,109.19599914550781,109.18199920654297,109.18800354003906,0.0
2025-01-09 08:26:00+00:00,109.16400146484375,109.18299865722656,109.15799713134766,109.18199920654297,0.0
2025-01-09 08:27:00+00:00,109.16100311279297,109.16400146484375,109.15699768066406,109.16400146484375,0.0
2025-01-09 08:28:00+00:00,109.18699645996094,109.18900299072266,109.16000366210938,109.16000366210938,0.0
2025-01-09 08:29:00+00:00,109.19300079345703,109.1969985961914,109.18699645996094,109.18699645996094,0.0
2025-01-09 08:30:00+00:00,109.18900299072266,109.19999694824219,109.18699645996094,109.19200134277344,0.0
2025-01-09 08:31:00+00:00,109.18499755859375,109.19000244140625,109.18399810791016,109.18900299072266,0.0
2025-01-09 08:32:00+00:00,109.1729965209961,109.18399810791016,109.16899871826172,109.18399810791016,0.0
2025-01-09 08:33:00+00:00,109.16600036621094,109.1780014038086,109.16600036621094,109.17400360107422,0.0
2025-01-09 08:34:00+00:00,109.15299987792969,109.16899871826172,109.15299987792969,109.16699981689453,0.0
2025-01-09 08:35:00+00:00,109.15499877929688,109.15899658203125,109.1510009765625,109.1520004272461,0.0
2025-01-09 08:36:00+00:00,109.16400146484375,109.16699981689453,109.15499877929688,109.15599822998047,0.0
2025-01-09 08:37:00+00:00,109.16600036621094,109.1719970703125,109.16200256347656,109.16400146484375,0.0
2025-01-09 08:38:00+00:00,109.18000030517578,109.18599700927734,109.16400146484375,109.16400146484375,0.0
2025-01-09 08:39:00+00:00,109.16899871826172,109.18299865722656,109.16799926757812,109.18000030517578,0.0
2025-01-09 08:40:00+00:00,109.16100311279297,109.16999816894531,109.16100311279297,109.16899871826172,0.0
2025-01-09 08:41:00+00:00,109.15599822998047,109.16100311279297,109.14900207519531,109.16100311279297,0.0
2025-01-09 08:42:00+00:00,109.1729965209961,109.17500305175781,109.15499877929688,109.15599822998047,0.0
2025-01-09 08:43:00+00:00,109.16300201416016,109.17400360107422,109.15799713134766,109.1729965209961,0.0
2025-01-09 08:44:00+00:00,109.18800354003906,109.18800354003906,109.16300201416016,109.16300201416016,0.0
2025-01-09 08:45:00+00:00,109.18800354003906,109.19300079345703,109.18399810791016,109.18800354003906,0.0
2025-01-09 08:46:00+00:00,109.20099639892578,109.20600128173828,109.18800354003906,109.18800354003906,0.0
2025-01-09 08:47:00+00:00,109.197998046875,109.1989974975586,109.19400024414062,109.1969985961914,0.0
2025-01-09 08:48:00+00:00,109.20800018310547,109.20800018310547,109.19400024414062,109.197998046875,0.0
2025-01-09 08:49:00+00:00,109.19100189208984,109.21199798583984,109.19100189208984,109.20800018310547,0.0
2025-01-09 08:50:00+00:00,109.17900085449219,109.19100189208984,109.1780014038086,109.19100189208984,0.0
2025-01-09 08:51:00+00:00,109.16999816894531,109.18000030517578,109.16300201416016,109.18000030517578,0.0
2025-01-09 08:52:00+00:00,109.18099975585938,109.18099975585938,109.16899871826172,109.16999816894531,0.0
2025-01-09 08:53:00+00:00,109.16000366210938,109.18299865722656,109.16000366210938,109.18299865722656,0.0
2025-01-09 08:54:00+00:00,109.1520004272461,109.16200256347656,109.1510009765625,109.16100311279297,0.0
2025-01-09 08:55:00+00:00,109.14800262451172,109.15399932861328,109.14800262451172,109.1520004272461,0.0
2025-01-09 08:56:00+00:00,109.13899993896484,109.14900207519531,109.13899993896484,109.14800262451172,0.0
2025-01-09 08:57:00+00:00,109.13700103759766,109.14600372314453,109.13700103759766,109.14099884033203,0.0
2025-01-09 08:58:00+00:00,109.14700317382812,109.14700317382812,109.13500213623047,109.13700103759766,0.0
2025-01-09 08:59:00+00:00,109.13700103759766,109.1510009765625,109.13700103759766,109.14700317382812,0.0
2025-01-09 09:00:00+00:00,109.13999938964844,109.13999938964844,109.11799621582031,109.13600158691406,0.0
2025-01-09 09:01:00+00:00,109.13300323486328,109.14700317382812,109.13300323486328,109.13999938964844,0.0
2025-01-09 09:02:00+00:00,109.13899993896484,109.14399719238281,109.13400268554688,109.13400268554688,0.0
2025-01-09 09:03:00+00:00,109.14099884033203,109.14099884033203,109.13800048828125,109.13999938964844,0.0
2025-01-09 09:04:00+00:00,109.15699768066406,109.15699768066406,109.14099884033203,109.14099884033203,0.0
2025-01-09 09:05:00+00:00,109.16400146484375,109.16400146484375,109.15799713134766,109.15899658203125,0.0
2025-01-09 09:06:00+00:00,109.16400146484375,109.1729965209961,109.16200256347656,109.16400146484375,0.0
2025-01-09 09:07:00+00:00,109.15699768066406,109.16799926757812,109.15499877929688,109.16400146484375,0.0
2025-01-09 09:08:00+00:00,109.16000366210938,109.16000366210938,109.1520004272461,109.15699768066406,0.0
2025-01-09 09:09:00+00:00,109.15899658203125,109.16200256347656,109.1520004272461,109.15899658203125,0.0
2025-01-09 09:11:00+00:00,109.14800262451172,109.15799713134766,109.14800262451172,109.15399932861328,0.0
2025-01-09 09:12:00+00:00,109.1449966430664,109.14800262451172,109.13700103759766,109.14800262451172,0.0
2025-01-09 09:13:00+00:00,109.15299987792969,109.15399932861328,109.14700317382812,109.14700317382812,0.0
2025-01-09 09:14:00+00:00,109.1500015258789,109.15299987792969,109.14700317382812,109.15299987792969,0.0
2025-01-09 09:15:00+00:00,109.14600372314453,109.15699768066406,109.14600372314453,109.1500015258789,0.0
2025-01-09 09:16:00+00:00,109.11900329589844,109.14600372314453,109.11699676513672,109.14600372314453,0.0
2025-01-09 09:17:00+00:00,109.10099792480469,109.11900329589844,109.10099792480469,109.11900329589844,0.0
2025-01-09 09:18:00+00:00,109.06099700927734,109.10099792480469,109.0510025024414,109.10099792480469,0.0
2025-01-09 09:19:00+00:00,109.06199645996094,109.06999969482422,109.05999755859375,109.06199645996094,0.0
2025-01-09 09:20:00+00:00,109.06800079345703,109.06999969482422,109.05000305175781,109.06199645996094,0.0
2025-01-09 09:21:00+00:00,109.09100341796875,109.09100341796875,109.06900024414062,109.06900024414062,0.0
2025-01-09 09:22:00+00:00,109.08699798583984,109.09200286865234,109.08300018310547,109.09100341796875,0.0
2025-01-09 09:23:00+00:00,109.08699798583984,109.09100341796875,109.07499694824219,109.08599853515625,0.0
2025-01-09 09:24:00+00:00,109.0989990234375,109.0999984741211,109.08499908447266,109.08499908447266,0.0
2025-01-09 09:25:00+00:00,109.09500122070312,109.10700225830078,109.09400177001953,109.0999984741211,0.0
2025-01-09 09:26:00+00:00,109.06300354003906,109.09500122070312,109.06300354003906,109.09500122070312,0.0
2025-01-09 09:27:00+00:00,109.06800079345703,109.0780029296875,109.06199645996094,109.06300354003906,0.0
2025-01-09 09:28:00+00:00,109.07499694824219,109.07499694824219,109.06700134277344,109.06900024414062,0.0
2025-01-09 09:29:00+00:00,109.0770034790039,109.0770034790039,109.06800079345703,109.07499694824219,0.0
2025-01-09 09:30:00+00:00,109.06999969482422,109.0770034790039,109.06900024414062,109.07599639892578,0.0
2025-01-09 09:31:00+00:00,109.06099700927734,109.07499694824219,109.06099700927734,109.06900024414062,0.0
2025-01-09 09:32:00+00:00,109.08300018310547,109.08300018310547,109.06099700927734,109.06199645996094,0.0
2025-01-09 09:33:00+00:00,109.072998046875,109.08399963378906,109.072998046875,109.08300018310547,0.0
2025-01-09 09:34:00+00:00,109.07099914550781,109.072998046875,109.06199645996094,109.072998046875,0.0
2025-01-09 09:35:00+00:00,109.06500244140625,109.0719985961914,109.06300354003906,109.06999969482422,0.0
2025-01-09 09:36:00+00:00,109.06300354003906,109.07499694824219,109.06199645996094,109.06500244140625,0.0
2025-01-09 09:37:00+00:00,109.06999969482422,109.07599639892578,109.06099700927734,109.06300354003906,0.0
2025-01-09 09:38:00+00:00,109.08899688720703,109.09300231933594,109.06900024414062,109.06900024414062,0.0
2025-01-09 09:39:00+00:00,109.0790023803711,109.09200286865234,109.0780029296875,109.08899688720703,0.0
2025-01-09 09:40:00+00:00,109.06800079345703,109.08000183105469,109.06600189208984,109.0780029296875,0.0
2025-01-09 09:41:00+00:00,109.05500030517578,109.06999969482422,109.05500030517578,109.06800079345703,0.0
2025-01-09 09:42:00+00:00,109.0790023803711,109.0790023803711,109.05400085449219,109.05500030517578,0.0
2025-01-09 09:43:00+00:00,109.0989990234375,109.0989990234375,109.07599639892578,109.0770034790039,0.0
2025-01-09 09:44:00+00:00,109.10299682617188,109.10900115966797,109.09700012207031,109.0989990234375,0.0
2025-01-09 09:45:00+00:00,109.11499786376953,109.11900329589844,109.0979995727539,109.10099792480469,0.0
2025-01-09 09:46:00+00:00,109.12300109863281,109.1259994506836,109.11399841308594,109.11399841308594,0.0
2025-01-09 09:47:00+00:00,109.13300323486328,109.13300323486328,109.12300109863281,109.12300109863281,0.0
2025-01-09 09:48:00+00:00,109.13999938964844,109.14099884033203,109.12999725341797,109.13300323486328,0.0
2025-01-09 09:49:00+00:00,109.14900207519531,109.14900207519531,109.13800048828125,109.13999938964844,0.0
2025-01-09 09:50:00+00:00,109.13300323486328,109.14900207519531,109.1259994506836,109.14900207519531,0.0
2025-01-09 09:51:00+00:00,109.15899658203125,109.15899658203125,109.13600158691406,109.13600158691406,0.0
2025-01-09 09:52:00+00:00,109.1449966430664,109.16000366210938,109.13700103759766,109.16000366210938,0.0
2025-01-09 09:53:00+00:00,109.1520004272461,109.1520004272461,109.14399719238281,109.1449966430664,0.0
2025-01-09 09:54:00+00:00,109.16100311279297,109.16200256347656,109.1520004272461,109.1520004272461,0.0
2025-01-09 09:55:00+00:00,109.15699768066406,109.16100311279297,109.15599822998047,109.16100311279297,0.0
2025-01-09 09:56:00+00:00,109.15699768066406,109.15899658203125,109.15599822998047,109.15699768066406,0.0
2025-01-09 09:57:00+00:00,109.1520004272461,109.15799713134766,109.1520004272461,109.15799713134766,0.0
2025-01-09 09:58:00+00:00,109.14600372314453,109.1520004272461,109.13800048828125,109.1520004272461,0.0
2025-01-09 09:59:00+00:00,109.14600372314453,109.1500015258789,109.14299774169922,109.14600372314453,0.0
2025-01-09 10:00:00+00:00,109.15299987792969,109.15399932861328,109.14600372314453,109.14600372314453,0.0
2025-01-09 10:01:00+00:00,109.14299774169922,109.16400146484375,109.14199829101562,109.15399932861328,0.0
2025-01-09 10:02:00+00:00,109.17900085449219,109.17900085449219,109.14299774169922,109.14299774169922,0.0
2025-01-09 10:03:00+00:00,109.18800354003906,109.18900299072266,109.17900085449219,109.17900085449219,0.0
2025-01-09 10:04:00+00:00,109.18900299072266,109.19200134277344,109.18299865722656,109.18699645996094,0.0
2025-01-09 10:05:00+00:00,109.17400360107422,109.19000244140625,109.1719970703125,109.18800354003906,0.0
2025-01-09 10:06:00+00:00,109.16600036621094,109.17400360107422,109.16200256347656,109.17400360107422,0.0
2025-01-09 10:07:00+00:00,109.16899871826172,109.16999816894531,109.16600036621094,109.16600036621094,0.0
2025-01-09 10:08:00+00:00,109.1709976196289,109.18099975585938,109.16999816894531,109.16999816894531,0.0
2025-01-09 10:09:00+00:00,109.16100311279297,109.1729965209961,109.15799713134766,109.1709976196289,0.0
2025-01-09 10:10:00+00:00,109.13600158691406,109.16000366210938,109.13600158691406,109.16000366210938,0.0
2025-01-09 10:11:00+00:00,109.13200378417969,109.13999938964844,109.13099670410156,109.13600158691406,0.0
2025-01-09 10:12:00+00:00,109.13099670410156,109.13600158691406,109.12699890136719,109.13200378417969,0.0
2025-01-09 10:13:00+00:00,109.13300323486328,109.13500213623047,109.12899780273438,109.12999725341797,0.0
2025-01-09 10:14:00+00:00,109.13600158691406,109.13800048828125,109.13300323486328,109.13400268554688,0.0
2025-01-09 10:15:00+00:00,109.13099670410156,109.13600158691406,109.125,109.13600158691406,0.0
2025-01-09 10:16:00+00:00,109.13300323486328,109.13700103759766,109.13200378417969,109.13400268554688,0.0
2025-01-09 10:17:00+00:00,109.12899780273438,109.13500213623047,109.1259994506836,109.13300323486328,0.0
2025-01-09 10:18:00+00:00,109.14399719238281,109.1449966430664,109.12799835205078,109.12899780273438,0.0
2025-01-09 10:19:00+00:00,109.14099884033203,109.1500015258789,109.14099884033203,109.14299774169922,0.0
2025-01-09 10:20:00+00:00,109.13300323486328,109.14299774169922,109.13300323486328,109.14199829101562,0.0
2025-01-09 10:21:00+00:00,109.10900115966797,109.13099670410156,109.10299682617188,109.13099670410156,0.0
2025-01-09 10:22:00+00:00,109.1050033569336,109.10900115966797,109.10299682617188,109.10800170898438,0.0
2025-01-09 10:23:00+00:00,109.10600280761719,109.10700225830078,109.0989990234375,109.1050033569336,0.0
2025-01-09 10:24:00+00:00,109.09600067138672,109.10700225830078,109.09600067138672,109.10600280761719,0.0
2025-01-09 10:25:00+00:00,109.09300231933594,109.09700012207031,109.08799743652344,109.09600067138672,0.0
2025-01-09 10:26:00+00:00,109.1050033569336,109.1050033569336,109.08799743652344,109.09300231933594,0.0
2025-01-09 10:27:00+00:00,109.10099792480469,109.10700225830078,109.10099792480469,109.1050033569336,0.0
2025-01-09 10:28:00+00:00,109.10700225830078,109.10700225830078,109.0999984741211,109.0999984741211,0.0
2025-01-09 10:29:00+00:00,109.10700225830078,109.11000061035156,109.10299682617188,109.10700225830078,0.0
2025-01-09 10:30:00+00:00,109.12100219726562,109.12100219726562,109.10700225830078,109.10700225830078,0.0
2025-01-09 10:31:00+00:00,109.11799621582031,109.12899780273438,109.11799621582031,109.12100219726562,0.0
2025-01-09 10:32:00+00:00,109.1240005493164,109.12999725341797,109.12000274658203,109.12000274658203,0.0
2025-01-09 10:33:00+00:00,109.11000061035156,109.125,109.11000061035156,109.1240005493164,0.0
2025-01-09 10:34:00+00:00,109.11199951171875,109.11699676513672,109.10900115966797,109.11000061035156,0.0
2025-01-09 10:35:00+00:00,109.11000061035156,109.11799621582031,109.10800170898438,109.11299896240234,0.0
2025-01-09 10:36:00+00:00,109.125,109.125,109.11199951171875,109.11199951171875,0.0
2025-01-09 10:37:00+00:00,109.12100219726562,109.1259994506836,109.11699676513672,109.125,0.0
2025-01-09 10:38:00+00:00,109.12300109863281,109.125,109.11499786376953,109.12100219726562,0.0
2025-01-09 10:39:00+00:00,109.13700103759766,109.13899993896484,109.12100219726562,109.12300109863281,0.0
2025-01-09 10:40:00+00:00,109.11900329589844,109.13700103759766,109.11900329589844,109.13700103759766,0.0
2025-01-09 10:41:00+00:00,109.1520004272461,109.1520004272461,109.11799621582031,109.11900329589844,0.0
2025-01-09 10:42:00+00:00,109.18800354003906,109.21299743652344,109.16000366210938,109.16000366210938,0.0
2025-01-09 10:43:00+00:00,109.1709976196289,109.18499755859375,109.16000366210938,109.18499755859375,0.0
2025-01-09 10:44:00+00:00,109.19000244140625,109.19100189208984,109.16899871826172,109.1709976196289,0.0
2025-01-09 10:45:00+00:00,109.19200134277344,109.19999694824219,109.19000244140625,109.19200134277344,0.0
2025-01-09 10:46:00+00:00,109.19300079345703,109.197998046875,109.18699645996094,109.19200134277344,0.0
2025-01-09 10:47:00+00:00,109.1719970703125,109.19300079345703,109.16999816894531,109.19300079345703,0.0
2025-01-09 10:48:00+00:00,109.15499877929688,109.1719970703125,109.1520004272461,109.1719970703125,0.0
2025-01-09 10:49:00+00:00,109.16100311279297,109.1719970703125,109.15499877929688,109.15499877929688,0.0
2025-01-09 10:50:00+00:00,109.1510009765625,109.16300201416016,109.1510009765625,109.16200256347656,0.0
2025-01-09 10:51:00+00:00,109.14800262451172,109.15399932861328,109.14399719238281,109.1510009765625,0.0
2025-01-09 10:52:00+00:00,109.14299774169922,109.14700317382812,109.13899993896484,109.14700317382812,0.0
2025-01-09 10:53:00+00:00,109.14299774169922,109.14700317382812,109.14099884033203,109.14299774169922,0.0
2025-01-09 10:54:00+00:00,109.13600158691406,109.14299774169922,109.13400268554688,109.14299774169922,0.0
2025-01-09 10:55:00+00:00,109.14099884033203,109.14299774169922,109.13500213623047,109.13500213623047,0.0
2025-01-09 10:56:00+00:00,109.12799835205078,109.14099884033203,109.12000274658203,109.14099884033203,0.0
2025-01-09 10:57:00+00:00,109.14800262451172,109.14900207519531,109.12999725341797,109.12999725341797,0.0
2025-01-09 10:58:00+00:00,109.16200256347656,109.16200256347656,109.14399719238281,109.14800262451172,0.0
2025-01-09 10:59:00+00:00,109.15699768066406,109.16600036621094,109.15699768066406,109.16100311279297,0.0
2025-01-09 11:00:00+00:00,109.177001953125,109.177001953125,109.15599822998047,109.15699768066406,0.0
2025-01-09 11:01:00+00:00,109.18399810791016,109.18699645996094,109.17400360107422,109.1780014038086,0.0
2025-01-09 11:02:00+00:00,109.1760025024414,109.18299865722656,109.1760025024414,109.18299865722656,0.0
2025-01-09 11:03:00+00:00,109.19499969482422,109.19499969482422,109.17400360107422,109.17500305175781,0.0
2025-01-09 11:04:00+00:00,109.18599700927734,109.19499969482422,109.18499755859375,109.19499969482422,0.0
2025-01-09 11:05:00+00:00,109.18000030517578,109.18599700927734,109.17900085449219,109.18599700927734,0.0
2025-01-09 11:06:00+00:00,109.18000030517578,109.18599700927734,109.17900085449219,109.18000030517578,0.0
2025-01-09 11:07:00+00:00,109.17900085449219,109.18000030517578,109.1729965209961,109.18000030517578,0.0
2025-01-09 11:08:00+00:00,109.18099975585938,109.18199920654297,109.177001953125,109.17900085449219,0.0
2025-01-09 11:09:00+00:00,109.18399810791016,109.18599700927734,109.18000030517578,109.18099975585938,0.0
2025-01-09 11:10:00+00:00,109.177001953125,109.18699645996094,109.1760025024414,109.18399810791016,0.0
2025-01-09 11:11:00+00:00,109.1780014038086,109.18800354003906,109.1760025024414,109.177001953125,0.0
2025-01-09 11:12:00+00:00,109.18499755859375,109.18900299072266,109.177001953125,109.177001953125,0.0
2025-01-09 11:13:00+00:00,109.16899871826172,109.18499755859375,109.16899871826172,109.18499755859375,0.0
2025-01-09 11:14:00+00:00,109.1760025024414,109.18000030517578,109.16999816894531,109.16999816894531,0.0
2025-01-09 11:15:00+00:00,109.18199920654297,109.18199920654297,109.17500305175781,109.17500305175781,0.0
2025-01-09 11:16:00+00:00,109.18900299072266,109.19000244140625,109.18299865722656,109.18399810791016,0.0
2025-01-09 11:17:00+00:00,109.18499755859375,109.18900299072266,109.18000030517578,109.18900299072266,0.0
2025-01-09 11:18:00+00:00,109.19100189208984,109.19200134277344,109.18499755859375,109.18599700927734,0.0
2025-01-09 11:20:00+00:00,109.19000244140625,109.2020034790039,109.19000244140625,109.19300079345703,0.0
2025-01-09 11:21:00+00:00,109.17900085449219,109.19300079345703,109.17900085449219,109.19000244140625,0.0
2025-01-09 11:22:00+00:00,109.18099975585938,109.18099975585938,109.177001953125,109.17900085449219,0.0
2025-01-09 11:23:00+00:00,109.177001953125,109.18900299072266,109.177001953125,109.18099975585938,0.0
2025-01-09 11:24:00+00:00,109.177001953125,109.18000030517578,109.1729965209961,109.1760025024414,0.0
2025-01-09 11:25:00+00:00,109.18399810791016,109.18699645996094,109.1760025024414,109.177001953125,0.0
2025-01-09 11:26:00+00:00,109.18299865722656,109.18900299072266,109.18099975585938,109.18399810791016,0.0
2025-01-09 11:27:00+00:00,109.177001953125,109.18299865722656,109.16999816894531,109.18199920654297,0.0
2025-01-09 11:29:00+00:00,109.17400360107422,109.1760025024414,109.16799926757812,109.1760025024414,0.0
2025-01-09 11:30:00+00:00,109.18800354003906,109.18800354003906,109.1729965209961,109.17400360107422,0.0
2025-01-09 11:31:00+00:00,109.18399810791016,109.18800354003906,109.18299865722656,109.18699645996094,0.0
2025-01-09 11:32:00+00:00,109.18000030517578,109.18800354003906,109.18000030517578,109.18399810791016,0.0
2025-01-09 11:33:00+00:00,109.1709976196289,109.18099975585938,109.1709976196289,109.17900085449219,0.0
2025-01-09 11:34:00+00:00,109.1760025024414,109.177001953125,109.1709976196289,109.1709976196289,0.0
2025-01-09 11:35:00+00:00,109.16300201416016,109.17500305175781,109.16300201416016,109.17500305175781,0.0
2025-01-09 11:36:00+00:00,109.1500015258789,109.16300201416016,109.1500015258789,109.16300201416016,0.0
2025-01-09 11:37:00+00:00,109.16300201416016,109.16500091552734,109.14600372314453,109.1500015258789,0.0
2025-01-09 11:38:00+00:00,109.16200256347656,109.16799926757812,109.16100311279297,109.16300201416016,0.0
2025-01-09 11:39:00+00:00,109.16200256347656,109.16400146484375,109.15799713134766,109.16100311279297,0.0
2025-01-09 11:40:00+00:00,109.15699768066406,109.16699981689453,109.15699768066406,109.16200256347656,0.0
2025-01-09 11:41:00+00:00,109.16000366210938,109.16699981689453,109.15599822998047,109.15799713134766,0.0
2025-01-09 11:42:00+00:00,109.15899658203125,109.16100311279297,109.15699768066406,109.16000366210938,0.0
2025-01-09 11:43:00+00:00,109.16300201416016,109.16500091552734,109.15399932861328,109.15899658203125,0.0
2025-01-09 11:44:00+00:00,109.1520004272461,109.16300201416016,109.1520004272461,109.16300201416016,0.0
2025-01-09 11:45:00+00:00,109.1500015258789,109.1520004272461,109.14700317382812,109.1520004272461,0.0
2025-01-09 11:46:00+00:00,109.14600372314453,109.1500015258789,109.14600372314453,109.14900207519531,0.0
2025-01-09 11:47:00+00:00,109.14800262451172,109.15299987792969,109.14600372314453,109.14600372314453,0.0
2025-01-09 11:48:00+00:00,109.1510009765625,109.15799713134766,109.14800262451172,109.14800262451172,0.0
2025-01-09 11:49:00+00:00,109.1520004272461,109.15799713134766,109.1510009765625,109.1510009765625,0.0
2025-01-09 11:50:00+00:00,109.15399932861328,109.15399932861328,109.14800262451172,109.1520004272461,0.0
2025-01-09 11:51:00+00:00,109.13700103759766,109.15499877929688,109.13700103759766,109.15399932861328,0.0
2025-01-09 11:52:00+00:00,109.13800048828125,109.14800262451172,109.1259994506836,109.13600158691406,0.0
2025-01-09 11:53:00+00:00,109.14399719238281,109.1449966430664,109.13400268554688,109.13899993896484,0.0
2025-01-09 11:54:00+00:00,109.14399719238281,109.14399719238281,109.13800048828125,109.14299774169922,0.0
2025-01-09 11:55:00+00:00,109.14900207519531,109.1500015258789,109.14399719238281,109.14399719238281,0.0
2025-01-09 11:56:00+00:00,109.15599822998047,109.15599822998047,109.14600372314453,109.14900207519531,0.0
2025-01-09 11:57:00+00:00,109.1449966430664,109.15699768066406,109.14399719238281,109.15599822998047,0.0
2025-01-09 11:58:00+00:00,109.1719970703125,109.1719970703125,109.14600372314453,109.14600372314453,0.0
2025-01-09 11:59:00+00:00,109.16500091552734,109.17400360107422,109.16500091552734,109.1719970703125,0.0
2025-01-09 12:00:00+00:00,109.16500091552734,109.16699981689453,109.16100311279297,109.16500091552734,0.0
2025-01-09 12:01:00+00:00,109.15799713134766,109.1709976196289,109.15799713134766,109.16500091552734,0.0
2025-01-09 12:02:00+00:00,109.15399932861328,109.16100311279297,109.15299987792969,109.15799713134766,0.0
2025-01-09 12:03:00+00:00,109.15399932861328,109.15899658203125,109.1510009765625,109.15399932861328,0.0
2025-01-09 12:04:00+00:00,109.14900207519531,109.15399932861328,109.14800262451172,109.15399932861328,0.0
2025-01-09 12:05:00+00:00,109.15499877929688,109.16300201416016,109.1500015258789,109.1500015258789,0.0
2025-01-09 12:06:00+00:00,109.16500091552734,109.16500091552734,109.15499877929688,109.15499877929688,0.0
2025-01-09 12:07:00+00:00,109.16500091552734,109.16600036621094,109.15799713134766,109.16500091552734,0.0
2025-01-09 12:08:00+00:00,109.1520004272461,109.16699981689453,109.1520004272461,109.16600036621094,0.0
2025-01-09 12:09:00+00:00,109.14900207519531,109.1510009765625,109.1449966430664,109.1510009765625,0.0
2025-01-09 12:10:00+00:00,109.15399932861328,109.15699768066406,109.14800262451172,109.1500015258789,0.0
2025-01-09 12:11:00+00:00,109.1449966430664,109.15699768066406,109.1449966430664,109.15399932861328,0.0
2025-01-09 12:12:00+00:00,109.13700103759766,109.14700317382812,109.13500213623047,109.14600372314453,0.0
2025-01-09 12:13:00+00:00,109.13700103759766,109.1449966430664,109.13600158691406,109.13700103759766,0.0
2025-01-09 12:14:00+00:00,109.13099670410156,109.13800048828125,109.12899780273438,109.13700103759766,0.0
2025-01-09 12:15:00+00:00,109.13500213623047,109.13999938964844,109.13300323486328,109.13300323486328,0.0
2025-01-09 12:16:00+00:00,109.1259994506836,109.13500213623047,109.1240005493164,109.13500213623047,0.0
2025-01-09 12:17:00+00:00,109.11799621582031,109.1240005493164,109.11699676513672,109.12300109863281,0.0
2025-01-09 12:18:00+00:00,109.12999725341797,109.12999725341797,109.11599731445312,109.11699676513672,0.0
2025-01-09 12:19:00+00:00,109.13300323486328,109.13400268554688,109.12999725341797,109.12999725341797,0.0
2025-01-09 12:20:00+00:00,109.14299774169922,109.1449966430664,109.13400268554688,109.13400268554688,0.0
2025-01-09 12:21:00+00:00,109.14700317382812,109.14900207519531,109.14099884033203,109.14199829101562,0.0
2025-01-09 12:22:00+00:00,109.14199829101562,109.1510009765625,109.13899993896484,109.14700317382812,0.0
2025-01-09 12:23:00+00:00,109.1500015258789,109.1510009765625,109.13899993896484,109.14199829101562,0.0
2025-01-09 12:24:00+00:00,109.14900207519531,109.1500015258789,109.13999938964844,109.1500015258789,0.0
2025-01-09 12:25:00+00:00,109.16699981689453,109.16699981689453,109.14800262451172,109.14800262451172,0.0
2025-01-09 12:26:00+00:00,109.16200256347656,109.1709976196289,109.16200256347656,109.16799926757812,0.0
2025-01-09 12:27:00+00:00,109.16100311279297,109.16400146484375,109.16100311279297,109.16200256347656,0.0
2025-01-09 12:28:00+00:00,109.1520004272461,109.16200256347656,109.1520004272461,109.16100311279297,0.0
2025-01-09 12:29:00+00:00,109.15499877929688,109.15499877929688,109.14600372314453,109.1520004272461,0.0
2025-01-09 12:30:00+00:00,109.1510009765625,109.15699768066406,109.1510009765625,109.15599822998047,0.0
2025-01-09 12:31:00+00:00,109.16300201416016,109.16300201416016,109.14900207519531,109.1510009765625,0.0
2025-01-09 12:32:00+00:00,109.1719970703125,109.1719970703125,109.16200256347656,109.16200256347656,0.0
2025-01-09 12:33:00+00:00,109.16799926757812,109.1729965209961,109.16600036621094,109.1719970703125,0.0
2025-01-09 12:34:00+00:00,109.1510009765625,109.16899871826172,109.1510009765625,109.16799926757812,0.0
2025-01-09 12:35:00+00:00,109.15399932861328,109.15399932861328,109.14600372314453,109.1510009765625,0.0
2025-01-09 12:36:00+00:00,109.1520004272461,109.15699768066406,109.1510009765625,109.15499877929688,0.0
2025-01-09 12:37:00+00:00,109.15699768066406,109.15699768066406,109.14900207519531,109.1520004272461,0.0
2025-01-09 12:38:00+00:00,109.16899871826172,109.16899871826172,109.15699768066406,109.15699768066406,0.0
2025-01-09 12:39:00+00:00,109.16899871826172,109.16899871826172,109.16200256347656,109.16899871826172,0.0
2025-01-09 12:40:00+00:00,109.1780014038086,109.17900085449219,109.16699981689453,109.16899871826172,0.0
2025-01-09 12:41:00+00:00,109.18699645996094,109.19499969482422,109.1780014038086,109.1780014038086,0.0
2025-01-09 12:42:00+00:00,109.17400360107422,109.18800354003906,109.17400360107422,109.18800354003906,0.0
2025-01-09 12:43:00+00:00,109.17500305175781,109.1760025024414,109.1719970703125,109.17400360107422,0.0
2025-01-09 12:44:00+00:00,109.1719970703125,109.1760025024414,109.1709976196289,109.17400360107422,0.0
2025-01-09 12:45:00+00:00,109.16899871826172,109.177001953125,109.16899871826172,109.1719970703125,0.0
2025-01-09 12:46:00+00:00,109.16600036621094,109.1729965209961,109.16600036621094,109.16899871826172,0.0
2025-01-09 12:47:00+00:00,109.16200256347656,109.16600036621094,109.15699768066406,109.16600036621094,0.0
2025-01-09 12:48:00+00:00,109.16100311279297,109.16400146484375,109.15799713134766,109.16100311279297,0.0
2025-01-09 12:49:00+00:00,109.1520004272461,109.16200256347656,109.14900207519531,109.16100311279297,0.0
2025-01-09 12:50:00+00:00,109.14700317382812,109.1520004272461,109.14199829101562,109.1520004272461,0.0
2025-01-09 12:51:00+00:00,109.14299774169922,109.14800262451172,109.14099884033203,109.14800262451172,0.0
2025-01-09 12:52:00+00:00,109.15799713134766,109.15799713134766,109.14700317382812,109.14800262451172,0.0
2025-01-09 12:53:00+00:00,109.1510009765625,109.16100311279297,109.1510009765625,109.15799713134766,0.0
2025-01-09 12:54:00+00:00,109.14900207519531,109.15499877929688,109.14900207519531,109.1510009765625,0.0
2025-01-09 12:55:00+00:00,109.15599822998047,109.15699768066406,109.14900207519531,109.14900207519531,0.0
2025-01-09 12:56:00+00:00,109.16200256347656,109.16300201416016,109.14900207519531,109.15599822998047,0.0
2025-01-09 12:57:00+00:00,109.14299774169922,109.16300201416016,109.14199829101562,109.16300201416016,0.0
2025-01-09 12:58:00+00:00,109.1240005493164,109.14399719238281,109.1240005493164,109.14199829101562,0.0
2025-01-09 12:59:00+00:00,109.12799835205078,109.12799835205078,109.11299896240234,109.1240005493164,0.0
2025-01-09 13:00:00+00:00,109.13200378417969,109.13600158691406,109.12699890136719,109.12699890136719,0.0
2025-01-09 13:01:00+00:00,109.14099884033203,109.14199829101562,109.13200378417969,109.13200378417969,0.0
2025-01-09 13:02:00+00:00,109.125,109.14099884033203,109.1240005493164,109.14099884033203,0.0
2025-01-09 13:03:00+00:00,109.13899993896484,109.13899993896484,109.125,109.1259994506836,0.0
2025-01-09 13:04:00+00:00,109.13700103759766,109.14700317382812,109.13700103759766,109.13899993896484,0.0
2025-01-09 13:05:00+00:00,109.14600372314453,109.14600372314453,109.13700103759766,109.13700103759766,0.0
2025-01-09 13:06:00+00:00,109.11000061035156,109.14399719238281,109.11000061035156,109.14399719238281,0.0
2025-01-09 13:07:00+00:00,109.11599731445312,109.12300109863281,109.10900115966797,109.10900115966797,0.0
2025-01-09 13:08:00+00:00,109.1050033569336,109.11599731445312,109.1050033569336,109.11599731445312,0.0
2025-01-09 13:09:00+00:00,109.11299896240234,109.11299896240234,109.10099792480469,109.10399627685547,0.0
2025-01-09 13:10:00+00:00,109.11199951171875,109.11499786376953,109.10900115966797,109.11299896240234,0.0
2025-01-09 13:11:00+00:00,109.1050033569336,109.11299896240234,109.10299682617188,109.11100006103516,0.0
2025-01-09 13:12:00+00:00,109.0989990234375,109.10399627685547,109.09100341796875,109.10399627685547,0.0
2025-01-09 13:13:00+00:00,109.08399963378906,109.10600280761719,109.08399963378906,109.0989990234375,0.0
2025-01-09 13:14:00+00:00,109.08999633789062,109.08999633789062,109.08000183105469,109.08399963378906,0.0
2025-01-09 13:15:00+00:00,109.09200286865234,109.10099792480469,109.09100341796875,109.09100341796875,0.0
2025-01-09 13:16:00+00:00,109.08599853515625,109.09300231933594,109.08200073242188,109.09200286865234,0.0
2025-01-09 13:17:00+00:00,109.0989990234375,109.10299682617188,109.08499908447266,109.08499908447266,0.0
2025-01-09 13:18:00+00:00,109.09300231933594,109.0989990234375,109.09200286865234,109.0989990234375,0.0
2025-01-09 13:19:00+00:00,109.08499908447266,109.09500122070312,109.08200073242188,109.09400177001953,0.0
2025-01-09 13:20:00+00:00,109.1050033569336,109.10700225830078,109.08599853515625,109.08599853515625,0.0
2025-01-09 13:21:00+00:00,109.09100341796875,109.10700225830078,109.08999633789062,109.1050033569336,0.0
2025-01-09 13:22:00+00:00,109.0739974975586,109.09100341796875,109.0739974975586,109.08999633789062,0.0
2025-01-09 13:23:00+00:00,109.0770034790039,109.08799743652344,109.072998046875,109.0739974975586,0.0
2025-01-09 13:24:00+00:00,109.09400177001953,109.09600067138672,109.07599639892578,109.0770034790039,0.0
2025-01-09 13:25:00+00:00,109.08499908447266,109.10199737548828,109.08499908447266,109.09300231933594,0.0
2025-01-09 13:26:00+00:00,109.0770034790039,109.08599853515625,109.072998046875,109.08499908447266,0.0
2025-01-09 13:27:00+00:00,109.05400085449219,109.0780029296875,109.0459976196289,109.0780029296875,0.0
2025-01-09 13:28:00+00:00,109.04299926757812,109.05400085449219,109.04000091552734,109.0530014038086,0.0
2025-01-09 13:29:00+00:00,109.04299926757812,109.0469970703125,109.04100036621094,109.04299926757812,0.0
2025-01-09 13:30:00+00:00,109.02400207519531,109.04299926757812,109.02400207519531,109.04299926757812,0.0
2025-01-09 13:31:00+00:00,109.0009994506836,109.02400207519531,108.99099731445312,109.02400207519531,0.0
2025-01-09 13:32:00+00:00,109.00599670410156,109.01799774169922,109.00199890136719,109.00199890136719,0.0
2025-01-09 13:33:00+00:00,109.00900268554688,109.00900268554688,108.99400329589844,109.00700378417969,0.0
2025-01-09 13:34:00+00:00,109.0009994506836,109.00900268554688,108.99800109863281,109.00900268554688,0.0
2025-01-09 13:35:00+00:00,109.01699829101562,109.01699829101562,108.99800109863281,109.0,0.0
2025-01-09 13:36:00+00:00,109.01100158691406,109.01799774169922,109.01000213623047,109.01799774169922,0.0
2025-01-09 13:37:00+00:00,109.00900268554688,109.01100158691406,108.9990005493164,109.01100158691406,0.0
2025-01-09 13:38:00+00:00,109.01899719238281,109.02200317382812,109.00499725341797,109.00900268554688,0.0
2025-01-09 13:39:00+00:00,109.01899719238281,109.02200317382812,109.01499938964844,109.01899719238281,0.0
2025-01-09 13:40:00+00:00,109.01799774169922,109.03600311279297,109.01799774169922,109.01899719238281,0.0
2025-01-09 13:41:00+00:00,109.02300262451172,109.0250015258789,109.01699829101562,109.01799774169922,0.0
2025-01-09 13:42:00+00:00,109.00599670410156,109.02300262451172,109.00499725341797,109.02300262451172,0.0
2025-01-09 13:43:00+00:00,109.01100158691406,109.01499938964844,109.00499725341797,109.00499725341797,0.0
2025-01-09 13:44:00+00:00,109.02899932861328,109.02999877929688,109.01100158691406,109.01100158691406,0.0
2025-01-09 13:45:00+00:00,109.03500366210938,109.03600311279297,109.0199966430664,109.02799987792969,0.0
2025-01-09 13:46:00+00:00,109.02799987792969,109.04100036621094,109.02799987792969,109.03299713134766,0.0
2025-01-09 13:47:00+00:00,109.04299926757812,109.0510025024414,109.0270004272461,109.0270004272461,0.0
2025-01-09 13:48:00+00:00,109.03800201416016,109.0479965209961,109.03700256347656,109.04299926757812,0.0
2025-01-09 13:49:00+00:00,109.03900146484375,109.04100036621094,109.03299713134766,109.03800201416016,0.0
2025-01-09 13:50:00+00:00,109.03199768066406,109.04199981689453,109.02899932861328,109.03900146484375,0.0
2025-01-09 13:51:00+00:00,109.04100036621094,109.04399871826172,109.03099822998047,109.03299713134766,0.0
2025-01-09 13:52:00+00:00,109.05000305175781,109.0510025024414,109.04199981689453,109.04199981689453,0.0
2025-01-09 13:53:00+00:00,109.06099700927734,109.06099700927734,109.04900360107422,109.0510025024414,0.0
2025-01-09 13:54:00+00:00,109.06199645996094,109.06700134277344,109.05799865722656,109.06099700927734,0.0
2025-01-09 13:55:00+00:00,109.072998046875,109.0739974975586,109.06199645996094,109.06300354003906,0.0
2025-01-09 13:56:00+00:00,109.08599853515625,109.08599853515625,109.07599639892578,109.08200073242188,0.0
2025-01-09 13:58:00+00:00,109.0989990234375,109.0989990234375,109.0770034790039,109.0770034790039,0.0
2025-01-09 13:59:00+00:00,109.08300018310547,109.10199737548828,109.08200073242188,109.0989990234375,0.0
2025-01-09 14:00:00+00:00,109.08000183105469,109.08300018310547,109.0719985961914,109.08300018310547,0.0
2025-01-09 14:01:00+00:00,109.07499694824219,109.08000183105469,109.06800079345703,109.08000183105469,0.0
2025-01-09 14:02:00+00:00,109.08499908447266,109.08499908447266,109.07599639892578,109.07599639892578,0.0
2025-01-09 14:03:00+00:00,109.08399963378906,109.08499908447266,109.0790023803711,109.08499908447266,0.0
2025-01-09 14:04:00+00:00,109.08599853515625,109.09300231933594,109.0780029296875,109.08499908447266,0.0
2025-01-09 14:05:00+00:00,109.06600189208984,109.08699798583984,109.06600189208984,109.08599853515625,0.0
2025-01-09 14:06:00+00:00,109.06500244140625,109.06600189208984,109.05799865722656,109.06500244140625,0.0
2025-01-09 14:07:00+00:00,109.08300018310547,109.08300018310547,109.06099700927734,109.06600189208984,0.0
2025-01-09 14:08:00+00:00,109.08799743652344,109.08799743652344,109.07499694824219,109.08300018310547,0.0
2025-01-09 14:09:00+00:00,109.06400299072266,109.09100341796875,109.06199645996094,109.08799743652344,0.0
2025-01-09 14:10:00+00:00,109.05999755859375,109.06300354003906,109.05699920654297,109.05899810791016,0.0
2025-01-09 14:11:00+00:00,109.08799743652344,109.08799743652344,109.05699920654297,109.05799865722656,0.0
2025-01-09 14:12:00+00:00,109.07099914550781,109.09300231933594,109.07099914550781,109.08999633789062,0.0
2025-01-09 14:13:00+00:00,109.06500244140625,109.0780029296875,109.06500244140625,109.0719985961914,0.0
2025-01-09 14:14:00+00:00,109.052001953125,109.06300354003906,109.04900360107422,109.06300354003906,0.0
2025-01-09 14:15:00+00:00,109.04499816894531,109.0510025024414,109.04000091552734,109.0510025024414,0.0
2025-01-09 14:16:00+00:00,109.05000305175781,109.0510025024414,109.04299926757812,109.04299926757812,0.0
2025-01-09 14:17:00+00:00,109.0479965209961,109.0510025024414,109.04000091552734,109.05000305175781,0.0
2025-01-09 14:18:00+00:00,109.052001953125,109.052001953125,109.04499816894531,109.04900360107422,0.0
2025-01-09 14:19:00+00:00,109.0719985961914,109.0719985961914,109.0510025024414,109.052001953125,0.0
2025-01-09 14:20:00+00:00,109.06500244140625,109.07499694824219,109.06400299072266,109.0739974975586,0.0
2025-01-09 14:21:00+00:00,109.05799865722656,109.06900024414062,109.05799865722656,109.06700134277344,0.0
2025-01-09 14:22:00+00:00,109.052001953125,109.05799865722656,109.0510025024414,109.05799865722656,0.0
2025-01-09 14:23:00+00:00,109.0510025024414,109.0530014038086,109.0510025024414,109.0510025024414,0.0
2025-01-09 14:24:00+00:00,109.05899810791016,109.06300354003906,109.0510025024414,109.0510025024414,0.0
2025-01-09 14:25:00+00:00,109.05899810791016,109.06099700927734,109.05599975585938,109.05999755859375,0.0
2025-01-09 14:26:00+00:00,109.05599975585938,109.06300354003906,109.05500030517578,109.05899810791016,0.0
2025-01-09 14:27:00+00:00,109.06999969482422,109.07099914550781,109.05599975585938,109.05599975585938,0.0
2025-01-09 14:28:00+00:00,109.07499694824219,109.07499694824219,109.06600189208984,109.06999969482422,0.0
2025-01-09 14:29:00+00:00,109.08100128173828,109.08699798583984,109.072998046875,109.07499694824219,0.0
2025-01-09 14:30:00+00:00,109.08999633789062,109.08999633789062,109.0770034790039,109.08100128173828,0.0
2025-01-09 14:31:00+00:00,109.11699676513672,109.11699676513672,109.09100341796875,109.09100341796875,0.0
2025-01-09 14:32:00+00:00,109.11699676513672,109.1240005493164,109.11299896240234,109.11699676513672,0.0
2025-01-09 14:33:00+00:00,109.10399627685547,109.11799621582031,109.0999984741211,109.11699676513672,0.0
2025-01-09 14:34:00+00:00,109.10199737548828,109.10700225830078,109.10199737548828,109.10399627685547,0.0
2025-01-09 14:35:00+00:00,109.09400177001953,109.10299682617188,109.09100341796875,109.10199737548828,0.0
2025-01-09 14:36:00+00:00,109.08200073242188,109.09400177001953,109.08200073242188,109.09400177001953,0.0
2025-01-09 14:37:00+00:00,109.07499694824219,109.08499908447266,109.07499694824219,109.08200073242188,0.0
2025-01-09 14:38:00+00:00,109.0719985961914,109.08000183105469,109.06900024414062,109.07499694824219,0.0
2025-01-09 14:39:00+00:00,109.0739974975586,109.0770034790039,109.07099914550781,109.0719985961914,0.0
2025-01-09 14:40:00+00:00,109.0790023803711,109.08499908447266,109.0719985961914,109.07499694824219,0.0
2025-01-09 14:41:00+00:00,109.0770034790039,109.08599853515625,109.07599639892578,109.0790023803711,0.0
2025-01-09 14:42:00+00:00,109.08100128173828,109.08699798583984,109.07599639892578,109.07599639892578,0.0
2025-01-09 14:43:00+00:00,109.07499694824219,109.08200073242188,109.07499694824219,109.08100128173828,0.0
2025-01-09 14:44:00+00:00,109.08899688720703,109.08899688720703,109.07499694824219,109.07499694824219,0.0
2025-01-09 14:45:00+00:00,109.08300018310547,109.09100341796875,109.08300018310547,109.08999633789062,0.0
2025-01-09 14:46:00+00:00,109.08899688720703,109.09100341796875,109.08200073242188,109.08300018310547,0.0
2025-01-09 14:47:00+00:00,109.08999633789062,109.09100341796875,109.08499908447266,109.08799743652344,0.0
2025-01-09 14:48:00+00:00,109.10299682617188,109.10700225830078,109.08699798583984,109.08899688720703,0.0
2025-01-09 14:49:00+00:00,109.11000061035156,109.11399841308594,109.10099792480469,109.10199737548828,0.0
2025-01-09 14:50:00+00:00,109.10299682617188,109.11499786376953,109.10299682617188,109.11000061035156,0.0
2025-01-09 14:51:00+00:00,109.1050033569336,109.11100006103516,109.10299682617188,109.10299682617188,0.0
2025-01-09 14:52:00+00:00,109.0770034790039,109.10800170898438,109.0770034790039,109.1050033569336,0.0
2025-01-09 14:53:00+00:00,109.0790023803711,109.08300018310547,109.06999969482422,109.0770034790039,0.0
2025-01-09 14:54:00+00:00,109.08300018310547,109.08599853515625,109.08000183105469,109.08000183105469,0.0
2025-01-09 14:55:00+00:00,109.0989990234375,109.11000061035156,109.08100128173828,109.08300018310547,0.0
2025-01-09 14:56:00+00:00,109.10399627685547,109.10700225830078,109.0989990234375,109.0989990234375,0.0
2025-01-09 14:57:00+00:00,109.0770034790039,109.10299682617188,109.0770034790039,109.10299682617188,0.0
2025-01-09 14:58:00+00:00,109.08000183105469,109.08300018310547,109.07599639892578,109.07599639892578,0.0
2025-01-09 14:59:00+00:00,109.08899688720703,109.08999633789062,109.0780029296875,109.08000183105469,0.0
2025-01-09 15:00:00+00:00,109.08399963378906,109.09100341796875,109.0780029296875,109.08899688720703,0.0
2025-01-09 15:01:00+00:00,109.08699798583984,109.09300231933594,109.08300018310547,109.08300018310547,0.0
2025-01-09 15:02:00+00:00,109.09700012207031,109.10099792480469,109.08699798583984,109.08699798583984,0.0
2025-01-09 15:03:00+00:00,109.10099792480469,109.10299682617188,109.09600067138672,109.09700012207031,0.0
2025-01-09 15:04:00+00:00,109.11299896240234,109.11499786376953,109.0999984741211,109.0999984741211,0.0
2025-01-09 15:05:00+00:00,109.11499786376953,109.11499786376953,109.11000061035156,109.11299896240234,0.0
2025-01-09 15:06:00+00:00,109.12000274658203,109.12000274658203,109.11100006103516,109.11599731445312,0.0
2025-01-09 15:07:00+00:00,109.11900329589844,109.1259994506836,109.11900329589844,109.12000274658203,0.0
2025-01-09 15:08:00+00:00,109.13800048828125,109.13800048828125,109.11900329589844,109.11900329589844,0.0
2025-01-09 15:09:00+00:00,109.14099884033203,109.14900207519531,109.13800048828125,109.13800048828125,0.0
2025-01-09 15:10:00+00:00,109.14600372314453,109.14700317382812,109.13700103759766,109.13899993896484,0.0
2025-01-09 15:11:00+00:00,109.13999938964844,109.14600372314453,109.13600158691406,109.14600372314453,0.0
2025-01-09 15:12:00+00:00,109.12699890136719,109.14099884033203,109.1259994506836,109.14099884033203,0.0
2025-01-09 15:13:00+00:00,109.1240005493164,109.12799835205078,109.1240005493164,109.12699890136719,0.0
2025-01-09 15:14:00+00:00,109.12100219726562,109.1240005493164,109.11699676513672,109.1240005493164,0.0
2025-01-09 15:15:00+00:00,109.12200164794922,109.1259994506836,109.12000274658203,109.12100219726562,0.0
2025-01-09 15:16:00+00:00,109.12200164794922,109.1240005493164,109.11799621582031,109.12300109863281,0.0
2025-01-09 15:17:00+00:00,109.13099670410156,109.13099670410156,109.11799621582031,109.12100219726562,0.0
2025-01-09 15:19:00+00:00,109.13899993896484,109.13999938964844,109.12200164794922,109.1259994506836,0.0
2025-01-09 15:20:00+00:00,109.13600158691406,109.13899993896484,109.13300323486328,109.13899993896484,0.0
2025-01-09 15:21:00+00:00,109.13700103759766,109.14299774169922,109.13400268554688,109.13600158691406,0.0
2025-01-09 15:22:00+00:00,109.125,109.13800048828125,109.1240005493164,109.13700103759766,0.0
2025-01-09 15:23:00+00:00,109.12300109863281,109.125,109.11900329589844,109.125,0.0
2025-01-09 15:24:00+00:00,109.13999938964844,109.14099884033203,109.12300109863281,109.12300109863281,0.0
2025-01-09 15:25:00+00:00,109.11900329589844,109.13700103759766,109.11799621582031,109.13700103759766,0.0
2025-01-09 15:26:00+00:00,109.12699890136719,109.12699890136719,109.11900329589844,109.11900329589844,0.0
2025-01-09 15:27:00+00:00,109.1240005493164,109.12699890136719,109.12100219726562,109.12699890136719,0.0
2025-01-09 15:28:00+00:00,109.11799621582031,109.12999725341797,109.11799621582031,109.12300109863281,0.0
2025-01-09 15:29:00+00:00,109.11299896240234,109.11900329589844,109.10700225830078,109.11799621582031,0.0
2025-01-09 15:30:00+00:00,109.12200164794922,109.12200164794922,109.11299896240234,109.11299896240234,0.0
2025-01-09 15:31:00+00:00,109.11499786376953,109.12200164794922,109.11499786376953,109.12200164794922,0.0
2025-01-09 15:32:00+00:00,109.11399841308594,109.11599731445312,109.11299896240234,109.11499786376953,0.0
2025-01-09 15:33:00+00:00,109.1259994506836,109.12699890136719,109.11000061035156,109.11299896240234,0.0
2025-01-09 15:34:00+00:00,109.12799835205078,109.12899780273438,109.1259994506836,109.1259994506836,0.0
2025-01-09 15:35:00+00:00,109.12300109863281,109.13300323486328,109.12300109863281,109.12699890136719,0.0
2025-01-09 15:36:00+00:00,109.14199829101562,109.14299774169922,109.12300109863281,109.12300109863281,0.0
2025-01-09 15:37:00+00:00,109.14199829101562,109.14700317382812,109.14199829101562,109.14299774169922,0.0
2025-01-09 15:38:00+00:00,109.14600372314453,109.14600372314453,109.14199829101562,109.14299774169922,0.0
2025-01-09 15:39:00+00:00,109.13099670410156,109.14700317382812,109.12999725341797,109.14700317382812,0.0
2025-01-09 15:40:00+00:00,109.14700317382812,109.1500015258789,109.12799835205078,109.12899780273438,0.0
2025-01-09 15:41:00+00:00,109.1510009765625,109.15799713134766,109.14700317382812,109.14700317382812,0.0
2025-01-09 15:42:00+00:00,109.16400146484375,109.16400146484375,109.1510009765625,109.1520004272461,0.0
2025-01-09 15:43:00+00:00,109.1780014038086,109.17900085449219,109.16300201416016,109.16400146484375,0.0
2025-01-09 15:44:00+00:00,109.17900085449219,109.18199920654297,109.17400360107422,109.177001953125,0.0
2025-01-09 15:45:00+00:00,109.1780014038086,109.18599700927734,109.177001953125,109.1780014038086,0.0
2025-01-09 15:46:00+00:00,109.18199920654297,109.18800354003906,109.17500305175781,109.17900085449219,0.0
2025-01-09 15:47:00+00:00,109.1989974975586,109.1989974975586,109.18199920654297,109.18199920654297,0.0
2025-01-09 15:48:00+00:00,109.19200134277344,109.2030029296875,109.18900299072266,109.1969985961914,0.0
2025-01-09 15:49:00+00:00,109.15799713134766,109.19000244140625,109.1500015258789,109.19000244140625,0.0
2025-01-09 15:50:00+00:00,109.17500305175781,109.17500305175781,109.1520004272461,109.15899658203125,0.0
2025-01-09 15:51:00+00:00,109.1719970703125,109.17500305175781,109.16999816894531,109.17400360107422,0.0
2025-01-09 15:52:00+00:00,109.18099975585938,109.18399810791016,109.16999816894531,109.1709976196289,0.0
2025-01-09 15:53:00+00:00,109.18699645996094,109.18900299072266,109.17900085449219,109.18000030517578,0.0
2025-01-09 15:54:00+00:00,109.19100189208984,109.19300079345703,109.18399810791016,109.18800354003906,0.0
2025-01-09 15:55:00+00:00,109.16899871826172,109.19100189208984,109.16899871826172,109.19100189208984,0.0
2025-01-09 15:56:00+00:00,109.16200256347656,109.16799926757812,109.16000366210938,109.16799926757812,0.0
2025-01-09 15:57:00+00:00,109.16699981689453,109.16799926757812,109.16200256347656,109.16200256347656,0.0
2025-01-09 15:59:00+00:00,109.16999816894531,109.1719970703125,109.16600036621094,109.1719970703125,0.0
2025-01-09 16:00:00+00:00,109.16600036621094,109.1709976196289,109.16300201416016,109.1709976196289,0.0
2025-01-09 16:01:00+00:00,109.19100189208984,109.19100189208984,109.16500091552734,109.16500091552734,0.0
2025-01-09 16:02:00+00:00,109.19999694824219,109.19999694824219,109.18399810791016,109.19100189208984,0.0
2025-01-09 16:03:00+00:00,109.20700073242188,109.20700073242188,109.19300079345703,109.19999694824219,0.0
2025-01-09 16:04:00+00:00,109.21399688720703,109.21600341796875,109.20700073242188,109.20700073242188,0.0
2025-01-09 16:05:00+00:00,109.18399810791016,109.20700073242188,109.18199920654297,109.20700073242188,0.0
2025-01-09 16:06:00+00:00,109.2030029296875,109.2030029296875,109.18299865722656,109.18299865722656,0.0
2025-01-09 16:07:00+00:00,109.18900299072266,109.2020034790039,109.18900299072266,109.20099639892578,0.0
2025-01-09 16:08:00+00:00,109.18800354003906,109.19300079345703,109.18499755859375,109.18800354003906,0.0
2025-01-09 16:09:00+00:00,109.19999694824219,109.19999694824219,109.18800354003906,109.18800354003906,0.0
2025-01-09 16:10:00+00:00,109.18399810791016,109.19999694824219,109.18299865722656,109.1989974975586,0.0
2025-01-09 16:11:00+00:00,109.18299865722656,109.18900299072266,109.18199920654297,109.18499755859375,0.0
2025-01-09 16:12:00+00:00,109.19000244140625,109.19000244140625,109.18000030517578,109.18299865722656,0.0
2025-01-09 16:13:00+00:00,109.18399810791016,109.1969985961914,109.18399810791016,109.19000244140625,0.0
2025-01-09 16:14:00+00:00,109.18299865722656,109.18599700927734,109.17900085449219,109.18399810791016,0.0
2025-01-09 16:15:00+00:00,109.17400360107422,109.18299865722656,109.1719970703125,109.18299865722656,0.0
2025-01-09 16:16:00+00:00,109.18900299072266,109.18900299072266,109.1719970703125,109.17400360107422,0.0
2025-01-09 16:17:00+00:00,109.19300079345703,109.19499969482422,109.18900299072266,109.18900299072266,0.0
2025-01-09 16:18:00+00:00,109.18699645996094,109.19300079345703,109.18199920654297,109.19300079345703,0.0
2025-01-09 16:19:00+00:00,109.19200134277344,109.19499969482422,109.18199920654297,109.18699645996094,0.0
2025-01-09 16:20:00+00:00,109.18800354003906,109.19400024414062,109.18800354003906,109.19200134277344,0.0
2025-01-09 16:21:00+00:00,109.19100189208984,109.19499969482422,109.18399810791016,109.18800354003906,0.0
2025-01-09 16:22:00+00:00,109.19599914550781,109.19599914550781,109.18000030517578,109.19100189208984,0.0
2025-01-09 16:23:00+00:00,109.20500183105469,109.20500183105469,109.19499969482422,109.19599914550781,0.0
2025-01-09 16:24:00+00:00,109.21199798583984,109.21199798583984,109.20500183105469,109.20500183105469,0.0
2025-01-09 16:25:00+00:00,109.20899963378906,109.21600341796875,109.20800018310547,109.21099853515625,0.0
2025-01-09 16:26:00+00:00,109.1989974975586,109.20899963378906,109.1989974975586,109.20899963378906,0.0
2025-01-09 16:27:00+00:00,109.2030029296875,109.2040023803711,109.197998046875,109.1989974975586,0.0
2025-01-09 16:28:00+00:00,109.19599914550781,109.2030029296875,109.19599914550781,109.2030029296875,0.0
2025-01-09 16:29:00+00:00,109.19999694824219,109.20099639892578,109.19499969482422,109.19599914550781,0.0
2025-01-09 16:30:00+00:00,109.20600128173828,109.21099853515625,109.2020034790039,109.2020034790039,0.0
2025-01-09 16:31:00+00:00,109.21600341796875,109.21600341796875,109.20500183105469,109.20600128173828,0.0
2025-01-09 16:32:00+00:00,109.22200012207031,109.2239990234375,109.21499633789062,109.21700286865234,0.0
2025-01-09 16:33:00+00:00,109.22599792480469,109.22599792480469,109.22200012207031,109.22200012207031,0.0
2025-01-09 16:34:00+00:00,109.22599792480469,109.22899627685547,109.22599792480469,109.22599792480469,0.0
2025-01-09 16:35:00+00:00,109.22699737548828,109.23799896240234,109.22599792480469,109.22599792480469,0.0
2025-01-09 16:36:00+00:00,109.2229995727539,109.22799682617188,109.22200012207031,109.22699737548828,0.0
2025-01-09 16:37:00+00:00,109.2040023803711,109.2249984741211,109.2040023803711,109.2229995727539,0.0
2025-01-09 16:38:00+00:00,109.19999694824219,109.20600128173828,109.19400024414062,109.20500183105469,0.0
2025-01-09 16:39:00+00:00,109.19599914550781,109.2020034790039,109.19599914550781,109.20099639892578,0.0
2025-01-09 16:40:00+00:00,109.19400024414062,109.19599914550781,109.19000244140625,109.19499969482422,0.0
2025-01-09 16:41:00+00:00,109.1969985961914,109.2040023803711,109.18499755859375,109.19499969482422,0.0
2025-01-09 16:42:00+00:00,109.18399810791016,109.197998046875,109.18399810791016,109.1969985961914,0.0
2025-01-09 16:43:00+00:00,109.1729965209961,109.18399810791016,109.1719970703125,109.18399810791016,0.0
2025-01-09 16:44:00+00:00,109.16100311279297,109.17400360107422,109.16100311279297,109.1729965209961,0.0
2025-01-09 16:45:00+00:00,109.16400146484375,109.16400146484375,109.16100311279297,109.16100311279297,0.0
2025-01-09 16:46:00+00:00,109.16100311279297,109.16600036621094,109.16100311279297,109.16400146484375,0.0
2025-01-09 16:47:00+00:00,109.16000366210938,109.16400146484375,109.15799713134766,109.16000366210938,0.0
2025-01-09 16:48:00+00:00,109.15899658203125,109.16400146484375,109.15899658203125,109.16100311279297,0.0
2025-01-09 16:49:00+00:00,109.16200256347656,109.16300201416016,109.15799713134766,109.15899658203125,0.0
2025-01-09 16:50:00+00:00,109.1729965209961,109.1729965209961,109.16300201416016,109.16300201416016,0.0
2025-01-09 16:51:00+00:00,109.18199920654297,109.18199920654297,109.1719970703125,109.1729965209961,0.0
2025-01-09 16:52:00+00:00,109.16500091552734,109.18299865722656,109.16500091552734,109.18299865722656,0.0
2025-01-09 16:53:00+00:00,109.1729965209961,109.1729965209961,109.16100311279297,109.16400146484375,0.0
2025-01-09 16:54:00+00:00,109.18499755859375,109.18499755859375,109.17400360107422,109.17400360107422,0.0
2025-01-09 16:55:00+00:00,109.1729965209961,109.19000244140625,109.1729965209961,109.18699645996094,0.0
2025-01-09 16:56:00+00:00,109.1729965209961,109.1780014038086,109.16799926757812,109.1719970703125,0.0
2025-01-09 16:57:00+00:00,109.18199920654297,109.18499755859375,109.1729965209961,109.1729965209961,0.0
2025-01-09 16:58:00+00:00,109.19400024414062,109.19400024414062,109.18099975585938,109.18199920654297,0.0
2025-01-09 16:59:00+00:00,109.18599700927734,109.19400024414062,109.18499755859375,109.19400024414062,0.0
2025-01-09 17:00:00+00:00,109.16100311279297,109.18599700927734,109.16000366210938,109.18599700927734,0.0
2025-01-09 17:01:00+00:00,109.15599822998047,109.16100311279297,109.15399932861328,109.16000366210938,0.0
2025-01-09 17:02:00+00:00,109.1520004272461,109.16100311279297,109.1520004272461,109.15599822998047,0.0
2025-01-09 17:03:00+00:00,109.1520004272461,109.1520004272461,109.14900207519531,109.1520004272461,0.0
2025-01-09 17:04:00+00:00,109.16000366210938,109.16000366210938,109.15399932861328,109.15799713134766,0.0
2025-01-09 17:05:00+00:00,109.1500015258789,109.16300201416016,109.14800262451172,109.16000366210938,0.0
2025-01-09 17:06:00+00:00,109.16100311279297,109.16200256347656,109.1510009765625,109.1510009765625,0.0
2025-01-09 17:07:00+00:00,109.16000366210938,109.16300201416016,109.15699768066406,109.16000366210938,0.0
2025-01-09 17:08:00+00:00,109.16200256347656,109.16400146484375,109.15799713134766,109.15899658203125,0.0
2025-01-09 17:09:00+00:00,109.16300201416016,109.16600036621094,109.16200256347656,109.16200256347656,0.0
2025-01-09 17:10:00+00:00,109.15799713134766,109.16300201416016,109.15799713134766,109.16200256347656,0.0
2025-01-09 17:11:00+00:00,109.16000366210938,109.16000366210938,109.15699768066406,109.15899658203125,0.0
2025-01-09 17:12:00+00:00,109.16899871826172,109.17500305175781,109.16300201416016,109.16300201416016,0.0
2025-01-09 17:13:00+00:00,109.1709976196289,109.1729965209961,109.16699981689453,109.16899871826172,0.0
2025-01-09 17:14:00+00:00,109.16200256347656,109.1719970703125,109.16200256347656,109.1709976196289,0.0
2025-01-09 17:15:00+00:00,109.16200256347656,109.16899871826172,109.15799713134766,109.16200256347656,0.0
2025-01-09 17:16:00+00:00,109.1719970703125,109.1719970703125,109.15899658203125,109.16300201416016,0.0
2025-01-09 17:17:00+00:00,109.177001953125,109.17900085449219,109.1719970703125,109.1729965209961,0.0
2025-01-09 17:18:00+00:00,109.1729965209961,109.18000030517578,109.1729965209961,109.177001953125,0.0
2025-01-09 17:19:00+00:00,109.18599700927734,109.18599700927734,109.1719970703125,109.1719970703125,0.0
2025-01-09 17:20:00+00:00,109.1969985961914,109.1969985961914,109.18599700927734,109.18599700927734,0.0
2025-01-09 17:21:00+00:00,109.19100189208984,109.1969985961914,109.19100189208984,109.1969985961914,0.0
2025-01-09 17:22:00+00:00,109.19300079345703,109.19300079345703,109.18499755859375,109.19000244140625,0.0
2025-01-09 17:23:00+00:00,109.1969985961914,109.1969985961914,109.19200134277344,109.19400024414062,0.0
2025-01-09 17:24:00+00:00,109.20600128173828,109.20600128173828,109.1969985961914,109.1969985961914,0.0
2025-01-09 17:25:00+00:00,109.20700073242188,109.20800018310547,109.2040023803711,109.20600128173828,0.0
2025-01-09 17:26:00+00:00,109.2030029296875,109.20800018310547,109.197998046875,109.20700073242188,0.0
2025-01-09 17:27:00+00:00,109.18699645996094,109.20600128173828,109.18699645996094,109.2040023803711,0.0
2025-01-09 17:28:00+00:00,109.18099975585938,109.18800354003906,109.18099975585938,109.18599700927734,0.0
2025-01-09 17:29:00+00:00,109.18900299072266,109.18900299072266,109.17900085449219,109.18099975585938,0.0
2025-01-09 17:30:00+00:00,109.21399688720703,109.21499633789062,109.18900299072266,109.18900299072266,0.0
2025-01-09 17:31:00+00:00,109.21499633789062,109.21700286865234,109.20700073242188,109.21299743652344,0.0
2025-01-09 17:32:00+00:00,109.20800018310547,109.21600341796875,109.20800018310547,109.21199798583984,0.0
2025-01-09 17:33:00+00:00,109.2020034790039,109.20899963378906,109.2020034790039,109.20899963378906,0.0
2025-01-09 17:34:00+00:00,109.20600128173828,109.20700073242188,109.20099639892578,109.2020034790039,0.0
2025-01-09 17:35:00+00:00,109.20700073242188,109.21299743652344,109.2030029296875,109.20600128173828,0.0
2025-01-09 17:36:00+00:00,109.21499633789062,109.21600341796875,109.20600128173828,109.20600128173828,0.0
2025-01-09 17:37:00+00:00,109.21399688720703,109.21800231933594,109.21299743652344,109.21600341796875,0.0
2025-01-09 17:38:00+00:00,109.21700286865234,109.21800231933594,109.21499633789062,109.21600341796875,0.0
2025-01-09 17:39:00+00:00,109.21600341796875,109.21700286865234,109.21299743652344,109.21700286865234,0.0
2025-01-09 17:40:00+00:00,109.20999908447266,109.21600341796875,109.20800018310547,109.21600341796875,0.0
2025-01-09 17:41:00+00:00,109.20899963378906,109.21099853515625,109.20600128173828,109.20899963378906,0.0
2025-01-09 17:42:00+00:00,109.21499633789062,109.21499633789062,109.20899963378906,109.20899963378906,0.0
2025-01-09 17:43:00+00:00,109.21199798583984,109.21399688720703,109.21199798583984,109.21399688720703,0.0
2025-01-09 17:44:00+00:00,109.20899963378906,109.21600341796875,109.20899963378906,109.21399688720703,0.0
2025-01-09 17:45:00+00:00,109.21900177001953,109.21900177001953,109.20899963378906,109.20999908447266,0.0
2025-01-09 17:46:00+00:00,109.21399688720703,109.21900177001953,109.21399688720703,109.21900177001953,0.0
2025-01-09 17:47:00+00:00,109.21199798583984,109.21399688720703,109.20700073242188,109.21399688720703,0.0
2025-01-09 17:48:00+00:00,109.21700286865234,109.21700286865234,109.20899963378906,109.21199798583984,0.0
2025-01-09 17:49:00+00:00,109.20700073242188,109.21700286865234,109.2020034790039,109.21700286865234,0.0
2025-01-09 17:50:00+00:00,109.2020034790039,109.21099853515625,109.2020034790039,109.20700073242188,0.0
2025-01-09 17:51:00+00:00,109.20899963378906,109.20899963378906,109.197998046875,109.2020034790039,0.0
2025-01-09 17:52:00+00:00,109.21099853515625,109.21399688720703,109.20899963378906,109.20899963378906,0.0
2025-01-09 17:53:00+00:00,109.19499969482422,109.21199798583984,109.19499969482422,109.21099853515625,0.0
2025-01-09 17:54:00+00:00,109.19400024414062,109.1969985961914,109.19100189208984,109.19499969482422,0.0
2025-01-09 17:55:00+00:00,109.18800354003906,109.19400024414062,109.18800354003906,109.19400024414062,0.0
2025-01-09 17:56:00+00:00,109.19200134277344,109.19200134277344,109.18599700927734,109.18900299072266,0.0
2025-01-09 17:57:00+00:00,109.2040023803711,109.20800018310547,109.19300079345703,109.19300079345703,0.0
2025-01-09 17:58:00+00:00,109.1969985961914,109.20500183105469,109.1969985961914,109.2040023803711,0.0
2025-01-09 17:59:00+00:00,109.19499969482422,109.197998046875,109.19499969482422,109.1969985961914,0.0
2025-01-09 18:00:00+00:00,109.2040023803711,109.2040023803711,109.19499969482422,109.19499969482422,0.0
2025-01-09 18:01:00+00:00,109.20099639892578,109.20600128173828,109.20099639892578,109.20500183105469,0.0
2025-01-09 18:02:00+00:00,109.20099639892578,109.20099639892578,109.1969985961914,109.20099639892578,0.0
2025-01-09 18:03:00+00:00,109.2040023803711,109.2040023803711,109.19999694824219,109.19999694824219,0.0
2025-01-09 18:04:00+00:00,109.20700073242188,109.20800018310547,109.20500183105469,109.20500183105469,0.0
2025-01-09 18:05:00+00:00,109.21600341796875,109.21700286865234,109.2040023803711,109.20600128173828,0.0
2025-01-09 18:06:00+00:00,109.21900177001953,109.22100067138672,109.21700286865234,109.21700286865234,0.0
2025-01-09 18:07:00+00:00,109.2249984741211,109.22699737548828,109.21800231933594,109.21900177001953,0.0
2025-01-09 18:08:00+00:00,109.21800231933594,109.2249984741211,109.21800231933594,109.2249984741211,0.0
2025-01-09 18:09:00+00:00,109.20899963378906,109.21800231933594,109.20899963378906,109.21800231933594,0.0
2025-01-09 18:10:00+00:00,109.21600341796875,109.21900177001953,109.20899963378906,109.20899963378906,0.0
2025-01-09 18:11:00+00:00,109.21299743652344,109.21700286865234,109.21299743652344,109.21600341796875,0.0
2025-01-09 18:12:00+00:00,109.21299743652344,109.21399688720703,109.20500183105469,109.21399688720703,0.0
2025-01-09 18:13:00+00:00,109.21399688720703,109.21499633789062,109.21299743652344,109.21299743652344,0.0
2025-01-09 18:14:00+00:00,109.20099639892578,109.21399688720703,109.20099639892578,109.21399688720703,0.0
2025-01-09 18:15:00+00:00,109.19999694824219,109.20099639892578,109.1989974975586,109.20099639892578,0.0
2025-01-09 18:16:00+00:00,109.2030029296875,109.2030029296875,109.197998046875,109.1989974975586,0.0
2025-01-09 18:17:00+00:00,109.20099639892578,109.2030029296875,109.20099639892578,109.2020034790039,0.0
2025-01-09 18:18:00+00:00,109.20700073242188,109.20899963378906,109.1989974975586,109.20099639892578,0.0
2025-01-09 18:19:00+00:00,109.19999694824219,109.20800018310547,109.19999694824219,109.20600128173828,0.0
2025-01-09 18:20:00+00:00,109.197998046875,109.2020034790039,109.1969985961914,109.19999694824219,0.0
2025-01-09 18:21:00+00:00,109.19300079345703,109.197998046875,109.19300079345703,109.197998046875,0.0
2025-01-09 18:22:00+00:00,109.18900299072266,109.1969985961914,109.18800354003906,109.19400024414062,0.0
2025-01-09 18:23:00+00:00,109.18399810791016,109.18900299072266,109.18199920654297,109.18900299072266,0.0
2025-01-09 18:24:00+00:00,109.18399810791016,109.18499755859375,109.18199920654297,109.18399810791016,0.0
2025-01-09 18:25:00+00:00,109.17900085449219,109.18399810791016,109.17900085449219,109.18399810791016,0.0
2025-01-09 18:26:00+00:00,109.1760025024414,109.17900085449219,109.17500305175781,109.17900085449219,0.0
2025-01-09 18:27:00+00:00,109.17900085449219,109.18099975585938,109.17500305175781,109.17500305175781,0.0
2025-01-09 18:28:00+00:00,109.1780014038086,109.18000030517578,109.1780014038086,109.17900085449219,0.0
2025-01-09 18:29:00+00:00,109.1729965209961,109.177001953125,109.1729965209961,109.177001953125,0.0
2025-01-09 18:30:00+00:00,109.1729965209961,109.17400360107422,109.16999816894531,109.1729965209961,0.0
2025-01-09 18:31:00+00:00,109.16600036621094,109.17400360107422,109.16600036621094,109.1729965209961,0.0
2025-01-09 18:32:00+00:00,109.15699768066406,109.16600036621094,109.15699768066406,109.16600036621094,0.0
2025-01-09 18:33:00+00:00,109.16100311279297,109.16100311279297,109.15699768066406,109.15799713134766,0.0
2025-01-09 18:34:00+00:00,109.15899658203125,109.16100311279297,109.15699768066406,109.16100311279297,0.0
2025-01-09 18:35:00+00:00,109.15899658203125,109.16000366210938,109.15499877929688,109.15699768066406,0.0
2025-01-09 18:36:00+00:00,109.15799713134766,109.15899658203125,109.15499877929688,109.15899658203125,0.0
2025-01-09 18:37:00+00:00,109.15899658203125,109.16200256347656,109.15799713134766,109.15799713134766,0.0
2025-01-09 18:38:00+00:00,109.15699768066406,109.15899658203125,109.15399932861328,109.15899658203125,0.0
2025-01-09 18:39:00+00:00,109.15699768066406,109.15799713134766,109.15499877929688,109.15599822998047,0.0
2025-01-09 18:40:00+00:00,109.15799713134766,109.15799713134766,109.15599822998047,109.15699768066406,0.0
2025-01-09 18:41:00+00:00,109.15499877929688,109.15799713134766,109.15499877929688,109.15699768066406,0.0
2025-01-09 18:42:00+00:00,109.15399932861328,109.15499877929688,109.1520004272461,109.15499877929688,0.0
2025-01-09 18:43:00+00:00,109.15699768066406,109.15699768066406,109.15399932861328,109.15399932861328,0.0
2025-01-09 18:44:00+00:00,109.15299987792969,109.15699768066406,109.15299987792969,109.15699768066406,0.0
2025-01-09 18:45:00+00:00,109.15399932861328,109.15499877929688,109.1510009765625,109.1510009765625,0.0
2025-01-09 18:46:00+00:00,109.14800262451172,109.15499877929688,109.14800262451172,109.15399932861328,0.0
2025-01-09 18:47:00+00:00,109.15299987792969,109.15299987792969,109.14700317382812,109.14800262451172,0.0
2025-01-09 18:48:00+00:00,109.15499877929688,109.15499877929688,109.1520004272461,109.15299987792969,0.0
2025-01-09 18:49:00+00:00,109.15599822998047,109.15699768066406,109.15499877929688,109.15499877929688,0.0
2025-01-09 18:50:00+00:00,109.15799713134766,109.15899658203125,109.15599822998047,109.15599822998047,0.0
2025-01-09 18:51:00+00:00,109.15899658203125,109.16300201416016,109.15799713134766,109.15899658203125,0.0
2025-01-09 18:53:00+00:00,109.16600036621094,109.16600036621094,109.15899658203125,109.15899658203125,0.0
2025-01-09 18:54:00+00:00,109.16300201416016,109.17900085449219,109.16300201416016,109.16500091552734,0.0
2025-01-09 18:55:00+00:00,109.1719970703125,109.1719970703125,109.16300201416016,109.16300201416016,0.0
2025-01-09 18:56:00+00:00,109.16200256347656,109.16999816894531,109.16000366210938,109.16999816894531,0.0
2025-01-09 18:57:00+00:00,109.15699768066406,109.16200256347656,109.15599822998047,109.16200256347656,0.0
2025-01-09 18:58:00+00:00,109.16699981689453,109.16799926757812,109.15699768066406,109.15699768066406,0.0
2025-01-09 18:59:00+00:00,109.16300201416016,109.16699981689453,109.16100311279297,109.16699981689453,0.0
2025-01-09 19:00:00+00:00,109.15399932861328,109.16300201416016,109.15399932861328,109.16300201416016,0.0
2025-01-09 19:01:00+00:00,109.14900207519531,109.15399932861328,109.14900207519531,109.15399932861328,0.0
2025-01-09 19:02:00+00:00,109.1520004272461,109.15299987792969,109.14700317382812,109.14800262451172,0.0
2025-01-09 19:03:00+00:00,109.14800262451172,109.15299987792969,109.14800262451172,109.1520004272461,0.0
2025-01-09 19:04:00+00:00,109.1500015258789,109.1500015258789,109.14800262451172,109.14800262451172,0.0
2025-01-09 19:06:00+00:00,109.16100311279297,109.16100311279297,109.1510009765625,109.1510009765625,0.0
2025-01-09 19:07:00+00:00,109.15899658203125,109.16300201416016,109.15899658203125,109.16100311279297,0.0
2025-01-09 19:08:00+00:00,109.15699768066406,109.16000366210938,109.15499877929688,109.15899658203125,0.0
2025-01-09 19:09:00+00:00,109.1520004272461,109.15699768066406,109.1520004272461,109.15699768066406,0.0
2025-01-09 19:10:00+00:00,109.15399932861328,109.15599822998047,109.1520004272461,109.1520004272461,0.0
2025-01-09 19:11:00+00:00,109.15799713134766,109.15799713134766,109.15399932861328,109.15399932861328,0.0
2025-01-09 19:12:00+00:00,109.15699768066406,109.16100311279297,109.15699768066406,109.15799713134766,0.0
2025-01-09 19:13:00+00:00,109.15899658203125,109.15899658203125,109.15699768066406,109.15699768066406,0.0
2025-01-09 19:14:00+00:00,109.17500305175781,109.17500305175781,109.15899658203125,109.15899658203125,0.0
2025-01-09 19:15:00+00:00,109.1780014038086,109.18000030517578,109.1760025024414,109.1760025024414,0.0
2025-01-09 19:16:00+00:00,109.17400360107422,109.1780014038086,109.1729965209961,109.1780014038086,0.0
2025-01-09 19:17:00+00:00,109.1729965209961,109.17400360107422,109.1729965209961,109.1729965209961,0.0
2025-01-09 19:18:00+00:00,109.1780014038086,109.1780014038086,109.1729965209961,109.1729965209961,0.0
2025-01-09 19:19:00+00:00,109.1780014038086,109.18000030517578,109.1780014038086,109.1780014038086,0.0
2025-01-09 19:20:00+00:00,109.18399810791016,109.18399810791016,109.1780014038086,109.1780014038086,0.0
2025-01-09 19:21:00+00:00,109.17900085449219,109.18699645996094,109.17900085449219,109.18499755859375,0.0
2025-01-09 19:22:00+00:00,109.18099975585938,109.18199920654297,109.18099975585938,109.18199920654297,0.0
2025-01-09 19:23:00+00:00,109.18299865722656,109.18399810791016,109.18099975585938,109.18099975585938,0.0
2025-01-09 19:24:00+00:00,109.18299865722656,109.18399810791016,109.18299865722656,109.18299865722656,0.0
2025-01-09 19:25:00+00:00,109.17900085449219,109.18299865722656,109.17500305175781,109.18299865722656,0.0
2025-01-09 19:26:00+00:00,109.1709976196289,109.18000030517578,109.1709976196289,109.17900085449219,0.0
2025-01-09 19:27:00+00:00,109.16600036621094,109.1719970703125,109.16600036621094,109.1719970703125,0.0
2025-01-09 19:29:00+00:00,109.16400146484375,109.16400146484375,109.16200256347656,109.16400146484375,0.0
2025-01-09 19:30:00+00:00,109.16600036621094,109.16699981689453,109.16400146484375,109.16400146484375,0.0
2025-01-09 19:31:00+00:00,109.16500091552734,109.16600036621094,109.16500091552734,109.16500091552734,0.0
2025-01-09 19:32:00+00:00,109.16799926757812,109.16899871826172,109.16500091552734,109.16500091552734,0.0
2025-01-09 19:33:00+00:00,109.16000366210938,109.17400360107422,109.16000366210938,109.16699981689453,0.0
2025-01-09 19:34:00+00:00,109.16200256347656,109.16500091552734,109.16000366210938,109.16000366210938,0.0
2025-01-09 19:35:00+00:00,109.16300201416016,109.16300201416016,109.16200256347656,109.16200256347656,0.0
2025-01-09 19:36:00+00:00,109.16100311279297,109.16600036621094,109.16100311279297,109.16300201416016,0.0
2025-01-09 19:38:00+00:00,109.16400146484375,109.16500091552734,109.16100311279297,109.16300201416016,0.0
2025-01-09 19:39:00+00:00,109.16200256347656,109.16500091552734,109.16100311279297,109.16500091552734,0.0
2025-01-09 19:40:00+00:00,109.16500091552734,109.16500091552734,109.16000366210938,109.16200256347656,0.0
2025-01-09 19:41:00+00:00,109.16400146484375,109.16500091552734,109.16400146484375,109.16400146484375,0.0
2025-01-09 19:42:00+00:00,109.17500305175781,109.1760025024414,109.16300201416016,109.16400146484375,0.0
2025-01-09 19:43:00+00:00,109.1709976196289,109.17500305175781,109.1709976196289,109.17500305175781,0.0
2025-01-09 19:44:00+00:00,109.16400146484375,109.1709976196289,109.16400146484375,109.1709976196289,0.0
2025-01-09 19:45:00+00:00,109.16600036621094,109.16600036621094,109.16300201416016,109.16500091552734,0.0
2025-01-09 19:46:00+00:00,109.16799926757812,109.16899871826172,109.16600036621094,109.16600036621094,0.0
2025-01-09 19:47:00+00:00,109.16500091552734,109.16899871826172,109.16400146484375,109.16799926757812,0.0
2025-01-09 19:48:00+00:00,109.16300201416016,109.16500091552734,109.16300201416016,109.16400146484375,0.0
2025-01-09 19:49:00+00:00,109.16500091552734,109.16500091552734,109.16300201416016,109.16300201416016,0.0
2025-01-09 19:50:00+00:00,109.1760025024414,109.1760025024414,109.16500091552734,109.16500091552734,0.0
2025-01-09 19:51:00+00:00,109.16600036621094,109.177001953125,109.16500091552734,109.1760025024414,0.0
2025-01-09 19:52:00+00:00,109.15299987792969,109.16600036621094,109.15299987792969,109.16500091552734,0.0
2025-01-09 19:53:00+00:00,109.14800262451172,109.15299987792969,109.14800262451172,109.15299987792969,0.0
2025-01-09 19:54:00+00:00,109.15299987792969,109.15299987792969,109.14800262451172,109.14800262451172,0.0
2025-01-09 19:55:00+00:00,109.15699768066406,109.15699768066406,109.1520004272461,109.1520004272461,0.0
2025-01-09 19:56:00+00:00,109.15599822998047,109.15699768066406,109.15499877929688,109.15699768066406,0.0
2025-01-09 19:57:00+00:00,109.15399932861328,109.15699768066406,109.15399932861328,109.15599822998047,0.0
2025-01-09 19:58:00+00:00,109.1520004272461,109.15499877929688,109.1510009765625,109.15399932861328,0.0
2025-01-09 19:59:00+00:00,109.17900085449219,109.18099975585938,109.1520004272461,109.1520004272461,0.0
2025-01-09 20:00:00+00:00,109.16899871826172,109.18000030517578,109.16899871826172,109.18000030517578,0.0
2025-01-09 20:01:00+00:00,109.16899871826172,109.17400360107422,109.16899871826172,109.16999816894531,0.0
2025-01-09 20:02:00+00:00,109.1709976196289,109.1719970703125,109.16999816894531,109.16999816894531,0.0
2025-01-09 20:03:00+00:00,109.1729965209961,109.17400360107422,109.1719970703125,109.1719970703125,0.0
2025-01-09 20:04:00+00:00,109.16899871826172,109.17400360107422,109.16899871826172,109.1729965209961,0.0
2025-01-09 20:05:00+00:00,109.16699981689453,109.1709976196289,109.16699981689453,109.16899871826172,0.0
2025-01-09 20:06:00+00:00,109.16400146484375,109.16699981689453,109.16400146484375,109.16600036621094,0.0
2025-01-09 20:07:00+00:00,109.16100311279297,109.16600036621094,109.16100311279297,109.16500091552734,0.0
2025-01-09 20:08:00+00:00,109.15599822998047,109.16200256347656,109.15599822998047,109.16200256347656,0.0
2025-01-09 20:09:00+00:00,109.15399932861328,109.15399932861328,109.15299987792969,109.15399932861328,0.0
2025-01-09 20:10:00+00:00,109.16200256347656,109.16200256347656,109.15299987792969,109.15399932861328,0.0
2025-01-09 20:11:00+00:00,109.16899871826172,109.16999816894531,109.16100311279297,109.16100311279297,0.0
2025-01-09 20:12:00+00:00,109.16799926757812,109.16899871826172,109.16799926757812,109.16899871826172,0.0
2025-01-09 20:13:00+00:00,109.16300201416016,109.16899871826172,109.16300201416016,109.16799926757812,0.0
2025-01-09 20:14:00+00:00,109.16100311279297,109.16300201416016,109.16000366210938,109.16300201416016,0.0
2025-01-09 20:16:00+00:00,109.16100311279297,109.16600036621094,109.16000366210938,109.16500091552734,0.0
2025-01-09 20:17:00+00:00,109.16000366210938,109.16100311279297,109.15899658203125,109.16000366210938,0.0
2025-01-09 20:18:00+00:00,109.15599822998047,109.16000366210938,109.15599822998047,109.16000366210938,0.0
2025-01-09 20:19:00+00:00,109.16200256347656,109.16200256347656,109.15599822998047,109.15699768066406,0.0
2025-01-09 20:20:00+00:00,109.16100311279297,109.16100311279297,109.16100311279297,109.16100311279297,0.0
2025-01-09 20:21:00+00:00,109.15799713134766,109.16200256347656,109.15799713134766,109.16100311279297,0.0
2025-01-09 20:22:00+00:00,109.15399932861328,109.15699768066406,109.15399932861328,109.15699768066406,0.0
2025-01-09 20:23:00+00:00,109.15599822998047,109.15799713134766,109.15399932861328,109.15399932861328,0.0
2025-01-09 20:24:00+00:00,109.1510009765625,109.15599822998047,109.1500015258789,109.15599822998047,0.0
2025-01-09 20:25:00+00:00,109.1510009765625,109.1510009765625,109.1500015258789,109.1510009765625,0.0
2025-01-09 20:26:00+00:00,109.15399932861328,109.15399932861328,109.1500015258789,109.1510009765625,0.0
2025-01-09 20:27:00+00:00,109.15499877929688,109.15599822998047,109.15399932861328,109.15499877929688,0.0
2025-01-09 20:28:00+00:00,109.15699768066406,109.15699768066406,109.15499877929688,109.15499877929688,0.0
2025-01-09 20:29:00+00:00,109.15599822998047,109.15799713134766,109.15599822998047,109.15699768066406,0.0
2025-01-09 20:30:00+00:00,109.14700317382812,109.15699768066406,109.14600372314453,109.15599822998047,0.0
2025-01-09 20:31:00+00:00,109.14700317382812,109.14900207519531,109.14399719238281,109.14600372314453,0.0
2025-01-09 20:33:00+00:00,109.14700317382812,109.14800262451172,109.14399719238281,109.14600372314453,0.0
2025-01-09 20:34:00+00:00,109.14800262451172,109.14800262451172,109.14700317382812,109.14700317382812,0.0
2025-01-09 20:35:00+00:00,109.1449966430664,109.14800262451172,109.1449966430664,109.14800262451172,0.0
2025-01-09 20:36:00+00:00,109.14199829101562,109.1449966430664,109.14199829101562,109.1449966430664,0.0
2025-01-09 20:37:00+00:00,109.13800048828125,109.14199829101562,109.13800048828125,109.14199829101562,0.0
2025-01-09 20:38:00+00:00,109.13600158691406,109.13899993896484,109.13500213623047,109.13899993896484,0.0
2025-01-09 20:39:00+00:00,109.13800048828125,109.14099884033203,109.13600158691406,109.13700103759766,0.0
2025-01-09 20:40:00+00:00,109.13999938964844,109.13999938964844,109.13700103759766,109.13700103759766,0.0
2025-01-09 20:41:00+00:00,109.13700103759766,109.14099884033203,109.13700103759766,109.14099884033203,0.0
2025-01-09 20:42:00+00:00,109.13600158691406,109.13600158691406,109.13500213623047,109.13600158691406,0.0
2025-01-09 20:43:00+00:00,109.13600158691406,109.13999938964844,109.13600158691406,109.13700103759766,0.0
2025-01-09 20:44:00+00:00,109.13200378417969,109.13500213623047,109.13099670410156,109.13500213623047,0.0
2025-01-09 20:45:00+00:00,109.13200378417969,109.13200378417969,109.13099670410156,109.13200378417969,0.0
2025-01-09 20:46:00+00:00,109.13899993896484,109.13899993896484,109.13099670410156,109.13099670410156,0.0
2025-01-09 20:47:00+00:00,109.13899993896484,109.13999938964844,109.13899993896484,109.13899993896484,0.0
2025-01-09 20:48:00+00:00,109.14199829101562,109.14199829101562,109.13899993896484,109.13899993896484,0.0
2025-01-09 20:49:00+00:00,109.14399719238281,109.14399719238281,109.14299774169922,109.14299774169922,0.0
2025-01-09 20:50:00+00:00,109.1520004272461,109.15499877929688,109.14399719238281,109.1449966430664,0.0
2025-01-09 20:51:00+00:00,109.15299987792969,109.15299987792969,109.1520004272461,109.15299987792969,0.0
2025-01-09 20:52:00+00:00,109.1520004272461,109.15699768066406,109.1520004272461,109.15299987792969,0.0
2025-01-09 20:53:00+00:00,109.14800262451172,109.1520004272461,109.14700317382812,109.1520004272461,0.0
2025-01-09 20:54:00+00:00,109.14800262451172,109.14800262451172,109.14800262451172,109.14800262451172,0.0
2025-01-09 20:55:00+00:00,109.1500015258789,109.1520004272461,109.14900207519531,109.14900207519531,0.0
2025-01-09 20:56:00+00:00,109.1500015258789,109.1510009765625,109.14800262451172,109.14900207519531,0.0
2025-01-09 20:58:00+00:00,109.1520004272461,109.15299987792969,109.1500015258789,109.1510009765625,0.0
2025-01-09 20:59:00+00:00,109.15399932861328,109.15399932861328,109.1520004272461,109.1520004272461,0.0
2025-01-09 21:00:00+00:00,109.16200256347656,109.16200256347656,109.15399932861328,109.15399932861328,0.0
2025-01-09 21:01:00+00:00,109.16300201416016,109.16300201416016,109.16100311279297,109.16200256347656,0.0
2025-01-09 21:03:00+00:00,109.16799926757812,109.1709976196289,109.16699981689453,109.1709976196289,0.0
2025-01-09 21:04:00+00:00,109.16300201416016,109.16799926757812,109.16300201416016,109.16799926757812,0.0
2025-01-09 21:05:00+00:00,109.16300201416016,109.16300201416016,109.16300201416016,109.16300201416016,0.0
2025-01-09 21:06:00+00:00,109.16699981689453,109.16699981689453,109.16200256347656,109.16300201416016,0.0
2025-01-09 21:07:00+00:00,109.16699981689453,109.16899871826172,109.16699981689453,109.16699981689453,0.0
2025-01-09 21:08:00+00:00,109.16600036621094,109.16699981689453,109.16500091552734,109.16699981689453,0.0
2025-01-09 21:09:00+00:00,109.16600036621094,109.16699981689453,109.16600036621094,109.16600036621094,0.0
2025-01-09 21:10:00+00:00,109.16500091552734,109.16600036621094,109.16500091552734,109.16600036621094,0.0
2025-01-09 21:11:00+00:00,109.16699981689453,109.16799926757812,109.16500091552734,109.16500091552734,0.0
2025-01-09 21:12:00+00:00,109.16600036621094,109.16699981689453,109.16600036621094,109.16699981689453,0.0
2025-01-09 21:13:00+00:00,109.16699981689453,109.16699981689453,109.16600036621094,109.16600036621094,0.0
2025-01-09 21:15:00+00:00,109.16300201416016,109.16400146484375,109.16200256347656,109.16400146484375,0.0
2025-01-09 21:17:00+00:00,109.16400146484375,109.16400146484375,109.16300201416016,109.16300201416016,0.0
2025-01-09 21:18:00+00:00,109.16500091552734,109.16799926757812,109.16400146484375,109.16400146484375,0.0
2025-01-09 21:19:00+00:00,109.16300201416016,109.16400146484375,109.16300201416016,109.16400146484375,0.0
2025-01-09 21:20:00+00:00,109.16200256347656,109.16300201416016,109.16100311279297,109.16300201416016,0.0
2025-01-09 21:21:00+00:00,109.16100311279297,109.16200256347656,109.16100311279297,109.16200256347656,0.0
2025-01-09 21:23:00+00:00,109.15599822998047,109.16000366210938,109.15599822998047,109.15799713134766,0.0
2025-01-09 21:25:00+00:00,109.15799713134766,109.15899658203125,109.15799713134766,109.15899658203125,0.0
2025-01-09 21:26:00+00:00,109.16000366210938,109.16000366210938,109.15799713134766,109.15799713134766,0.0
2025-01-09 21:27:00+00:00,109.15899658203125,109.16100311279297,109.15899658203125,109.16000366210938,0.0
2025-01-09 21:28:00+00:00,109.16000366210938,109.16000366210938,109.15899658203125,109.15899658203125,0.0
2025-01-09 21:29:00+00:00,109.16000366210938,109.16100311279297,109.16000366210938,109.16000366210938,0.0
2025-01-09 21:31:00+00:00,109.16100311279297,109.16100311279297,109.16000366210938,109.16000366210938,0.0
2025-01-09 21:32:00+00:00,109.16200256347656,109.16200256347656,109.16100311279297,109.16100311279297,0.0
2025-01-09 21:34:00+00:00,109.16200256347656,109.16300201416016,109.16100311279297,109.16200256347656,0.0
2025-01-09 21:36:00+00:00,109.16300201416016,109.16400146484375,109.16200256347656,109.16200256347656,0.0
2025-01-09 21:38:00+00:00,109.16799926757812,109.16799926757812,109.16400146484375,109.16400146484375,0.0
2025-01-09 21:39:00+00:00,109.16999816894531,109.1719970703125,109.16799926757812,109.16799926757812,0.0
2025-01-09 21:40:00+00:00,109.16999816894531,109.1709976196289,109.16999816894531,109.16999816894531,0.0
2025-01-09 21:41:00+00:00,109.1719970703125,109.1729965209961,109.16999816894531,109.16999816894531,0.0
2025-01-09 21:42:00+00:00,109.16799926757812,109.1719970703125,109.16699981689453,109.1719970703125,0.0
2025-01-09 21:43:00+00:00,109.16899871826172,109.16999816894531,109.16699981689453,109.16799926757812,0.0
2025-01-09 21:45:00+00:00,109.1729965209961,109.1729965209961,109.16600036621094,109.16799926757812,0.0
2025-01-09 21:48:00+00:00,109.1719970703125,109.1729965209961,109.1709976196289,109.1729965209961,0.0
2025-01-09 21:49:00+00:00,109.17400360107422,109.17400360107422,109.1709976196289,109.1709976196289,0.0
2025-01-09 21:50:00+00:00,109.17400360107422,109.17500305175781,109.17400360107422,109.17400360107422,0.0
2025-01-09 21:51:00+00:00,109.17500305175781,109.17500305175781,109.17400360107422,109.17500305175781,0.0
2025-01-09 21:52:00+00:00,109.1760025024414,109.1780014038086,109.1760025024414,109.1760025024414,0.0
2025-01-09 21:53:00+00:00,109.17500305175781,109.1760025024414,109.17500305175781,109.1760025024414,0.0
2025-01-09 21:54:00+00:00,109.17400360107422,109.1760025024414,109.17400360107422,109.17500305175781,0.0
2025-01-09 21:55:00+00:00,109.16999816894531,109.1729965209961,109.16999816894531,109.1729965209961,0.0
2025-01-09 21:56:00+00:00,109.17500305175781,109.1760025024414,109.16999816894531,109.16999816894531,0.0
2025-01-09 21:57:00+00:00,109.16899871826172,109.17500305175781,109.16899871826172,109.17500305175781,0.0
2025-01-09 21:58:00+00:00,109.1729965209961,109.17400360107422,109.16799926757812,109.16899871826172,0.0
2025-01-09 21:59:00+00:00,109.1729965209961,109.1729965209961,109.1719970703125,109.1729965209961,0.0
2025-01-09 22:00:00+00:00,109.16600036621094,109.1729965209961,109.16600036621094,109.1729965209961,0.0
2025-01-09 22:01:00+00:00,109.16300201416016,109.16600036621094,109.16300201416016,109.16600036621094,0.0
2025-01-09 22:02:00+00:00,109.15299987792969,109.16300201416016,109.1520004272461,109.16300201416016,0.0
2025-01-09 22:03:00+00:00,109.1500015258789,109.15399932861328,109.14800262451172,109.15399932861328,0.0
2025-01-09 22:04:00+00:00,109.15599822998047,109.15599822998047,109.14800262451172,109.14900207519531,0.0
2025-01-09 22:05:00+00:00,109.15599822998047,109.15599822998047,109.15399932861328,109.15599822998047,0.0
2025-01-09 22:06:00+00:00,109.15699768066406,109.15799713134766,109.15599822998047,109.15599822998047,0.0
2025-01-09 22:07:00+00:00,109.16100311279297,109.16200256347656,109.15699768066406,109.15699768066406,0.0
2025-01-09 22:08:00+00:00,109.16100311279297,109.16300201416016,109.16100311279297,109.16100311279297,0.0
2025-01-09 22:09:00+00:00,109.16300201416016,109.16400146484375,109.16000366210938,109.16100311279297,0.0
2025-01-09 22:10:00+00:00,109.16000366210938,109.16300201416016,109.15899658203125,109.16300201416016,0.0
2025-01-09 22:11:00+00:00,109.15699768066406,109.16000366210938,109.15699768066406,109.16000366210938,0.0
2025-01-09 22:12:00+00:00,109.16000366210938,109.16000366210938,109.15699768066406,109.15699768066406,0.0
2025-01-09 22:13:00+00:00,109.16300201416016,109.16400146484375,109.16000366210938,109.16000366210938,0.0
2025-01-09 22:14:00+00:00,109.16400146484375,109.16400146484375,109.16200256347656,109.16200256347656,0.0
2025-01-09 22:15:00+00:00,109.16500091552734,109.16600036621094,109.16400146484375,109.16400146484375,0.0
2025-01-09 22:16:00+00:00,109.16500091552734,109.16600036621094,109.16400146484375,109.16500091552734,0.0
2025-01-09 22:18:00+00:00,109.16300201416016,109.16600036621094,109.16300201416016,109.16500091552734,0.0
2025-01-09 22:20:00+00:00,109.16100311279297,109.16200256347656,109.16100311279297,109.16100311279297,0.0
2025-01-09 22:22:00+00:00,109.16100311279297,109.16100311279297,109.15899658203125,109.16000366210938,0.0
2025-01-09 22:24:00+00:00,109.16500091552734,109.16600036621094,109.16300201416016,109.16300201416016,0.0
2025-01-09 22:25:00+00:00,109.16400146484375,109.16500091552734,109.16400146484375,109.16500091552734,0.0
2025-01-09 22:26:00+00:00,109.1709976196289,109.1709976196289,109.16400146484375,109.16400146484375,0.0
2025-01-09 22:27:00+00:00,109.1719970703125,109.1719970703125,109.1709976196289,109.1709976196289,0.0
2025-01-09 22:28:00+00:00,109.1729965209961,109.1729965209961,109.16799926757812,109.1729965209961,0.0
2025-01-09 22:29:00+00:00,109.17500305175781,109.17500305175781,109.1719970703125,109.1729965209961,0.0
2025-01-09 22:30:00+00:00,109.18099975585938,109.18099975585938,109.17500305175781,109.17500305175781,0.0
2025-01-09 22:31:00+00:00,109.18399810791016,109.18499755859375,109.18099975585938,109.18099975585938,0.0
2025-01-09 22:32:00+00:00,109.18499755859375,109.18499755859375,109.18399810791016,109.18399810791016,0.0
2025-01-09 22:34:00+00:00,109.18399810791016,109.18499755859375,109.18399810791016,109.18499755859375,0.0
2025-01-09 22:35:00+00:00,109.18499755859375,109.18599700927734,109.18199920654297,109.18399810791016,0.0
2025-01-09 22:36:00+00:00,109.18699645996094,109.18699645996094,109.18499755859375,109.18499755859375,0.0
2025-01-09 22:37:00+00:00,109.18499755859375,109.18699645996094,109.18499755859375,109.18599700927734,0.0
2025-01-09 22:38:00+00:00,109.18499755859375,109.18699645996094,109.18399810791016,109.18499755859375,0.0
2025-01-09 22:39:00+00:00,109.18499755859375,109.18499755859375,109.18399810791016,109.18499755859375,0.0
2025-01-09 22:40:00+00:00,109.18399810791016,109.18499755859375,109.18299865722656,109.18399810791016,0.0
2025-01-09 22:42:00+00:00,109.18299865722656,109.18399810791016,109.18299865722656,109.18399810791016,0.0
2025-01-09 22:43:00+00:00,109.18399810791016,109.18399810791016,109.18299865722656,109.18399810791016,0.0
2025-01-09 22:44:00+00:00,109.18299865722656,109.18499755859375,109.18299865722656,109.18399810791016,0.0
2025-01-09 22:48:00+00:00,109.18299865722656,109.18299865722656,109.18199920654297,109.18299865722656,0.0
2025-01-09 22:49:00+00:00,109.18299865722656,109.18399810791016,109.18199920654297,109.18299865722656,0.0
2025-01-09 22:50:00+00:00,109.18499755859375,109.18599700927734,109.18299865722656,109.18299865722656,0.0
2025-01-09 22:52:00+00:00,109.18199920654297,109.18299865722656,109.18199920654297,109.18199920654297,0.0
2025-01-09 22:53:00+00:00,109.17500305175781,109.18199920654297,109.17400360107422,109.18199920654297,0.0
2025-01-09 22:54:00+00:00,109.17400360107422,109.17500305175781,109.1729965209961,109.17500305175781,0.0
2025-01-09 22:55:00+00:00,109.1729965209961,109.17400360107422,109.1729965209961,109.17400360107422,0.0
2025-01-09 22:56:00+00:00,109.1729965209961,109.17400360107422,109.1719970703125,109.17400360107422,0.0
2025-01-09 22:57:00+00:00,109.17400360107422,109.17500305175781,109.1729965209961,109.1729965209961,0.0
2025-01-09 22:58:00+00:00,109.16999816894531,109.1729965209961,109.16999816894531,109.1719970703125,0.0
2025-01-09 22:59:00+00:00,109.16899871826172,109.16999816894531,109.16899871826172,109.16999816894531,0.0
2025-01-09 23:00:00+00:00,109.1709976196289,109.1760025024414,109.16699981689453,109.16899871826172,0.0
2025-01-09 23:01:00+00:00,109.16200256347656,109.1709976196289,109.15899658203125,109.1709976196289,0.0
2025-01-09 23:02:00+00:00,109.16300201416016,109.16699981689453,109.15799713134766,109.16200256347656,0.0
2025-01-09 23:03:00+00:00,109.16000366210938,109.16300201416016,109.16000366210938,109.16200256347656,0.0
2025-01-09 23:04:00+00:00,109.16200256347656,109.16200256347656,109.16200256347656,109.16200256347656,0.0
