Datetime,Close,High,Low,Open,Volume
2025-01-12 18:00:00,107.40625,107.484375,107.359375,107.484375,10181.0
2025-01-12 18:15:00,107.390625,107.421875,107.375,107.421875,2507.0
2025-01-12 18:30:00,107.375,107.390625,107.359375,107.390625,3237.0
2025-01-12 18:45:00,107.328125,107.390625,107.3125,107.375,6406.0
2025-01-12 19:00:00,107.359375,107.390625,107.328125,107.34375,5761.0
2025-01-12 19:15:00,107.375,107.390625,107.359375,107.375,1788.0
2025-01-12 19:30:00,107.359375,107.375,107.359375,107.375,1300.0
2025-01-12 19:45:00,107.375,107.375,107.359375,107.359375,465.0
2025-01-12 20:00:00,107.328125,107.375,107.328125,107.359375,4583.0
2025-01-12 20:15:00,107.3125,107.34375,107.3125,107.328125,3949.0
2025-01-12 20:30:00,107.3125,107.328125,107.296875,107.3125,6184.0
2025-01-12 20:45:00,107.3125,107.34375,107.296875,107.3125,2643.0
2025-01-12 21:00:00,107.296875,107.328125,107.265625,107.3125,6994.0
2025-01-12 21:15:00,107.265625,107.3125,107.234375,107.296875,9553.0
2025-01-12 21:30:00,107.265625,107.265625,107.21875,107.265625,7303.0
2025-01-12 21:45:00,107.234375,107.265625,107.234375,107.265625,5954.0
2025-01-12 22:00:00,107.25,107.25,107.21875,107.25,5560.0
2025-01-12 22:15:00,107.21875,107.25,107.21875,107.25,2955.0
2025-01-12 22:30:00,107.25,107.25,107.21875,107.21875,2522.0
2025-01-12 22:45:00,107.25,107.265625,107.234375,107.234375,1414.0
2025-01-12 23:00:00,107.25,107.265625,107.234375,107.25,3562.0
2025-01-12 23:15:00,107.234375,107.265625,107.234375,107.25,1832.0
2025-01-12 23:30:00,107.234375,107.25,107.21875,107.234375,2114.0
2025-01-12 23:45:00,107.265625,107.265625,107.234375,107.234375,1635.0
2025-01-13 00:00:00,107.25,107.265625,107.25,107.25,97.0
2025-01-13 00:15:00,107.265625,107.265625,107.25,107.25,397.0
2025-01-13 00:30:00,107.28125,107.28125,107.25,107.265625,2036.0
2025-01-13 00:45:00,107.25,107.28125,107.25,107.28125,2609.0
2025-01-13 01:00:00,107.25,107.28125,107.25,107.265625,3137.0
2025-01-13 01:15:00,107.25,107.265625,107.25,107.265625,1238.0
2025-01-13 01:30:00,107.234375,107.265625,107.234375,107.265625,1016.0
2025-01-13 01:45:00,107.25,107.265625,107.234375,107.234375,2043.0
2025-01-13 02:00:00,107.28125,107.28125,107.234375,107.25,10423.0
2025-01-13 02:15:00,107.25,107.328125,107.25,107.28125,13965.0
2025-01-13 02:30:00,107.234375,107.28125,107.21875,107.265625,12115.0
2025-01-13 02:45:00,107.296875,107.3125,107.234375,107.234375,10564.0
2025-01-13 03:00:00,107.296875,107.328125,107.28125,107.28125,19647.0
2025-01-13 03:15:00,107.28125,107.328125,107.265625,107.28125,11828.0
2025-01-13 03:30:00,107.234375,107.28125,107.203125,107.28125,21351.0
2025-01-13 03:45:00,107.234375,107.265625,107.21875,107.234375,10633.0
2025-01-13 04:00:00,107.234375,107.265625,107.21875,107.21875,13178.0
2025-01-13 04:15:00,107.25,107.25,107.21875,107.23400115966797,12336.0
2025-01-13 04:30:00,107.234375,107.265625,107.21875,107.25,14335.0
2025-01-13 04:45:00,107.265625,107.296875,107.21875,107.21875,10021.0
2025-01-13 05:00:00,107.21875,107.28125,107.21875,107.28125,9383.0
2025-01-13 05:15:00,107.234375,107.25,107.1875,107.234375,13666.0
2025-01-13 05:30:00,107.25,107.28125,107.234375,107.234375,15841.0
2025-01-13 05:45:00,107.265625,107.296875,107.234375,107.25,6833.0
2025-01-13 06:00:00,107.296875,107.3125,107.25,107.265625,18826.0
2025-01-13 06:15:00,107.3125,107.328125,107.28125,107.296875,9528.0
2025-01-13 06:30:00,107.265625,107.3125,107.265625,107.3125,14475.0
2025-01-13 06:45:00,107.28125,107.3125,107.265625,107.28125,9521.0
2025-01-13 07:00:00,107.3125,107.3125,107.234375,107.28125,22400.0
2025-01-13 07:15:00,107.328125,107.34375,107.296875,107.296875,18903.0
2025-01-13 07:30:00,107.421875,107.421875,107.3125,107.34375,31809.0
2025-01-13 07:45:00,107.4375,107.46875,107.390625,107.40625,23335.0
2025-01-13 08:00:00,107.40625,107.46875,107.375,107.4375,29151.0
2025-01-13 08:15:00,107.46875,107.46875,107.390625,107.40625,34788.0
2025-01-13 08:30:00,107.421875,107.484375,107.421875,107.46875,30564.0
2025-01-13 08:45:00,107.375,107.4375,107.375,107.4375,28184.0
2025-01-13 09:00:00,107.453125,107.46875,107.34375,107.390625,44936.0
2025-01-13 09:15:00,107.40625,107.46875,107.390625,107.453125,36435.0
2025-01-13 09:30:00,107.390625,107.421875,107.34375,107.421875,30616.0
2025-01-13 09:45:00,107.375,107.4375,107.34375,107.390625,26375.0
2025-01-13 10:00:00,107.390625,107.421875,107.359375,107.359375,31576.0
2025-01-13 10:15:00,107.296875,107.390625,107.296875,107.375,42096.0
2025-01-13 10:30:00,107.359375,107.375,107.28125,107.3125,36803.0
2025-01-13 10:45:00,107.328125,107.390625,107.3125,107.375,26951.0
2025-01-13 11:00:00,107.296875,107.359375,107.265625,107.328125,25834.0
2025-01-13 11:15:00,107.234375,107.296875,107.203125,107.28125,50657.0
2025-01-13 11:30:00,107.296875,107.3125,107.234375,107.25,24502.0
2025-01-13 11:45:00,107.21875,107.296875,107.21875,107.296875,20687.0
2025-01-13 12:00:00,107.34375,107.390625,107.21875,107.234375,63726.0
2025-01-13 12:15:00,107.34375,107.390625,107.328125,107.34375,25598.0
2025-01-13 12:30:00,107.3125,107.390625,107.3125,107.34375,18870.0
2025-01-13 12:45:00,107.375,107.390625,107.3125,107.328125,18864.0
2025-01-13 13:00:00,107.359375,107.40625,107.359375,107.375,16091.0
2025-01-13 13:15:00,107.359375,107.375,107.3125,107.359375,27406.0
2025-01-13 13:30:00,107.359375,107.390625,107.34375,107.359375,14434.0
2025-01-13 13:45:00,107.375,107.390625,107.34375,107.375,11869.0
2025-01-13 14:00:00,107.34375,107.390625,107.328125,107.375,21441.0
2025-01-13 14:15:00,107.34375,107.359375,107.328125,107.359375,19596.0
2025-01-13 14:30:00,107.265625,107.34375,107.265625,107.34375,24828.0
2025-01-13 14:45:00,107.21875,107.28125,107.21875,107.265625,119993.0
2025-01-13 15:00:00,107.265625,107.3125,107.21875,107.21875,112579.0
2025-01-13 15:15:00,107.28125,107.28125,107.25,107.28125,22177.0
2025-01-13 15:30:00,107.296875,107.296875,107.265625,107.28125,20921.0
2025-01-13 15:45:00,107.296875,107.328125,107.28125,107.296875,30393.0
2025-01-13 16:00:00,107.296875,107.296875,107.265625,107.28125,17555.0
2025-01-13 16:15:00,107.28125,107.296875,107.25,107.296875,14639.0
2025-01-13 16:30:00,107.296875,107.296875,107.265625,107.28125,17707.0
2025-01-13 16:45:00,107.34375,107.359375,107.28125,107.28125,23097.0
2025-01-13 18:00:00,107.421875,107.4375,107.34375,107.359375,4148.0
2025-01-13 18:15:00,107.421875,107.4375,107.40625,107.4375,2922.0
2025-01-13 18:30:00,107.46875,107.484375,107.4375,107.4375,8346.0
2025-01-13 18:45:00,107.453125,107.46875,107.4375,107.453125,6589.0
2025-01-13 19:00:00,107.453125,107.5,107.4375,107.453125,14377.0
2025-01-13 19:15:00,107.453125,107.46875,107.4375,107.453125,7035.0
2025-01-13 19:30:00,107.421875,107.453125,107.421875,107.453125,2321.0
2025-01-13 19:45:00,107.40625,107.4375,107.390625,107.4375,5074.0
2025-01-13 20:00:00,107.4375,107.4375,107.40625,107.40625,1531.0
2025-01-13 20:15:00,107.4375,107.453125,107.40625,107.4375,3126.0
2025-01-13 20:30:00,107.40625,107.4375,107.40625,107.4375,1964.0
2025-01-13 20:45:00,107.421875,107.4375,107.390625,107.421875,3063.0
2025-01-13 21:00:00,107.40625,107.4375,107.40625,107.421875,1832.0
2025-01-13 21:15:00,107.40625,107.421875,107.40625,107.421875,1192.0
2025-01-13 21:30:00,107.421875,107.421875,107.40625,107.421875,99.0
2025-01-13 21:45:00,107.40625,107.4375,107.40625,107.421875,4122.0
2025-01-13 22:00:00,107.390625,107.40625,107.390625,107.40625,1866.0
2025-01-13 22:15:00,107.421875,107.421875,107.390625,107.390625,4286.0
2025-01-13 22:30:00,107.421875,107.4375,107.40625,107.421875,3156.0
2025-01-13 22:45:00,107.421875,107.4375,107.40625,107.421875,2798.0
2025-01-13 23:00:00,107.4375,107.453125,107.40625,107.421875,3782.0
2025-01-13 23:15:00,107.421875,107.4375,107.421875,107.4375,474.0
2025-01-13 23:30:00,107.453125,107.453125,107.421875,107.421875,3940.0
2025-01-13 23:45:00,107.453125,107.46875,107.4375,107.453125,3146.0
2025-01-14 00:00:00,107.46875,107.46875,107.4375,107.46875,4938.0
2025-01-14 00:15:00,107.4375,107.46875,107.421875,107.46875,2553.0
2025-01-14 00:30:00,107.484375,107.484375,107.421875,107.4375,6850.0
2025-01-14 00:45:00,107.5,107.515625,107.46875,107.484375,5648.0
2025-01-14 01:00:00,107.484375,107.5,107.46875,107.5,3041.0
2025-01-14 01:15:00,107.484375,107.515625,107.484375,107.484375,3065.0
2025-01-14 01:30:00,107.484375,107.5,107.46875,107.484375,2824.0
2025-01-14 01:45:00,107.46875,107.484375,107.453125,107.46875,1086.0
2025-01-14 02:00:00,107.453125,107.46875,107.421875,107.453125,7322.0
2025-01-14 02:15:00,107.484375,107.515625,107.453125,107.453125,10029.0
2025-01-14 02:30:00,107.484375,107.5,107.46875,107.5,6126.0
2025-01-14 02:45:00,107.53125,107.546875,107.484375,107.484375,11703.0
2025-01-14 03:00:00,107.515625,107.578125,107.515625,107.546875,19103.0
2025-01-14 03:15:00,107.5,107.546875,107.5,107.515625,8472.0
2025-01-14 03:30:00,107.484375,107.5,107.453125,107.484375,10907.0
2025-01-14 03:45:00,107.4375,107.5,107.421875,107.484375,9889.0
2025-01-14 04:00:00,107.390625,107.4375,107.390625,107.421875,9799.0
2025-01-14 04:15:00,107.421875,107.421875,107.390625,107.390625,9415.0
2025-01-14 04:30:00,107.40625,107.421875,107.375,107.40625,4809.0
2025-01-14 04:45:00,107.40625,107.421875,107.375,107.40625,5442.0
2025-01-14 05:00:00,107.375,107.40625,107.359375,107.390625,7912.0
2025-01-14 05:15:00,107.34375,107.375,107.328125,107.375,13634.0
2025-01-14 05:30:00,107.390625,107.390625,107.34375,107.359375,9587.0
2025-01-14 05:45:00,107.40625,107.421875,107.375,107.375,12505.0
2025-01-14 06:00:00,107.34375,107.40625,107.34375,107.390625,7881.0
2025-01-14 06:15:00,107.34375,107.34400177001953,107.3125,107.34400177001953,15850.0
2025-01-14 06:30:00,107.328125,107.375,107.328125,107.359375,6258.0
2025-01-14 06:45:00,107.296875,107.34375,107.296875,107.328125,9414.0
2025-01-14 07:00:00,107.28125,107.3125,107.265625,107.296875,15044.0
2025-01-14 07:15:00,107.328125,107.328125,107.265625,107.296875,15005.0
2025-01-14 07:30:00,107.34375,107.359375,107.3125,107.3125,15202.0
2025-01-14 07:45:00,107.3125,107.34375,107.296875,107.328125,8629.0
2025-01-14 08:00:00,107.3125,107.390625,107.3125,107.3125,45573.0
2025-01-14 08:15:00,107.265625,107.34375,107.25,107.3125,35011.0
2025-01-14 08:30:00,107.375,107.578125,107.265625,107.265625,184481.0
2025-01-14 08:45:00,107.375,107.40625,107.3125,107.375,75383.0
2025-01-14 09:00:00,107.3125,107.390625,107.265625,107.359375,76162.0
2025-01-14 09:15:00,107.34375,107.40625,107.3125,107.3125,51393.0
2025-01-14 09:30:00,107.359375,107.4375,107.328125,107.328125,40747.0
2025-01-14 09:45:00,107.28125,107.359375,107.265625,107.359375,75946.0
2025-01-14 10:00:00,107.328125,107.359375,107.28125,107.296875,25840.0
2025-01-14 10:15:00,107.28125,107.359375,107.28125,107.34375,27781.0
2025-01-14 10:30:00,107.28125,107.34375,107.28125,107.296875,25930.0
2025-01-14 10:45:00,107.296875,107.328125,107.25,107.28125,37482.0
2025-01-14 11:00:00,107.375,107.375,107.296875,107.296875,36531.0
2025-01-14 11:15:00,107.359375,107.40625,107.328125,107.359375,24208.0
2025-01-14 11:30:00,107.34375,107.390625,107.3125,107.359375,17710.0
2025-01-14 11:45:00,107.34375,107.359375,107.3125,107.34375,23040.0
2025-01-14 12:00:00,107.296875,107.375,107.296875,107.34375,18782.0
2025-01-14 12:15:00,107.296875,107.34375,107.265625,107.3125,18962.0
2025-01-14 12:30:00,107.28125,107.3125,107.265625,107.296875,20501.0
2025-01-14 12:45:00,107.25,107.296875,107.234375,107.28125,24038.0
2025-01-14 13:00:00,107.25,107.265625,107.21875,107.234375,24393.0
2025-01-14 13:15:00,107.296875,107.3125,107.25,107.25,25507.0
2025-01-14 13:30:00,107.296875,107.328125,107.28125,107.3125,21370.0
2025-01-14 13:45:00,107.34375,107.34375,107.296875,107.3125,20703.0
2025-01-14 14:00:00,107.328125,107.34375,107.296875,107.328125,18975.0
2025-01-14 14:15:00,107.34375,107.34375,107.3125,107.3125,8453.0
2025-01-14 14:30:00,107.34375,107.390625,107.328125,107.328125,20845.0
2025-01-14 14:45:00,107.34375,107.359375,107.3125,107.34375,39144.0
2025-01-14 15:00:00,107.34375,107.390625,107.34375,107.34375,27007.0
2025-01-14 15:15:00,107.359375,107.375,107.34375,107.359375,17910.0
2025-01-14 15:30:00,107.328125,107.359375,107.328125,107.359375,12910.0
2025-01-14 15:45:00,107.359375,107.375,107.3125,107.328125,32865.0
2025-01-14 16:00:00,107.359375,107.390625,107.34375,107.359375,24599.0
2025-01-14 16:15:00,107.359375,107.390625,107.34375,107.375,9177.0
2025-01-14 16:30:00,107.3125,107.359375,107.3125,107.359375,14439.0
2025-01-14 16:45:00,107.3125,107.34375,107.3125,107.3125,18208.0
2025-01-14 18:00:00,107.328125,107.359375,107.3125,107.3125,1396.0
2025-01-14 18:15:00,107.34375,107.34375,107.328125,107.34375,1533.0
2025-01-14 18:30:00,107.34375,107.34375,107.328125,107.328125,152.0
2025-01-14 18:45:00,107.34375,107.34375,107.34375,107.34375,2245.0
2025-01-14 19:00:00,107.34375,107.359375,107.328125,107.34375,4564.0
2025-01-14 19:15:00,107.375,107.390625,107.34375,107.34375,3308.0
2025-01-14 19:30:00,107.375,107.390625,107.359375,107.375,4448.0
2025-01-14 19:45:00,107.375,107.375,107.359375,107.375,727.0
2025-01-14 20:00:00,107.375,107.390625,107.359375,107.375,3679.0
2025-01-14 20:15:00,107.359375,107.375,107.359375,107.359375,2982.0
2025-01-14 20:30:00,107.359375,107.375,107.359375,107.359375,728.0
2025-01-14 20:45:00,107.359375,107.375,107.34375,107.359375,3139.0
2025-01-14 21:00:00,107.390625,107.390625,107.359375,107.375,2972.0
2025-01-14 21:15:00,107.359375,107.390625,107.359375,107.375,2320.0
2025-01-14 21:30:00,107.359375,107.375,107.359375,107.375,236.0
2025-01-14 21:45:00,107.390625,107.390625,107.359375,107.375,1921.0
2025-01-14 22:00:00,107.375,107.390625,107.375,107.390625,196.0
2025-01-14 22:15:00,107.375,107.390625,107.375,107.390625,2371.0
2025-01-14 22:30:00,107.390625,107.40625,107.375,107.390625,3023.0
2025-01-14 22:45:00,107.40625,107.40625,107.390625,107.390625,2423.0
2025-01-14 23:00:00,107.40625,107.40625,107.390625,107.390625,486.0
2025-01-14 23:15:00,107.40625,107.40625,107.390625,107.40625,5767.0
2025-01-14 23:30:00,107.40625,107.40625,107.390625,107.40625,2438.0
2025-01-14 23:45:00,107.390625,107.40625,107.390625,107.390625,3100.0
2025-01-15 00:00:00,107.40625,107.421875,107.40625,107.40625,2678.0
2025-01-15 00:15:00,107.421875,107.421875,107.40625,107.40625,375.0
2025-01-15 00:30:00,107.4375,107.4375,107.40625,107.40625,1283.0
2025-01-15 00:45:00,107.40625,107.4375,107.40625,107.4375,1270.0
2025-01-15 01:00:00,107.40625,107.421875,107.390625,107.40625,3680.0
2025-01-15 01:15:00,107.40625,107.40625,107.390625,107.40625,3036.0
2025-01-15 01:30:00,107.390625,107.421875,107.375,107.40625,3670.0
2025-01-15 01:45:00,107.390625,107.40625,107.375,107.390625,4474.0
2025-01-15 02:00:00,107.453125,107.46875,107.390625,107.390625,16287.0
2025-01-15 02:15:00,107.484375,107.5,107.421875,107.4375,9334.0
2025-01-15 02:30:00,107.484375,107.5,107.453125,107.484375,13980.0
2025-01-15 02:45:00,107.515625,107.515625,107.484375,107.484375,12264.0
2025-01-15 03:00:00,107.46875,107.515625,107.4375,107.5,22045.0
2025-01-15 03:15:00,107.4375,107.46875,107.421875,107.46875,6616.0
2025-01-15 03:30:00,107.40625,107.4375,107.390625,107.4375,15971.0
2025-01-15 03:45:00,107.421875,107.421875,107.375,107.40625,5966.0
2025-01-15 04:00:00,107.4375,107.46875,107.390625,107.40625,16288.0
2025-01-15 04:15:00,107.484375,107.5,107.4375,107.453125,10858.0
2025-01-15 04:30:00,107.46875,107.5,107.4375,107.484375,13340.0
2025-01-15 04:45:00,107.453125,107.5,107.4375,107.46875,7843.0
2025-01-15 05:00:00,107.453125,107.46875,107.4375,107.453125,4669.0
2025-01-15 05:15:00,107.453125,107.46875,107.4375,107.453125,5480.0
2025-01-15 05:30:00,107.46875,107.484375,107.4375,107.453125,6455.0
2025-01-15 05:45:00,107.4375,107.453125,107.421875,107.453125,5639.0
2025-01-15 06:00:00,107.46875,107.484375,107.453125,107.453125,4135.0
2025-01-15 06:15:00,107.4375,107.484375,107.4375,107.46900177001953,27418.0
2025-01-15 06:30:00,107.484375,107.484375,107.4375,107.453125,8112.0
2025-01-15 06:45:00,107.515625,107.515625,107.453125,107.46875,17171.0
2025-01-15 07:00:00,107.53125,107.546875,107.5,107.5,16998.0
2025-01-15 07:15:00,107.5625,107.5625,107.5,107.53125,16376.0
2025-01-15 07:30:00,107.53125,107.546875,107.515625,107.546875,17077.0
2025-01-15 07:45:00,107.53125,107.546875,107.5,107.53125,20892.0
2025-01-15 08:00:00,107.53125,107.5625,107.5,107.53125,26773.0
2025-01-15 08:15:00,107.59375,107.609375,107.5,107.53125,44060.0
2025-01-15 08:30:00,107.96875,108.0625,107.59375,107.609375,267530.0
2025-01-15 08:45:00,108.140625,108.203125,107.9375,107.96875,202175.0
2025-01-15 09:00:00,108.140625,108.203125,108.09375,108.140625,114988.0
2025-01-15 09:15:00,108.296875,108.34375,108.140625,108.15625,152707.0
2025-01-15 09:30:00,108.296875,108.328125,108.21875,108.296875,95307.0
2025-01-15 09:45:00,108.3125,108.328125,108.25,108.296875,89352.0
2025-01-15 10:00:00,108.328125,108.34375,108.234375,108.3125,93958.0
2025-01-15 10:15:00,108.359375,108.40625,108.328125,108.328125,55526.0
2025-01-15 10:30:00,108.328125,108.40625,108.3125,108.375,46591.0
2025-01-15 10:45:00,108.265625,108.34375,108.234375,108.328125,66073.0
2025-01-15 11:00:00,108.234375,108.296875,108.171875,108.265625,60959.0
2025-01-15 11:15:00,108.203125,108.265625,108.171875,108.234375,46193.0
2025-01-15 11:30:00,108.203125,108.234375,108.15625,108.1875,53355.0
2025-01-15 11:45:00,108.1875,108.21875,108.140625,108.1875,43634.0
2025-01-15 12:00:00,108.21875,108.25,108.171875,108.1875,19269.0
2025-01-15 12:15:00,108.265625,108.296875,108.21875,108.21875,30012.0
2025-01-15 12:30:00,108.265625,108.296875,108.25,108.28125,20211.0
2025-01-15 12:45:00,108.25,108.28125,108.21875,108.28125,18121.0
2025-01-15 13:00:00,108.21875,108.25,108.203125,108.25,17814.0
2025-01-15 13:15:00,108.28125,108.34375,108.21875,108.234375,39800.0
2025-01-15 13:30:00,108.28125,108.296875,108.265625,108.28125,21724.0
2025-01-15 13:45:00,108.3125,108.328125,108.28125,108.296875,16670.0
2025-01-15 14:00:00,108.28125,108.328125,108.265625,108.296875,26114.0
2025-01-15 14:15:00,108.328125,108.34375,108.265625,108.28125,17546.0
2025-01-15 14:30:00,108.296875,108.328125,108.28125,108.328125,25079.0
2025-01-15 14:45:00,108.328125,108.34375,108.296875,108.296875,93898.0
2025-01-15 15:00:00,108.28125,108.328125,108.265625,108.3125,41675.0
2025-01-15 15:15:00,108.296875,108.3125,108.265625,108.28125,25582.0
2025-01-15 15:30:00,108.3125,108.34375,108.28125,108.28125,46163.0
2025-01-15 15:45:00,108.34375,108.34375,108.296875,108.3125,55950.0
2025-01-15 16:00:00,108.328125,108.359375,108.296875,108.328125,31824.0
2025-01-15 16:15:00,108.296875,108.34375,108.296875,108.328125,23867.0
2025-01-15 16:30:00,108.28125,108.3125,108.28125,108.3125,24037.0
2025-01-15 16:45:00,108.296875,108.3125,108.28125,108.296875,19041.0
2025-01-15 18:00:00,108.28125,108.3125,108.265625,108.296875,1272.0
2025-01-15 18:15:00,108.296875,108.3125,108.265625,108.265625,2241.0
2025-01-15 18:30:00,108.28125,108.296875,108.265625,108.296875,3564.0
2025-01-15 18:45:00,108.296875,108.296875,108.265625,108.28125,2087.0
2025-01-15 19:00:00,108.265625,108.296875,108.25,108.296875,4791.0
2025-01-15 19:15:00,108.265625,108.28125,108.25,108.265625,6031.0
2025-01-15 19:30:00,108.265625,108.3125,108.234375,108.265625,9953.0
2025-01-15 19:45:00,108.25,108.265625,108.234375,108.265625,6113.0
2025-01-15 20:00:00,108.234375,108.265625,108.21875,108.25,4626.0
2025-01-15 20:15:00,108.234375,108.25,108.21875,108.234375,9312.0
2025-01-15 20:30:00,108.234375,108.25,108.21875,108.234375,4489.0
2025-01-15 20:45:00,108.25,108.265625,108.234375,108.234375,4972.0
2025-01-15 21:00:00,108.25,108.28125,108.21875,108.25,7831.0
2025-01-15 21:15:00,108.25,108.25,108.234375,108.25,2480.0
2025-01-15 21:30:00,108.25,108.25,108.21875,108.25,3905.0
2025-01-15 21:45:00,108.25,108.265625,108.234375,108.265625,1540.0
2025-01-15 22:00:00,108.265625,108.28125,108.234375,108.25,4588.0
2025-01-15 22:15:00,108.234375,108.265625,108.234375,108.265625,2224.0
2025-01-15 22:30:00,108.265625,108.265625,108.234375,108.234375,2807.0
2025-01-15 22:45:00,108.28125,108.296875,108.265625,108.265625,3616.0
2025-01-15 23:00:00,108.28125,108.296875,108.28125,108.296875,2394.0
2025-01-15 23:15:00,108.28125,108.28125,108.265625,108.28125,1902.0
2025-01-15 23:30:00,108.25,108.28125,108.234375,108.28125,7884.0
2025-01-15 23:45:00,108.25,108.25,108.21875,108.234375,2488.0
2025-01-16 00:00:00,108.28125,108.28125,108.25,108.25,2457.0
2025-01-16 00:15:00,108.28125,108.28125,108.265625,108.28125,3867.0
2025-01-16 00:30:00,108.265625,108.265625,108.234375,108.265625,2724.0
2025-01-16 00:45:00,108.265625,108.265625,108.25,108.265625,495.0
2025-01-16 01:00:00,108.25,108.265625,108.234375,108.25,4084.0
2025-01-16 01:15:00,108.25,108.25,108.234375,108.25,1354.0
2025-01-16 01:30:00,108.28125,108.28125,108.234375,108.25,7008.0
2025-01-16 01:45:00,108.3125,108.328125,108.265625,108.265625,8870.0
2025-01-16 02:00:00,108.28125,108.296875,108.25,108.296875,8303.0
2025-01-16 02:15:00,108.25,108.28125,108.234375,108.28125,6719.0
2025-01-16 02:30:00,108.234375,108.265625,108.21875,108.25,4802.0
2025-01-16 02:45:00,108.203125,108.265625,108.1875,108.234375,17278.0
2025-01-16 03:00:00,108.234375,108.265625,108.1875,108.203125,16656.0
2025-01-16 03:15:00,108.203125,108.25,108.171875,108.234375,17621.0
2025-01-16 03:30:00,108.1875,108.203125,108.171875,108.203125,15840.0
2025-01-16 03:45:00,108.203125,108.21875,108.171875,108.1875,11997.0
2025-01-16 04:00:00,108.1875,108.203125,108.171875,108.203125,9517.0
2025-01-16 04:15:00,108.171875,108.203125,108.15625,108.171875,11559.0
2025-01-16 04:30:00,108.171875,108.1875,108.15625,108.15625,8719.0
2025-01-16 04:45:00,108.21875,108.25,108.171875,108.1875,13074.0
2025-01-16 05:00:00,108.21875,108.234375,108.203125,108.21875,10157.0
2025-01-16 05:15:00,108.234375,108.234375,108.203125,108.21875,3748.0
2025-01-16 05:30:00,108.25,108.265625,108.234375,108.25,5398.0
2025-01-16 05:45:00,108.265625,108.265625,108.234375,108.25,5425.0
2025-01-16 06:00:00,108.203125,108.265625,108.203125,108.25,7524.0
2025-01-16 06:15:00,108.21875,108.25,108.203125,108.203125,5970.0
2025-01-16 06:30:00,108.1875,108.234375,108.1875,108.21875,11805.0
2025-01-16 06:45:00,108.203125,108.21875,108.171875,108.1875,12516.0
2025-01-16 07:00:00,108.140625,108.21875,108.140625,108.203125,16114.0
2025-01-16 07:15:00,108.109375,108.171875,108.09375,108.140625,27174.0
2025-01-16 07:30:00,108.09375,108.125,108.09375,108.109375,13604.0
2025-01-16 07:45:00,108.09375,108.109375,108.0625,108.09375,24304.0
2025-01-16 08:00:00,108.078125,108.09375,108.03125,108.078125,35656.0
2025-01-16 08:15:00,108.015625,108.09375,108.0,108.078125,55936.0
2025-01-16 08:30:00,108.203125,108.234375,108.03125,108.09375,160475.0
2025-01-16 08:45:00,108.203125,108.28125,108.171875,108.203125,49876.0
2025-01-16 09:00:00,108.203125,108.234375,108.15625,108.203125,42364.0
2025-01-16 09:15:00,108.21875,108.3125,108.1875,108.203125,68409.0
2025-01-16 09:30:00,108.203125,108.234375,108.171875,108.234375,40093.0
2025-01-16 09:45:00,108.15625,108.21875,108.109375,108.203125,43668.0
2025-01-16 10:00:00,108.296875,108.34375,108.125,108.171875,144548.0
2025-01-16 10:15:00,108.390625,108.453125,108.265625,108.296875,86179.0
2025-01-16 10:30:00,108.453125,108.46875,108.375,108.390625,57807.0
2025-01-16 10:45:00,108.46875,108.46875,108.390625,108.453125,48332.0
2025-01-16 11:00:00,108.59375,108.625,108.453125,108.46875,118208.0
2025-01-16 11:15:00,108.59375,108.625,108.53125,108.578125,84073.0
2025-01-16 11:30:00,108.625,108.65625,108.5625,108.59375,38898.0
2025-01-16 11:45:00,108.578125,108.671875,108.5625,108.640625,49931.0
2025-01-16 12:00:00,108.609375,108.609375,108.53125,108.578125,42184.0
2025-01-16 12:15:00,108.65625,108.65625,108.578125,108.609375,38124.0
2025-01-16 12:30:00,108.609375,108.6875,108.609375,108.65625,44380.0
2025-01-16 12:45:00,108.609375,108.65625,108.59375,108.609375,31974.0
2025-01-16 13:00:00,108.65625,108.65625,108.59375,108.609375,17813.0
2025-01-16 13:15:00,108.609375,108.65625,108.59375,108.65625,12278.0
2025-01-16 13:30:00,108.625,108.640625,108.59375,108.59375,28336.0
2025-01-16 13:45:00,108.640625,108.671875,108.609375,108.640625,33888.0
2025-01-16 14:00:00,108.671875,108.71875,108.640625,108.640625,37615.0
2025-01-16 14:15:00,108.71875,108.75,108.671875,108.671875,58057.0
2025-01-16 14:30:00,108.703125,108.734375,108.6875,108.71875,28345.0
2025-01-16 14:45:00,108.609375,108.703125,108.59375,108.6875,119679.0
2025-01-16 15:00:00,108.59375,108.640625,108.59375,108.609375,50128.0
2025-01-16 15:15:00,108.640625,108.65625,108.59375,108.609375,21278.0
2025-01-16 15:30:00,108.609375,108.640625,108.59375,108.640625,17814.0
2025-01-16 15:45:00,108.59375,108.625,108.578125,108.609375,39995.0
2025-01-16 16:00:00,108.578125,108.59375,108.546875,108.59375,30107.0
2025-01-16 16:15:00,108.59375,108.59375,108.5625,108.578125,9523.0
2025-01-16 16:30:00,108.609375,108.609375,108.5625,108.578125,22065.0
2025-01-16 16:45:00,108.59375,108.59375,108.5625,108.59375,5315.0
2025-01-16 18:00:00,108.546875,108.59375,108.53125,108.578125,1801.0
2025-01-16 18:15:00,108.53125,108.5625,108.53125,108.546875,2493.0
2025-01-16 18:30:00,108.546875,108.546875,108.515625,108.546875,3459.0
2025-01-16 18:45:00,108.53125,108.546875,108.515625,108.53125,2255.0
2025-01-16 19:00:00,108.546875,108.5625,108.53125,108.53125,6507.0
2025-01-16 19:15:00,108.5625,108.59375,108.546875,108.5625,10976.0
2025-01-16 19:30:00,108.5625,108.59375,108.5625,108.578125,1900.0
2025-01-16 19:45:00,108.578125,108.59375,108.5625,108.5625,4623.0
2025-01-16 20:00:00,108.59375,108.609375,108.546875,108.578125,11706.0
2025-01-16 20:15:00,108.59375,108.609375,108.578125,108.609375,2572.0
2025-01-16 20:30:00,108.59375,108.609375,108.578125,108.59375,2163.0
2025-01-16 20:45:00,108.609375,108.609375,108.59375,108.59375,3766.0
2025-01-16 21:00:00,108.5625,108.609375,108.5625,108.59375,3168.0
2025-01-16 21:15:00,108.609375,108.609375,108.578125,108.578125,1441.0
2025-01-16 21:30:00,108.609375,108.609375,108.59375,108.59375,2209.0
2025-01-16 21:45:00,108.59375,108.609375,108.578125,108.609375,2042.0
2025-01-16 22:00:00,108.609375,108.609375,108.59375,108.59375,867.0
2025-01-16 22:15:00,108.59375,108.59375,108.578125,108.59375,3407.0
2025-01-16 22:30:00,108.578125,108.59375,108.578125,108.578125,3438.0
2025-01-16 22:45:00,108.578125,108.59375,108.5625,108.578125,2148.0
2025-01-16 23:00:00,108.578125,108.578125,108.546875,108.5625,5996.0
2025-01-16 23:15:00,108.59375,108.59375,108.5625,108.578125,4711.0
2025-01-16 23:30:00,108.59375,108.609375,108.578125,108.578125,2076.0
2025-01-16 23:45:00,108.59375,108.59375,108.578125,108.59375,1431.0
2025-01-17 00:00:00,108.59375,108.59375,108.578125,108.59375,607.0
2025-01-17 00:15:00,108.5625,108.59375,108.5625,108.578125,1219.0
2025-01-17 00:30:00,108.5625,108.5625,108.546875,108.5625,2319.0
2025-01-17 00:45:00,108.578125,108.578125,108.5625,108.5625,1588.0
2025-01-17 01:00:00,108.578125,108.59375,108.5625,108.578125,6196.0
2025-01-17 01:15:00,108.5625,108.578125,108.546875,108.578125,2889.0
2025-01-17 01:30:00,108.5625,108.578125,108.546875,108.5625,1934.0
2025-01-17 01:45:00,108.5625,108.578125,108.546875,108.5625,2584.0
2025-01-17 02:00:00,108.609375,108.625,108.5625,108.5625,9082.0
2025-01-17 02:15:00,108.546875,108.640625,108.546875,108.609375,9122.0
2025-01-17 02:30:00,108.625,108.625,108.546875,108.546875,5282.0
2025-01-17 02:45:00,108.640625,108.65625,108.59375,108.609375,8872.0
2025-01-17 03:00:00,108.671875,108.703125,108.640625,108.640625,23723.0
2025-01-17 03:15:00,108.640625,108.703125,108.640625,108.671875,12375.0
2025-01-17 03:30:00,108.671875,108.6875,108.640625,108.65625,8270.0
2025-01-17 03:45:00,108.65625,108.671875,108.640625,108.671875,7268.0
2025-01-17 04:00:00,108.6875,108.703125,108.640625,108.640625,9790.0
2025-01-17 04:15:00,108.65625,108.6875,108.640625,108.6875,11114.0
2025-01-17 04:30:00,108.609375,108.65625,108.609375,108.65625,4818.0
2025-01-17 04:45:00,108.625,108.640625,108.59375,108.609375,15240.0
2025-01-17 05:00:00,108.640625,108.640625,108.609375,108.625,4107.0
2025-01-17 05:15:00,108.65625,108.6875,108.640625,108.640625,12208.0
2025-01-17 05:30:00,108.640625,108.671875,108.625,108.65625,5683.0
2025-01-17 05:45:00,108.640625,108.65625,108.625,108.640625,7077.0
2025-01-17 06:00:00,108.65625,108.6875,108.65625,108.65625,9324.0
2025-01-17 06:15:00,108.703125,108.71875,108.671875,108.671875,11946.0
2025-01-17 06:30:00,108.6875,108.734375,108.671875,108.703125,10884.0
2025-01-17 06:45:00,108.734375,108.734375,108.671875,108.6875,6866.0
2025-01-17 07:00:00,108.734375,108.75,108.71875,108.71875,13498.0
2025-01-17 07:15:00,108.78125,108.796875,108.71875,108.75,26692.0
2025-01-17 07:30:00,108.734375,108.796875,108.71875,108.765625,20539.0
2025-01-17 07:45:00,108.75,108.765625,108.71875,108.75,12693.0
2025-01-17 08:00:00,108.84375,108.84375,108.75,108.765625,71989.0
2025-01-17 08:15:00,108.84375,108.859375,108.796875,108.828125,52029.0
2025-01-17 08:30:00,108.8125,108.828125,108.75,108.828125,43587.0
2025-01-17 08:45:00,108.734375,108.8125,108.71875,108.796875,57293.0
2025-01-17 09:00:00,108.703125,108.765625,108.703125,108.734375,33739.0
2025-01-17 09:15:00,108.625,108.71875,108.5625,108.703125,84084.0
2025-01-17 09:30:00,108.5625,108.65625,108.53125,108.609375,61307.0
2025-01-17 09:45:00,108.5625,108.609375,108.53125,108.5625,34163.0
2025-01-17 10:00:00,108.640625,108.640625,108.5625,108.5625,31705.0
2025-01-17 10:15:00,108.6875,108.6875,108.609375,108.640625,37484.0
2025-01-17 10:30:00,108.609375,108.671875,108.59375,108.671875,33140.0
2025-01-17 10:45:00,108.59375,108.625,108.578125,108.609375,21631.0
2025-01-17 11:00:00,108.546875,108.609375,108.546875,108.59375,30169.0
2025-01-17 11:15:00,108.515625,108.5625,108.5,108.546875,31375.0
2025-01-17 11:30:00,108.5,108.546875,108.484375,108.53125,25523.0
2025-01-17 11:45:00,108.46875,108.53125,108.453125,108.5,38576.0
2025-01-17 12:00:00,108.53125,108.53125,108.46875,108.46875,18696.0
2025-01-17 12:15:00,108.53125,108.53125,108.484375,108.515625,13638.0
2025-01-17 12:30:00,108.5625,108.5625,108.53125,108.53125,19544.0
2025-01-17 12:45:00,108.5625,108.59375,108.53125,108.5625,25584.0
2025-01-17 13:00:00,108.609375,108.609375,108.5625,108.578125,18603.0
2025-01-17 13:15:00,108.625,108.640625,108.59375,108.609375,17243.0
2025-01-17 13:30:00,108.578125,108.625,108.5625,108.625,15080.0
2025-01-17 13:45:00,108.5625,108.59375,108.5625,108.578125,8903.0
2025-01-17 14:00:00,108.546875,108.59375,108.546875,108.5625,16618.0
2025-01-17 14:15:00,108.53125,108.5625,108.5,108.546875,28610.0
2025-01-17 14:30:00,108.546875,108.5625,108.515625,108.53125,16376.0
2025-01-17 14:45:00,108.546875,108.5625,108.515625,108.546875,50292.0
2025-01-17 15:00:00,108.53125,108.59375,108.53125,108.546875,41400.0
2025-01-17 15:15:00,108.546875,108.578125,108.53125,108.53125,15918.0
2025-01-17 15:30:00,108.546875,108.5625,108.53125,108.546875,13828.0
2025-01-17 15:45:00,108.53125,108.546875,108.515625,108.53125,25552.0
2025-01-17 16:00:00,108.484375,108.546875,108.46875,108.546875,26007.0
2025-01-17 16:15:00,108.46875,108.5,108.453125,108.5,12960.0
2025-01-17 16:30:00,108.46875,108.484375,108.453125,108.46875,12041.0
2025-01-17 16:45:00,108.40625,108.46875,108.40625,108.46875,33214.0
2025-01-19 18:00:00,108.390625,108.4375,108.375,108.4375,6220.0
2025-01-19 18:15:00,108.40625,108.40625,108.359375,108.390625,5207.0
2025-01-19 18:30:00,108.40625,108.421875,108.390625,108.40625,737.0
2025-01-19 18:45:00,108.421875,108.421875,108.40625,108.40625,966.0
2025-01-19 19:00:00,108.4375,108.4375,108.40625,108.421875,1623.0
2025-01-19 19:15:00,108.421875,108.4375,108.40625,108.4375,899.0
2025-01-19 19:30:00,108.40625,108.421875,108.375,108.40625,3107.0
2025-01-19 19:45:00,108.421875,108.421875,108.40625,108.40625,1797.0
2025-01-19 20:00:00,108.4375,108.46875,108.421875,108.421875,3928.0
2025-01-19 20:15:00,108.4375,108.453125,108.40625,108.4375,2845.0
2025-01-19 20:30:00,108.40625,108.4375,108.390625,108.4375,1432.0
2025-01-19 20:45:00,108.4375,108.4375,108.390625,108.40625,4231.0
2025-01-19 21:00:00,108.4375,108.453125,108.421875,108.4375,1960.0
2025-01-19 21:15:00,108.421875,108.4375,108.421875,108.4375,174.0
2025-01-19 21:30:00,108.4375,108.453125,108.421875,108.4375,1104.0
2025-01-19 21:45:00,108.46875,108.46875,108.4375,108.4375,2568.0
2025-01-19 22:00:00,108.46875,108.484375,108.453125,108.453125,754.0
2025-01-19 22:15:00,108.46875,108.484375,108.46875,108.46875,642.0
2025-01-19 22:30:00,108.484375,108.5,108.484375,108.484375,1980.0
2025-01-19 22:45:00,108.484375,108.484375,108.46875,108.46875,74.0
2025-01-19 23:00:00,108.484375,108.5,108.484375,108.484375,885.0
2025-01-19 23:15:00,108.453125,108.484375,108.453125,108.484375,1776.0
2025-01-19 23:30:00,108.453125,108.453125,108.4375,108.453125,294.0
2025-01-19 23:45:00,108.46875,108.46875,108.453125,108.453125,947.0
2025-01-20 00:00:00,108.484375,108.5,108.46875,108.46875,2648.0
2025-01-20 00:15:00,108.484375,108.484375,108.484375,108.484375,726.0
2025-01-20 00:45:00,108.46875,108.484375,108.453125,108.484375,948.0
2025-01-20 01:00:00,108.4375,108.46875,108.421875,108.46875,5573.0
2025-01-20 01:15:00,108.4375,108.453125,108.4375,108.4375,3486.0
2025-01-20 01:30:00,108.4375,108.453125,108.4375,108.453125,848.0
2025-01-20 01:45:00,108.421875,108.453125,108.421875,108.4375,4394.0
2025-01-20 02:00:00,108.421875,108.453125,108.40625,108.421875,5735.0
2025-01-20 02:15:00,108.4375,108.453125,108.40625,108.421875,4408.0
2025-01-20 02:30:00,108.484375,108.484375,108.4375,108.4375,4662.0
2025-01-20 02:45:00,108.46875,108.5,108.46875,108.484375,6399.0
2025-01-20 03:00:00,108.40625,108.484375,108.40625,108.46875,13471.0
2025-01-20 03:15:00,108.375,108.421875,108.375,108.40625,5086.0
2025-01-20 03:30:00,108.421875,108.453125,108.359375,108.375,9609.0
2025-01-20 03:45:00,108.40625,108.421875,108.390625,108.421875,4927.0
2025-01-20 04:00:00,108.34375,108.40625,108.34375,108.40625,4741.0
2025-01-20 04:15:00,108.359375,108.375,108.34375,108.359375,2944.0
2025-01-20 04:30:00,108.359375,108.375,108.34375,108.359375,1807.0
2025-01-20 04:45:00,108.359375,108.375,108.34375,108.359375,2984.0
2025-01-20 05:00:00,108.359375,108.359375,108.3125,108.359375,8528.0
2025-01-20 05:15:00,108.359375,108.390625,108.34375,108.359375,9080.0
2025-01-20 05:30:00,108.34375,108.390625,108.34375,108.359375,5673.0
2025-01-20 05:45:00,108.359375,108.375,108.34375,108.34375,4479.0
2025-01-20 06:00:00,108.359375,108.375,108.34375,108.375,2299.0
2025-01-20 06:15:00,108.390625,108.390625,108.359375,108.375,2620.0
2025-01-20 06:30:00,108.359375,108.390625,108.34375,108.390625,3174.0
2025-01-20 06:45:00,108.34375,108.359375,108.34375,108.359375,6329.0
2025-01-20 07:00:00,108.328125,108.359375,108.3125,108.34375,6652.0
2025-01-20 07:15:00,108.28125,108.3125,108.265625,108.3125,11686.0
2025-01-20 07:30:00,108.28125,108.296875,108.265625,108.28125,4896.0
2025-01-20 07:45:00,108.296875,108.3125,108.28125,108.296875,3918.0
2025-01-20 08:00:00,108.3125,108.328125,108.28125,108.296875,6313.0
2025-01-20 08:15:00,108.28125,108.328125,108.28125,108.3125,3859.0
2025-01-20 08:30:00,108.484375,108.5,108.296875,108.3125,54390.0
2025-01-20 08:45:00,108.59375,108.609375,108.46875,108.484375,33095.0
2025-01-20 09:00:00,108.5625,108.609375,108.546875,108.59375,19210.0
2025-01-20 09:15:00,108.625,108.625,108.546875,108.5625,13091.0
2025-01-20 09:30:00,108.75,108.75,108.59375,108.625,26126.0
2025-01-20 09:45:00,108.6875,108.765625,108.671875,108.75,21545.0
2025-01-20 10:00:00,108.65625,108.71875,108.640625,108.6875,13530.0
2025-01-20 10:15:00,108.640625,108.671875,108.640625,108.65625,13413.0
2025-01-20 10:30:00,108.6875,108.6875,108.640625,108.65625,4408.0
2025-01-20 10:45:00,108.71875,108.734375,108.640625,108.6875,13720.0
2025-01-20 11:00:00,108.734375,108.734375,108.6875,108.71875,6581.0
2025-01-20 11:15:00,108.71875,108.734375,108.71875,108.734375,2750.0
2025-01-20 11:30:00,108.71875,108.734375,108.6875,108.734375,5395.0
2025-01-20 11:45:00,108.65625,108.71875,108.65625,108.71875,3914.0
2025-01-20 12:00:00,108.65625,108.671875,108.640625,108.65625,2622.0
2025-01-20 12:15:00,108.65625,108.6875,108.5625,108.640625,28134.0
2025-01-20 12:30:00,108.703125,108.71875,108.65625,108.65625,4027.0
2025-01-20 12:45:00,108.71875,108.734375,108.703125,108.703125,4157.0
2025-01-20 18:00:00,108.78125,108.828125,108.75,108.78125,13607.0
2025-01-20 18:15:00,108.90625,108.96875,108.765625,108.765625,30576.0
2025-01-20 18:30:00,108.90625,108.9375,108.875,108.90625,16701.0
2025-01-20 18:45:00,108.9375,108.984375,108.890625,108.90625,10496.0
2025-01-20 19:00:00,108.984375,109.0,108.9375,108.9375,13107.0
2025-01-20 19:15:00,108.96875,109.0625,108.96875,109.0,19063.0
2025-01-20 19:30:00,109.015625,109.03125,108.953125,108.96875,14664.0
2025-01-20 19:45:00,108.8125,109.046875,108.765625,109.015625,56145.0
2025-01-20 20:00:00,108.90625,108.90625,108.765625,108.828125,31514.0
2025-01-20 20:15:00,109.03125,109.046875,108.890625,108.890625,30136.0
2025-01-20 20:30:00,108.953125,109.03125,108.9375,109.015625,10824.0
2025-01-20 20:45:00,108.953125,108.984375,108.921875,108.96875,6372.0
2025-01-20 21:00:00,109.0,109.03125,108.953125,108.953125,7275.0
2025-01-20 21:15:00,109.0,109.03125,108.984375,108.984375,3445.0
2025-01-20 21:30:00,109.015625,109.03125,108.984375,109.015625,5082.0
2025-01-20 21:45:00,109.03125,109.046875,109.0,109.015625,6927.0
2025-01-20 22:00:00,109.078125,109.078125,109.015625,109.03125,6578.0
2025-01-20 22:15:00,109.078125,109.125,109.0625,109.078125,19145.0
2025-01-20 22:30:00,109.0625,109.078125,109.03125,109.078125,3192.0
2025-01-20 22:45:00,109.03125,109.0625,109.03125,109.0625,5928.0
2025-01-20 23:00:00,109.03125,109.046875,109.015625,109.03125,3705.0
2025-01-20 23:15:00,109.0625,109.0625,109.015625,109.03125,3676.0
2025-01-20 23:30:00,109.046875,109.0625,109.03125,109.0625,1736.0
2025-01-20 23:45:00,109.0625,109.0625,109.03125,109.046875,1217.0
2025-01-21 00:00:00,109.0625,109.0625,109.046875,109.046875,2606.0
2025-01-21 00:15:00,109.03125,109.046875,109.015625,109.046875,4983.0
2025-01-21 00:30:00,109.015625,109.03125,109.0,109.015625,1841.0
2025-01-21 00:45:00,108.96875,109.015625,108.953125,109.015625,10360.0
2025-01-21 01:00:00,108.9375,108.96875,108.9375,108.96875,4277.0
2025-01-21 01:15:00,108.9375,108.9375,108.90625,108.9375,7250.0
2025-01-21 01:30:00,108.921875,108.9375,108.921875,108.9375,3527.0
2025-01-21 01:45:00,108.859375,108.953125,108.859375,108.921875,14298.0
2025-01-21 02:00:00,108.921875,108.921875,108.859375,108.859375,10082.0
2025-01-21 02:15:00,108.890625,108.9375,108.859375,108.921875,15851.0
2025-01-21 02:30:00,108.84375,108.953125,108.828125,108.890625,13753.0
2025-01-21 02:45:00,108.8125,108.84375,108.796875,108.84375,13793.0
2025-01-21 03:00:00,108.765625,108.828125,108.75,108.8125,23777.0
2025-01-21 03:15:00,108.796875,108.8125,108.75,108.78125,17226.0
2025-01-21 03:30:00,108.796875,108.828125,108.78125,108.796875,8724.0
2025-01-21 03:45:00,108.75,108.796875,108.75,108.796875,5709.0
2025-01-21 04:00:00,108.78125,108.78125,108.703125,108.765625,15370.0
2025-01-21 04:15:00,108.78125,108.8125,108.765625,108.765625,5117.0
2025-01-21 04:30:00,108.75,108.796875,108.734375,108.765625,13843.0
2025-01-21 04:45:00,108.765625,108.78125,108.734375,108.734375,14675.0
2025-01-21 05:00:00,108.796875,108.8125,108.765625,108.78125,5127.0
2025-01-21 05:15:00,108.78125,108.8125,108.765625,108.796875,7174.0
2025-01-21 05:30:00,108.765625,108.78125,108.75,108.78125,6580.0
2025-01-21 05:45:00,108.703125,108.78125,108.6875,108.75,9898.0
2025-01-21 06:00:00,108.6875,108.71875,108.671875,108.703125,6576.0
2025-01-21 06:15:00,108.6875,108.6875,108.640625,108.6719970703125,15152.0
2025-01-21 06:30:00,108.6875,108.703125,108.671875,108.671875,8762.0
2025-01-21 06:45:00,108.65625,108.6875,108.65625,108.671875,7212.0
2025-01-21 07:00:00,108.71875,108.734375,108.65625,108.671875,15247.0
2025-01-21 07:15:00,108.78125,108.796875,108.703125,108.71875,17538.0
2025-01-21 07:30:00,108.75,108.796875,108.734375,108.765625,10664.0
2025-01-21 07:45:00,108.734375,108.765625,108.6875,108.765625,18751.0
2025-01-21 08:00:00,108.78125,108.796875,108.71875,108.734375,25563.0
2025-01-21 08:15:00,108.75,108.796875,108.71875,108.765625,35055.0
2025-01-21 08:30:00,108.828125,108.875,108.765625,108.765625,34933.0
2025-01-21 08:45:00,108.859375,108.875,108.78125,108.84375,41539.0
2025-01-21 09:00:00,108.84375,108.875,108.8125,108.859375,29861.0
2025-01-21 09:15:00,108.8125,108.875,108.8125,108.84375,24220.0
2025-01-21 09:30:00,108.78125,108.828125,108.703125,108.8125,45460.0
2025-01-21 09:45:00,108.71875,108.78125,108.6875,108.78125,36628.0
2025-01-21 10:00:00,108.71875,108.78125,108.6875,108.71875,55580.0
2025-01-21 10:15:00,108.765625,108.796875,108.703125,108.71875,27891.0
2025-01-21 10:30:00,108.859375,108.875,108.765625,108.765625,46567.0
2025-01-21 10:45:00,108.8125,108.890625,108.8125,108.875,35942.0
2025-01-21 11:00:00,108.78125,108.828125,108.75,108.828125,28160.0
2025-01-21 11:15:00,108.796875,108.796875,108.734375,108.78125,19684.0
2025-01-21 11:30:00,108.78125,108.828125,108.734375,108.796875,24546.0
2025-01-21 11:45:00,108.765625,108.796875,108.734375,108.78125,18977.0
2025-01-21 12:00:00,108.71875,108.78125,108.703125,108.75,22671.0
2025-01-21 12:15:00,108.734375,108.75,108.703125,108.71875,14743.0
2025-01-21 12:30:00,108.6875,108.75,108.6875,108.734375,23886.0
2025-01-21 12:45:00,108.65625,108.734375,108.640625,108.703125,28327.0
2025-01-21 13:00:00,108.6875,108.703125,108.640625,108.65625,19477.0
2025-01-21 13:15:00,108.6875,108.71875,108.6875,108.6875,9707.0
2025-01-21 13:30:00,108.75,108.765625,108.6875,108.703125,20212.0
2025-01-21 13:45:00,108.765625,108.765625,108.71875,108.75,14953.0
2025-01-21 14:00:00,108.765625,108.765625,108.71875,108.75,13110.0
2025-01-21 14:15:00,108.75,108.78125,108.734375,108.75,17076.0
2025-01-21 14:30:00,108.71875,108.765625,108.71875,108.734375,19685.0
2025-01-21 14:45:00,108.75,108.765625,108.71875,108.71875,64990.0
2025-01-21 15:00:00,108.75,108.765625,108.703125,108.75,32701.0
2025-01-21 15:15:00,108.78125,108.78125,108.734375,108.75,12132.0
2025-01-21 15:30:00,108.78125,108.796875,108.765625,108.765625,7630.0
2025-01-21 15:45:00,108.828125,108.828125,108.78125,108.796875,23011.0
2025-01-21 16:00:00,108.796875,108.828125,108.78125,108.828125,13099.0
2025-01-21 16:15:00,108.765625,108.796875,108.75,108.796875,24619.0
2025-01-21 16:30:00,108.765625,108.765625,108.734375,108.75,8809.0
2025-01-21 16:45:00,108.71875,108.765625,108.703125,108.765625,7333.0
2025-01-21 18:00:00,108.671875,108.734375,108.671875,108.71875,2635.0
2025-01-21 18:15:00,108.671875,108.6875,108.65625,108.671875,3117.0
2025-01-21 18:30:00,108.6875,108.6875,108.65625,108.671875,2053.0
2025-01-21 18:45:00,108.6875,108.703125,108.671875,108.6875,1237.0
2025-01-21 19:00:00,108.6875,108.71875,108.65625,108.6875,4145.0
2025-01-21 19:15:00,108.625,108.671875,108.609375,108.671875,8084.0
2025-01-21 19:30:00,108.625,108.65625,108.609375,108.609375,5090.0
2025-01-21 19:45:00,108.59375,108.640625,108.59375,108.625,8845.0
2025-01-21 20:00:00,108.609375,108.625,108.59375,108.609375,3215.0
2025-01-21 20:15:00,108.640625,108.640625,108.609375,108.625,3136.0
2025-01-21 20:30:00,108.625,108.65625,108.609375,108.625,3036.0
2025-01-21 20:45:00,108.625,108.640625,108.609375,108.625,5019.0
2025-01-21 21:00:00,108.65625,108.65625,108.640625,108.640625,2995.0
2025-01-21 21:15:00,108.65625,108.671875,108.640625,108.65625,4268.0
2025-01-21 21:30:00,108.65625,108.65625,108.640625,108.65625,1330.0
2025-01-21 21:45:00,108.625,108.65625,108.625,108.640625,1338.0
2025-01-21 22:00:00,108.625,108.65625,108.625,108.640625,1667.0
2025-01-21 22:15:00,108.625,108.640625,108.609375,108.609375,1898.0
2025-01-21 22:30:00,108.59375,108.625,108.59375,108.625,1335.0
2025-01-21 22:45:00,108.609375,108.625,108.59375,108.609375,5904.0
2025-01-21 23:00:00,108.625,108.640625,108.59375,108.609375,3113.0
2025-01-21 23:15:00,108.640625,108.65625,108.625,108.640625,1651.0
2025-01-21 23:30:00,108.640625,108.640625,108.625,108.640625,499.0
2025-01-21 23:45:00,108.65625,108.65625,108.640625,108.640625,1754.0
2025-01-22 00:00:00,108.65625,108.671875,108.640625,108.65625,2285.0
2025-01-22 00:15:00,108.640625,108.671875,108.640625,108.671875,2676.0
2025-01-22 00:30:00,108.671875,108.671875,108.65625,108.65625,883.0
2025-01-22 00:45:00,108.65625,108.671875,108.65625,108.65625,4118.0
2025-01-22 01:00:00,108.6875,108.6875,108.671875,108.671875,1386.0
2025-01-22 01:15:00,108.703125,108.703125,108.6875,108.6875,3282.0
2025-01-22 01:30:00,108.703125,108.71875,108.6875,108.703125,4304.0
2025-01-22 01:45:00,108.703125,108.71875,108.6875,108.703125,4961.0
2025-01-22 02:00:00,108.6875,108.71875,108.6875,108.71875,4579.0
2025-01-22 02:15:00,108.65625,108.6875,108.640625,108.6875,4832.0
2025-01-22 02:30:00,108.703125,108.71875,108.640625,108.65625,7664.0
2025-01-22 02:45:00,108.65625,108.6875,108.640625,108.6875,10086.0
2025-01-22 03:00:00,108.6875,108.703125,108.640625,108.65625,16312.0
2025-01-22 03:15:00,108.734375,108.734375,108.65625,108.6875,9762.0
2025-01-22 03:30:00,108.828125,108.875,108.703125,108.734375,33423.0
2025-01-22 03:45:00,108.8125,108.84375,108.796875,108.84375,12389.0
2025-01-22 04:00:00,108.796875,108.8125,108.765625,108.8125,14302.0
2025-01-22 04:15:00,108.828125,108.828125,108.765625,108.78125,11368.0
2025-01-22 04:30:00,108.828125,108.84375,108.8125,108.828125,12271.0
2025-01-22 04:45:00,108.8125,108.828125,108.796875,108.828125,5555.0
2025-01-22 05:00:00,108.78125,108.8125,108.765625,108.796875,11015.0
2025-01-22 05:15:00,108.78125,108.796875,108.765625,108.78125,5294.0
2025-01-22 05:30:00,108.78125,108.796875,108.765625,108.78125,5239.0
2025-01-22 05:45:00,108.765625,108.78125,108.75,108.765625,5964.0
2025-01-22 06:00:00,108.796875,108.796875,108.765625,108.78125,3974.0
2025-01-22 06:15:00,108.765625,108.76599884033203,108.734375,108.76599884033203,9193.0
2025-01-22 06:30:00,108.75,108.765625,108.734375,108.765625,6514.0
2025-01-22 06:45:00,108.71875,108.765625,108.71875,108.734375,6205.0
2025-01-22 07:00:00,108.703125,108.734375,108.6875,108.71875,8136.0
2025-01-22 07:15:00,108.671875,108.71875,108.671875,108.703125,10314.0
2025-01-22 07:30:00,108.75,108.765625,108.671875,108.671875,16352.0
2025-01-22 07:45:00,108.796875,108.796875,108.734375,108.75,19285.0
2025-01-22 08:00:00,108.78125,108.8125,108.75,108.796875,15081.0
2025-01-22 08:15:00,108.75,108.84375,108.75,108.765625,25892.0
2025-01-22 08:30:00,108.78125,108.8125,108.734375,108.734375,18092.0
2025-01-22 08:45:00,108.8125,108.828125,108.765625,108.78125,16507.0
2025-01-22 09:00:00,108.734375,108.84375,108.734375,108.8125,31963.0
2025-01-22 09:15:00,108.765625,108.796875,108.71875,108.75,21477.0
2025-01-22 09:30:00,108.6875,108.765625,108.671875,108.765625,30703.0
2025-01-22 09:45:00,108.6875,108.734375,108.65625,108.671875,34182.0
2025-01-22 10:00:00,108.71875,108.78125,108.671875,108.671875,26487.0
2025-01-22 10:15:00,108.65625,108.734375,108.625,108.734375,38485.0
2025-01-22 10:30:00,108.625,108.671875,108.625,108.65625,22138.0
2025-01-22 10:45:00,108.578125,108.65625,108.5625,108.625,47679.0
2025-01-22 11:00:00,108.59375,108.640625,108.53125,108.578125,59045.0
2025-01-22 11:15:00,108.546875,108.609375,108.53125,108.59375,24073.0
2025-01-22 11:30:00,108.5625,108.59375,108.53125,108.546875,25777.0
2025-01-22 11:45:00,108.515625,108.5625,108.5,108.5625,30032.0
2025-01-22 12:00:00,108.515625,108.5625,108.5,108.515625,44107.0
2025-01-22 12:15:00,108.46875,108.53125,108.453125,108.515625,38643.0
2025-01-22 12:30:00,108.46875,108.484375,108.4375,108.46875,27065.0
2025-01-22 12:45:00,108.46875,108.5,108.453125,108.46875,29238.0
2025-01-22 13:00:00,108.484375,108.53125,108.46875,108.46875,38114.0
2025-01-22 13:15:00,108.5,108.53125,108.484375,108.5,25613.0
2025-01-22 13:30:00,108.515625,108.53125,108.484375,108.5,11374.0
2025-01-22 13:45:00,108.515625,108.53125,108.484375,108.515625,12584.0
2025-01-22 14:00:00,108.53125,108.5625,108.515625,108.515625,19158.0
2025-01-22 14:15:00,108.546875,108.546875,108.515625,108.546875,10638.0
2025-01-22 14:30:00,108.53125,108.5625,108.515625,108.546875,19403.0
2025-01-22 14:45:00,108.546875,108.578125,108.515625,108.53125,88481.0
2025-01-22 15:00:00,108.625,108.640625,108.546875,108.5625,50088.0
2025-01-22 15:15:00,108.5625,108.640625,108.5625,108.625,18623.0
2025-01-22 15:30:00,108.546875,108.59375,108.546875,108.5625,21248.0
2025-01-22 15:45:00,108.546875,108.578125,108.53125,108.5625,27690.0
2025-01-22 16:00:00,108.515625,108.5625,108.5,108.546875,22682.0
2025-01-22 16:15:00,108.5,108.515625,108.484375,108.5,14862.0
2025-01-22 16:30:00,108.484375,108.5,108.46875,108.5,14956.0
2025-01-22 16:45:00,108.484375,108.5,108.46875,108.46875,15391.0
2025-01-22 18:00:00,108.53125,108.53125,108.46875,108.484375,720.0
2025-01-22 18:15:00,108.5,108.515625,108.5,108.515625,2263.0
2025-01-22 18:30:00,108.5,108.515625,108.484375,108.5,1326.0
2025-01-22 18:45:00,108.53125,108.53125,108.484375,108.5,1876.0
2025-01-22 19:00:00,108.515625,108.53125,108.5,108.53125,1490.0
2025-01-22 19:15:00,108.5,108.53125,108.5,108.53125,1967.0
2025-01-22 19:30:00,108.546875,108.546875,108.5,108.5,2618.0
2025-01-22 19:45:00,108.546875,108.546875,108.53125,108.546875,928.0
2025-01-22 20:00:00,108.515625,108.546875,108.515625,108.546875,7771.0
2025-01-22 20:15:00,108.53125,108.546875,108.515625,108.53125,1870.0
2025-01-22 20:30:00,108.53125,108.53125,108.515625,108.53125,509.0
2025-01-22 20:45:00,108.515625,108.53125,108.5,108.515625,3584.0
2025-01-22 21:00:00,108.515625,108.53125,108.5,108.5,1678.0
2025-01-22 21:15:00,108.53125,108.53125,108.5,108.515625,916.0
2025-01-22 21:30:00,108.546875,108.546875,108.515625,108.53125,627.0
2025-01-22 21:45:00,108.546875,108.546875,108.53125,108.53125,1423.0
2025-01-22 22:00:00,108.515625,108.546875,108.515625,108.546875,2055.0
2025-01-22 22:15:00,108.546875,108.546875,108.515625,108.515625,2227.0
2025-01-22 22:30:00,108.546875,108.546875,108.515625,108.53125,1026.0
2025-01-22 22:45:00,108.546875,108.546875,108.53125,108.546875,651.0
2025-01-22 23:00:00,108.5625,108.5625,108.546875,108.546875,1669.0
2025-01-22 23:15:00,108.546875,108.5625,108.546875,108.546875,361.0
2025-01-22 23:30:00,108.546875,108.5625,108.53125,108.546875,3097.0
2025-01-22 23:45:00,108.546875,108.5625,108.53125,108.546875,840.0
2025-01-23 00:00:00,108.53125,108.546875,108.53125,108.546875,1294.0
2025-01-23 00:15:00,108.53125,108.53125,108.515625,108.53125,1779.0
2025-01-23 00:30:00,108.515625,108.53125,108.515625,108.53125,516.0
2025-01-23 00:45:00,108.53125,108.53125,108.515625,108.53125,2351.0
2025-01-23 01:00:00,108.546875,108.5625,108.515625,108.515625,2050.0
2025-01-23 01:15:00,108.53125,108.5625,108.53125,108.546875,513.0
2025-01-23 01:30:00,108.546875,108.546875,108.53125,108.53125,197.0
2025-01-23 01:45:00,108.5625,108.5625,108.546875,108.546875,3673.0
2025-01-23 02:00:00,108.59375,108.59375,108.53125,108.5625,5483.0
2025-01-23 02:15:00,108.59375,108.609375,108.578125,108.59375,5210.0
2025-01-23 02:30:00,108.59375,108.609375,108.578125,108.59375,4940.0
2025-01-23 02:45:00,108.578125,108.609375,108.578125,108.59375,5939.0
2025-01-23 03:00:00,108.546875,108.578125,108.546875,108.578125,8194.0
2025-01-23 03:15:00,108.546875,108.578125,108.53125,108.5625,8196.0
2025-01-23 03:30:00,108.53125,108.546875,108.5,108.53125,13907.0
2025-01-23 03:45:00,108.515625,108.546875,108.5,108.53125,5205.0
2025-01-23 04:00:00,108.5,108.53125,108.484375,108.515625,5124.0
2025-01-23 04:15:00,108.4375,108.46875,108.421875,108.4530029296875,19907.0
2025-01-23 04:30:00,108.4375,108.453125,108.40625,108.4375,12655.0
2025-01-23 04:45:00,108.4375,108.453125,108.40625,108.4375,16603.0
2025-01-23 05:00:00,108.453125,108.46875,108.4375,108.4375,10143.0
2025-01-23 05:15:00,108.390625,108.46875,108.375,108.4375,18077.0
2025-01-23 05:30:00,108.375,108.40625,108.359375,108.390625,15170.0
2025-01-23 05:45:00,108.375,108.390625,108.359375,108.375,8481.0
2025-01-23 06:00:00,108.359375,108.390625,108.359375,108.375,4136.0
2025-01-23 06:15:00,108.34375,108.390625,108.328125,108.359375,21370.0
2025-01-23 06:30:00,108.390625,108.40625,108.328125,108.34375,12585.0
2025-01-23 06:45:00,108.359375,108.40625,108.359375,108.390625,5890.0
2025-01-23 07:00:00,108.296875,108.390625,108.296875,108.359375,22113.0
2025-01-23 07:15:00,108.296875,108.3125,108.296875,108.296875,14562.0
2025-01-23 07:30:00,108.328125,108.34375,108.296875,108.296875,22464.0
2025-01-23 07:45:00,108.28125,108.328125,108.28125,108.328125,14350.0
2025-01-23 08:00:00,108.3125,108.328125,108.265625,108.296875,45375.0
2025-01-23 08:15:00,108.359375,108.375,108.296875,108.3125,36237.0
2025-01-23 08:30:00,108.40625,108.484375,108.328125,108.359375,89391.0
2025-01-23 08:45:00,108.390625,108.4375,108.375,108.421875,35695.0
2025-01-23 09:00:00,108.296875,108.421875,108.296875,108.40625,39438.0
2025-01-23 09:15:00,108.1875,108.34375,108.1875,108.3125,61115.0
2025-01-23 09:30:00,108.328125,108.328125,108.1875,108.203125,41127.0
2025-01-23 09:45:00,108.265625,108.34375,108.25,108.3125,38766.0
2025-01-23 10:00:00,108.328125,108.34375,108.265625,108.265625,27976.0
2025-01-23 10:15:00,108.25,108.34375,108.25,108.328125,33099.0
2025-01-23 10:30:00,108.296875,108.328125,108.25,108.25,34710.0
2025-01-23 10:45:00,108.28125,108.3125,108.25,108.296875,31167.0
2025-01-23 11:00:00,108.34375,108.34375,108.203125,108.28125,74223.0
2025-01-23 11:15:00,108.40625,108.40625,108.28125,108.328125,58142.0
2025-01-23 11:30:00,108.390625,108.421875,108.34375,108.390625,36271.0
2025-01-23 11:45:00,108.3125,108.40625,108.3125,108.390625,40840.0
2025-01-23 12:00:00,108.296875,108.328125,108.25,108.328125,36858.0
2025-01-23 12:15:00,108.3125,108.328125,108.28125,108.296875,20826.0
2025-01-23 12:30:00,108.34375,108.359375,108.3125,108.3125,24656.0
2025-01-23 12:45:00,108.359375,108.390625,108.34375,108.359375,20441.0
2025-01-23 13:00:00,108.359375,108.390625,108.3125,108.359375,26522.0
2025-01-23 13:15:00,108.34375,108.390625,108.328125,108.375,19132.0
2025-01-23 13:30:00,108.328125,108.359375,108.3125,108.34375,12380.0
2025-01-23 13:45:00,108.3125,108.359375,108.296875,108.328125,16790.0
2025-01-23 14:00:00,108.328125,108.328125,108.296875,108.3125,12368.0
2025-01-23 14:15:00,108.375,108.390625,108.3125,108.328125,15910.0
2025-01-23 14:30:00,108.34375,108.390625,108.34375,108.390625,17570.0
2025-01-23 14:45:00,108.359375,108.40625,108.34375,108.34375,57191.0
2025-01-23 15:00:00,108.34375,108.390625,108.328125,108.359375,55805.0
2025-01-23 15:15:00,108.34375,108.375,108.34375,108.359375,19134.0
2025-01-23 15:30:00,108.359375,108.390625,108.34375,108.359375,32669.0
2025-01-23 15:45:00,108.34375,108.359375,108.3125,108.359375,15940.0
2025-01-23 16:00:00,108.34375,108.359375,108.3125,108.328125,14201.0
2025-01-23 16:15:00,108.3125,108.34375,108.296875,108.34375,10611.0
2025-01-23 16:30:00,108.328125,108.34375,108.3125,108.3125,8160.0
2025-01-23 16:45:00,108.3125,108.328125,108.3125,108.3125,5946.0
2025-01-23 18:00:00,108.34375,108.359375,108.296875,108.3125,772.0
2025-01-23 18:15:00,108.359375,108.375,108.34375,108.34375,3274.0
2025-01-23 18:30:00,108.359375,108.359375,108.359375,108.359375,259.0
2025-01-23 18:45:00,108.359375,108.375,108.34375,108.359375,1558.0
2025-01-23 19:00:00,108.375,108.390625,108.359375,108.375,2205.0
2025-01-23 19:15:00,108.375,108.390625,108.359375,108.359375,5949.0
2025-01-23 19:30:00,108.375,108.390625,108.359375,108.375,3736.0
2025-01-23 19:45:00,108.359375,108.390625,108.359375,108.375,1151.0
2025-01-23 20:00:00,108.390625,108.390625,108.359375,108.375,4342.0
2025-01-23 20:15:00,108.40625,108.421875,108.390625,108.390625,3765.0
2025-01-23 20:30:00,108.40625,108.40625,108.390625,108.40625,1949.0
2025-01-23 20:45:00,108.40625,108.421875,108.390625,108.421875,3975.0
2025-01-23 21:00:00,108.4375,108.4375,108.390625,108.40625,6851.0
2025-01-23 21:15:00,108.484375,108.53125,108.4375,108.4375,22302.0
2025-01-23 21:30:00,108.515625,108.515625,108.46875,108.5,9273.0
2025-01-23 21:45:00,108.5,108.515625,108.484375,108.5,910.0
2025-01-23 22:00:00,108.5,108.515625,108.46875,108.5,13285.0
2025-01-23 22:15:00,108.5,108.5,108.484375,108.484375,3769.0
2025-01-23 22:30:00,108.5,108.5,108.46875,108.5,6222.0
2025-01-23 22:45:00,108.5,108.515625,108.484375,108.5,1846.0
2025-01-23 23:00:00,108.484375,108.5,108.484375,108.5,3846.0
2025-01-23 23:15:00,108.453125,108.484375,108.453125,108.484375,4178.0
2025-01-23 23:30:00,108.46875,108.46875,108.453125,108.453125,1387.0
2025-01-23 23:45:00,108.46875,108.46875,108.453125,108.46875,66.0
2025-01-24 00:00:00,108.453125,108.46875,108.453125,108.453125,5115.0
2025-01-24 00:15:00,108.4375,108.453125,108.421875,108.453125,3125.0
2025-01-24 00:30:00,108.453125,108.453125,108.421875,108.4375,3624.0
2025-01-24 00:45:00,108.453125,108.453125,108.421875,108.4375,3451.0
2025-01-24 01:00:00,108.484375,108.5,108.453125,108.453125,2157.0
2025-01-24 01:15:00,108.5,108.53125,108.484375,108.484375,5271.0
2025-01-24 01:30:00,108.5,108.515625,108.484375,108.515625,5632.0
2025-01-24 01:45:00,108.515625,108.515625,108.5,108.5,4299.0
2025-01-24 02:00:00,108.53125,108.53125,108.484375,108.515625,7716.0
2025-01-24 02:15:00,108.5,108.53125,108.5,108.53125,5773.0
2025-01-24 02:30:00,108.484375,108.53125,108.46875,108.5,5483.0
2025-01-24 02:45:00,108.484375,108.5,108.453125,108.484375,4567.0
2025-01-24 03:00:00,108.546875,108.5625,108.46875,108.484375,12466.0
2025-01-24 03:15:00,108.5625,108.59375,108.53125,108.546875,22431.0
2025-01-24 03:30:00,108.484375,108.546875,108.46875,108.515625,38634.0
2025-01-24 03:45:00,108.46875,108.5,108.4375,108.484375,17555.0
2025-01-24 04:00:00,108.5,108.515625,108.453125,108.46875,14011.0
2025-01-24 04:15:00,108.5,108.53125,108.5,108.53099822998047,9468.0
2025-01-24 04:30:00,108.390625,108.515625,108.375,108.5,22549.0
2025-01-24 04:45:00,108.4375,108.4375,108.375,108.390625,12128.0
2025-01-24 05:00:00,108.40625,108.4375,108.40625,108.421875,4728.0
2025-01-24 05:15:00,108.4375,108.4375,108.390625,108.421875,6213.0
2025-01-24 05:30:00,108.4375,108.453125,108.40625,108.421875,9556.0
2025-01-24 05:45:00,108.421875,108.4375,108.421875,108.4375,3508.0
2025-01-24 06:00:00,108.421875,108.453125,108.40625,108.421875,6309.0
2025-01-24 06:15:00,108.40625,108.4219970703125,108.390625,108.4219970703125,15961.0
2025-01-24 06:30:00,108.34375,108.40625,108.34375,108.40625,13671.0
2025-01-24 06:45:00,108.34375,108.375,108.34375,108.34375,5736.0
2025-01-24 07:00:00,108.390625,108.390625,108.34375,108.34375,9462.0
2025-01-24 07:15:00,108.40625,108.421875,108.375,108.390625,7966.0
2025-01-24 07:30:00,108.359375,108.40625,108.34375,108.390625,5485.0
2025-01-24 07:45:00,108.34375,108.375,108.328125,108.34375,14018.0
2025-01-24 08:00:00,108.359375,108.359375,108.328125,108.34375,14241.0
2025-01-24 08:15:00,108.40625,108.40625,108.34375,108.34375,15962.0
2025-01-24 08:30:00,108.375,108.40625,108.359375,108.390625,23328.0
2025-01-24 08:45:00,108.390625,108.390625,108.34375,108.375,19713.0
2025-01-24 09:00:00,108.328125,108.390625,108.3125,108.390625,33757.0
2025-01-24 09:15:00,108.3125,108.375,108.28125,108.328125,44138.0
2025-01-24 09:30:00,108.265625,108.3125,108.234375,108.3125,34536.0
2025-01-24 09:45:00,108.34375,108.453125,108.265625,108.296875,96911.0
2025-01-24 10:00:00,108.46875,108.484375,108.328125,108.359375,60528.0
2025-01-24 10:15:00,108.46875,108.5,108.421875,108.484375,46023.0
2025-01-24 10:30:00,108.46875,108.515625,108.453125,108.46875,50694.0
2025-01-24 10:45:00,108.609375,108.65625,108.484375,108.484375,99991.0
2025-01-24 11:00:00,108.578125,108.625,108.546875,108.609375,70420.0
2025-01-24 11:15:00,108.578125,108.578125,108.546875,108.578125,22297.0
2025-01-24 11:30:00,108.546875,108.578125,108.546875,108.578125,27532.0
2025-01-24 11:45:00,108.5625,108.578125,108.515625,108.5625,24224.0
2025-01-24 12:00:00,108.578125,108.609375,108.546875,108.5625,24936.0
2025-01-24 12:15:00,108.546875,108.59375,108.53125,108.578125,17077.0
2025-01-24 12:30:00,108.53125,108.5625,108.515625,108.546875,16714.0
2025-01-24 12:45:00,108.5,108.546875,108.484375,108.53125,18345.0
2025-01-24 13:00:00,108.515625,108.515625,108.46875,108.5,19089.0
2025-01-24 13:15:00,108.46875,108.515625,108.453125,108.515625,37349.0
2025-01-24 13:30:00,108.453125,108.484375,108.453125,108.484375,22943.0
2025-01-24 13:45:00,108.4375,108.46875,108.421875,108.453125,24324.0
2025-01-24 14:00:00,108.453125,108.46875,108.4375,108.453125,17668.0
2025-01-24 14:15:00,108.46875,108.484375,108.453125,108.453125,10541.0
2025-01-24 14:30:00,108.484375,108.5,108.453125,108.484375,13981.0
2025-01-24 14:45:00,108.484375,108.515625,108.453125,108.484375,74235.0
2025-01-24 15:00:00,108.46875,108.484375,108.4375,108.484375,26182.0
2025-01-24 15:15:00,108.46875,108.484375,108.4375,108.453125,11179.0
2025-01-24 15:30:00,108.453125,108.46875,108.4375,108.46875,16133.0
2025-01-24 15:45:00,108.515625,108.515625,108.4375,108.453125,35433.0
2025-01-24 16:00:00,108.515625,108.515625,108.484375,108.515625,28123.0
2025-01-24 16:15:00,108.515625,108.515625,108.5,108.515625,7513.0
2025-01-24 16:30:00,108.515625,108.515625,108.5,108.515625,11326.0
2025-01-24 16:45:00,108.5,108.515625,108.484375,108.515625,20435.0
2025-01-26 18:00:00,108.625,108.625,108.5,108.515625,17209.0
2025-01-26 18:15:00,108.625,108.640625,108.609375,108.609375,5563.0
2025-01-26 18:30:00,108.609375,108.640625,108.609375,108.625,5118.0
2025-01-26 18:45:00,108.609375,108.625,108.609375,108.609375,3395.0
2025-01-26 19:00:00,108.59375,108.625,108.59375,108.609375,5005.0
2025-01-26 19:15:00,108.609375,108.640625,108.59375,108.609375,8872.0
2025-01-26 19:30:00,108.640625,108.65625,108.59375,108.625,7062.0
2025-01-26 19:45:00,108.671875,108.671875,108.640625,108.65625,6004.0
2025-01-26 20:00:00,108.71875,108.71875,108.671875,108.671875,10480.0
2025-01-26 20:15:00,108.6875,108.75,108.6875,108.703125,11840.0
2025-01-26 20:30:00,108.71875,108.71875,108.671875,108.6875,4202.0
2025-01-26 20:45:00,108.75,108.75,108.703125,108.71875,6727.0
2025-01-26 21:00:00,108.71875,108.75,108.703125,108.75,5643.0
2025-01-26 21:15:00,108.6875,108.734375,108.6875,108.71875,2358.0
2025-01-26 21:30:00,108.703125,108.71875,108.6875,108.6875,2583.0
2025-01-26 21:45:00,108.71875,108.734375,108.703125,108.703125,2898.0
2025-01-26 22:00:00,108.703125,108.734375,108.703125,108.734375,2406.0
2025-01-26 22:15:00,108.671875,108.703125,108.65625,108.703125,4932.0
2025-01-26 22:30:00,108.65625,108.703125,108.65625,108.671875,2093.0
2025-01-26 22:45:00,108.65625,108.671875,108.65625,108.65625,1904.0
2025-01-26 23:00:00,108.671875,108.671875,108.65625,108.65625,17.0
